entry_index	manifest_line	module_group	path	source_state	source	target	decision	rationale
236	1722	onboarding	crates/onboarding/src/lib.rs	target-and-source-present	Warp Drive	Warp Drive	intentional-preserve-product-provider-term	Glossary/product/provider term is intentionally preserved.
306	2212	other-reviewed	app/src/app_menus.rs	target-and-source-present	Drive	Drive	intentional-preserve-short-token-or-label	Short product label, token, or non-sentence text preserved.
428	3068	workspace	app/src/workspace/view.rs	target-and-source-present	Agent	Agent	intentional-preserve-product-provider-term	Glossary/product/provider term is intentionally preserved.
453	3243	workspace	app/src/workspace/view.rs	target-and-source-present	Slack	Slack	intentional-preserve-product-provider-term	Glossary/product/provider term is intentionally preserved.
499	3565	workspace	app/src/workspace/view.rs	target-and-source-present	Warp Essentials	Warp Essentials	intentional-preserve-product-provider-term	Glossary/product/provider term is intentionally preserved.
1215	8598	settings	app/src/settings_view/warpify_page.rs	target-and-source-present	SSH Warpification	SSH Warpification	intentional-preserve-command-code-token	Command, placeholder, code, path, format, endpoint, or protocol token should remain stable.
1226	8675	settings	app/src/settings_view/warpify_page.rs	target-and-source-present	Warpify	Warpify	intentional-preserve-product-provider-term	Glossary/product/provider term is intentionally preserved.
1294	9151	settings	app/src/settings_view/ai_page.rs	target-and-source-present	Warp Agent	Warp Agent	intentional-preserve-product-provider-term	Glossary/product/provider term is intentionally preserved.
1397	9872	settings	app/src/settings_view/ai_page.rs	target-and-source-present	Cloud Handoff	Cloud Handoff	intentional-preserve-short-token-or-label	Short product label, token, or non-sentence text preserved.
1684	11881	settings	app/src/settings_view/platform_page.rs	target-and-source-present	Agent	Agent	intentional-preserve-product-provider-term	Glossary/product/provider term is intentionally preserved.
1698	11979	settings	app/src/settings_view/platform/create_api_key_modal.rs	target-and-source-present	Agent	Agent	intentional-preserve-product-provider-term	Glossary/product/provider term is intentionally preserved.
2001	14100	other-reviewed	app/src/tab_configs/session_config.rs	target-and-source-present	Worktree	Worktree	intentional-preserve-product-provider-term	Glossary/product/provider term is intentionally preserved.
2219	15626	ai-agent	app/src/ai/agent_management/view.rs	target-and-source-present	Agent	Agent	intentional-preserve-product-provider-term	Glossary/product/provider term is intentionally preserved.
2274	16011	ai-agent	app/src/ai/blocklist/agent_view/agent_input_footer/mod.rs	target-and-source-present	Rich Input	Rich Input	intentional-preserve-short-token-or-label	Short product label, token, or non-sentence text preserved.
2710	19244	settings	app/src/settings_view/features_page.rs	target-and-source-present	ToggleCopyOnSelect	ToggleCopyOnSelect	intentional-preserve-telemetry-feature-id	CamelCase action, telemetry, feature, or enum identifier should not be localized.
2711	19250	settings	app/src/settings_view/features_page.rs	target-and-source-present	ToggleOpenLinksInDesktopApp	ToggleOpenLinksInDesktopApp	intentional-preserve-telemetry-feature-id	CamelCase action, telemetry, feature, or enum identifier should not be localized.
2712	19256	settings	app/src/settings_view/features_page.rs	target-and-source-present	ToggleSnackbar	ToggleSnackbar	intentional-preserve-telemetry-feature-id	CamelCase action, telemetry, feature, or enum identifier should not be localized.
2713	19262	settings	app/src/settings_view/features_page.rs	target-and-source-present	ToggleGlobalWorkflowsInUniversalSearch	ToggleGlobalWorkflowsInUniversalSearch	intentional-preserve-telemetry-feature-id	CamelCase action, telemetry, feature, or enum identifier should not be localized.
2714	19268	settings	app/src/settings_view/features_page.rs	target-and-source-present	ToggleNotifications	ToggleNotifications	intentional-preserve-telemetry-feature-id	CamelCase action, telemetry, feature, or enum identifier should not be localized.
2715	19274	settings	app/src/settings_view/features_page.rs	target-and-source-present	ToggleAutocompleteSymbols	ToggleAutocompleteSymbols	intentional-preserve-telemetry-feature-id	CamelCase action, telemetry, feature, or enum identifier should not be localized.
2716	19280	settings	app/src/settings_view/features_page.rs	target-and-source-present	ToggleSshWrapper	ToggleSshWrapper	intentional-preserve-telemetry-feature-id	CamelCase action, telemetry, feature, or enum identifier should not be localized.
2717	19286	settings	app/src/settings_view/features_page.rs	target-and-source-present	SetGlobalHotkeyMode	SetGlobalHotkeyMode	intentional-preserve-telemetry-feature-id	CamelCase action, telemetry, feature, or enum identifier should not be localized.
2718	19292	settings	app/src/settings_view/features_page.rs	target-and-source-present	ToggleLinkTooltip	ToggleLinkTooltip	intentional-preserve-telemetry-feature-id	CamelCase action, telemetry, feature, or enum identifier should not be localized.
2719	19298	settings	app/src/settings_view/features_page.rs	target-and-source-present	ToggleCompletionsOpenWhileTyping	ToggleCompletionsOpenWhileTyping	intentional-preserve-telemetry-feature-id	CamelCase action, telemetry, feature, or enum identifier should not be localized.
2720	19304	settings	app/src/settings_view/features_page.rs	target-and-source-present	ToggleCommandCorrections	ToggleCommandCorrections	intentional-preserve-telemetry-feature-id	CamelCase action, telemetry, feature, or enum identifier should not be localized.
2721	19310	settings	app/src/settings_view/features_page.rs	target-and-source-present	ToggleErrorUnderlining	ToggleErrorUnderlining	intentional-preserve-telemetry-feature-id	CamelCase action, telemetry, feature, or enum identifier should not be localized.
2722	19316	settings	app/src/settings_view/features_page.rs	target-and-source-present	ToggleSyntaxHighlighting	ToggleSyntaxHighlighting	intentional-preserve-telemetry-feature-id	CamelCase action, telemetry, feature, or enum identifier should not be localized.
2723	19322	settings	app/src/settings_view/features_page.rs	target-and-source-present	ToggleAliasExpansion	ToggleAliasExpansion	intentional-preserve-telemetry-feature-id	CamelCase action, telemetry, feature, or enum identifier should not be localized.
2724	19328	settings	app/src/settings_view/features_page.rs	target-and-source-present	ToggleMiddleClickPaste	ToggleMiddleClickPaste	intentional-preserve-telemetry-feature-id	CamelCase action, telemetry, feature, or enum identifier should not be localized.
2725	19334	settings	app/src/settings_view/features_page.rs	target-and-source-present	ToggleCodeAsDefaultEditor	ToggleCodeAsDefaultEditor	intentional-preserve-telemetry-feature-id	CamelCase action, telemetry, feature, or enum identifier should not be localized.
2726	19340	settings	app/src/settings_view/features_page.rs	target-and-source-present	ToggleShowInputHintText	ToggleShowInputHintText	intentional-preserve-telemetry-feature-id	CamelCase action, telemetry, feature, or enum identifier should not be localized.
2727	19346	settings	app/src/settings_view/features_page.rs	target-and-source-present	ToggleShowTerminalInputMessageLine	ToggleShowTerminalInputMessageLine	intentional-preserve-telemetry-feature-id	CamelCase action, telemetry, feature, or enum identifier should not be localized.
2728	19352	settings	app/src/settings_view/features_page.rs	target-and-source-present	ActivationKeybindEditorClicked	ActivationKeybindEditorClicked	intentional-preserve-telemetry-feature-id	CamelCase action, telemetry, feature, or enum identifier should not be localized.
2729	19358	settings	app/src/settings_view/features_page.rs	target-and-source-present	ActivationKeybindEditorCancel	ActivationKeybindEditorCancel	intentional-preserve-telemetry-feature-id	CamelCase action, telemetry, feature, or enum identifier should not be localized.
2730	19364	settings	app/src/settings_view/features_page.rs	target-and-source-present	ActivationKeybindEditorSave	ActivationKeybindEditorSave	intentional-preserve-telemetry-feature-id	CamelCase action, telemetry, feature, or enum identifier should not be localized.
2731	19370	settings	app/src/settings_view/features_page.rs	target-and-source-present	ActivationKeystrokeDefined	ActivationKeystrokeDefined	intentional-preserve-telemetry-feature-id	CamelCase action, telemetry, feature, or enum identifier should not be localized.
2732	19376	settings	app/src/settings_view/features_page.rs	target-and-source-present	QuakeKeybindEditorClicked	QuakeKeybindEditorClicked	intentional-preserve-telemetry-feature-id	CamelCase action, telemetry, feature, or enum identifier should not be localized.
2733	19382	settings	app/src/settings_view/features_page.rs	target-and-source-present	QuakeKeystrokeDefined	QuakeKeystrokeDefined	intentional-preserve-telemetry-feature-id	CamelCase action, telemetry, feature, or enum identifier should not be localized.
2734	19388	settings	app/src/settings_view/features_page.rs	target-and-source-present	QuakeKeybindEditorCancel	QuakeKeybindEditorCancel	intentional-preserve-telemetry-feature-id	CamelCase action, telemetry, feature, or enum identifier should not be localized.
2735	19394	settings	app/src/settings_view/features_page.rs	target-and-source-present	QuakeKeybindEditorSave	QuakeKeybindEditorSave	intentional-preserve-telemetry-feature-id	CamelCase action, telemetry, feature, or enum identifier should not be localized.
2736	19400	settings	app/src/settings_view/features_page.rs	target-and-source-present	OpenUrl	OpenUrl	intentional-preserve-telemetry-feature-id	CamelCase action, telemetry, feature, or enum identifier should not be localized.
2737	19406	settings	app/src/settings_view/features_page.rs	target-and-source-present	SetExtraMetaKeys	SetExtraMetaKeys	intentional-preserve-telemetry-feature-id	CamelCase action, telemetry, feature, or enum identifier should not be localized.
2738	19412	settings	app/src/settings_view/features_page.rs	target-and-source-present	ToggleLeftMetaKey	ToggleLeftMetaKey	intentional-preserve-telemetry-feature-id	CamelCase action, telemetry, feature, or enum identifier should not be localized.
2739	19418	settings	app/src/settings_view/features_page.rs	target-and-source-present	ToggleRightMetaKey	ToggleRightMetaKey	intentional-preserve-telemetry-feature-id	CamelCase action, telemetry, feature, or enum identifier should not be localized.
2740	19424	settings	app/src/settings_view/features_page.rs	target-and-source-present	ToggleMouseReporting	ToggleMouseReporting	intentional-preserve-telemetry-feature-id	CamelCase action, telemetry, feature, or enum identifier should not be localized.
2741	19430	settings	app/src/settings_view/features_page.rs	target-and-source-present	ToggleScrollReporting	ToggleScrollReporting	intentional-preserve-telemetry-feature-id	CamelCase action, telemetry, feature, or enum identifier should not be localized.
2742	19436	settings	app/src/settings_view/features_page.rs	target-and-source-present	ToggleFocusReporting	ToggleFocusReporting	intentional-preserve-telemetry-feature-id	CamelCase action, telemetry, feature, or enum identifier should not be localized.
2743	19442	settings	app/src/settings_view/features_page.rs	target-and-source-present	QuakeEditorSetPinPosition	QuakeEditorSetPinPosition	intentional-preserve-telemetry-feature-id	CamelCase action, telemetry, feature, or enum identifier should not be localized.
2744	19448	settings	app/src/settings_view/features_page.rs	target-and-source-present	QuakeEditorSetPinScreen	QuakeEditorSetPinScreen	intentional-preserve-telemetry-feature-id	CamelCase action, telemetry, feature, or enum identifier should not be localized.
2745	19454	settings	app/src/settings_view/features_page.rs	target-and-source-present	QuakeEditorResetWidthHeight	QuakeEditorResetWidthHeight	intentional-preserve-telemetry-feature-id	CamelCase action, telemetry, feature, or enum identifier should not be localized.
2746	19460	settings	app/src/settings_view/features_page.rs	target-and-source-present	QuakeEditorSetSizePercentage	QuakeEditorSetSizePercentage	intentional-preserve-telemetry-feature-id	CamelCase action, telemetry, feature, or enum identifier should not be localized.
2747	19466	settings	app/src/settings_view/features_page.rs	target-and-source-present	QuakeEditorTogglePinWindow	QuakeEditorTogglePinWindow	intentional-preserve-telemetry-feature-id	CamelCase action, telemetry, feature, or enum identifier should not be localized.
2748	19472	settings	app/src/settings_view/features_page.rs	target-and-source-present	ToggleLongRunningNotifications	ToggleLongRunningNotifications	intentional-preserve-telemetry-feature-id	CamelCase action, telemetry, feature, or enum identifier should not be localized.
2749	19478	settings	app/src/settings_view/features_page.rs	target-and-source-present	SetLongRunningNotificationThreshold	SetLongRunningNotificationThreshold	intentional-preserve-telemetry-feature-id	CamelCase action, telemetry, feature, or enum identifier should not be localized.
2750	19484	settings	app/src/settings_view/features_page.rs	target-and-source-present	{}s	{}s	intentional-preserve-command-code-token	Command, placeholder, code, path, format, endpoint, or protocol token should remain stable.
2751	19490	settings	app/src/settings_view/features_page.rs	target-and-source-present	TogglePasswordPromptNotifications	TogglePasswordPromptNotifications	intentional-preserve-telemetry-feature-id	CamelCase action, telemetry, feature, or enum identifier should not be localized.
2752	19496	settings	app/src/settings_view/features_page.rs	target-and-source-present	ToggleAgentTaskCompletedNotifications	ToggleAgentTaskCompletedNotifications	intentional-preserve-telemetry-feature-id	CamelCase action, telemetry, feature, or enum identifier should not be localized.
2753	19502	settings	app/src/settings_view/features_page.rs	target-and-source-present	ToggleNeedsAttentionNotifications	ToggleNeedsAttentionNotifications	intentional-preserve-telemetry-feature-id	CamelCase action, telemetry, feature, or enum identifier should not be localized.
2754	19508	settings	app/src/settings_view/features_page.rs	target-and-source-present	ToggleNotificationSound	ToggleNotificationSound	intentional-preserve-telemetry-feature-id	CamelCase action, telemetry, feature, or enum identifier should not be localized.
2755	19514	settings	app/src/settings_view/features_page.rs	target-and-source-present	ToggleShowWarningBeforeQuitting	ToggleShowWarningBeforeQuitting	intentional-preserve-telemetry-feature-id	CamelCase action, telemetry, feature, or enum identifier should not be localized.
2756	19520	settings	app/src/settings_view/features_page.rs	target-and-source-present	ToggleLoginItem	ToggleLoginItem	intentional-preserve-telemetry-feature-id	CamelCase action, telemetry, feature, or enum identifier should not be localized.
2757	19526	settings	app/src/settings_view/features_page.rs	target-and-source-present	ToggleQuitOnLastWindowClosed	ToggleQuitOnLastWindowClosed	intentional-preserve-telemetry-feature-id	CamelCase action, telemetry, feature, or enum identifier should not be localized.
2758	19532	settings	app/src/settings_view/features_page.rs	target-and-source-present	ToggleSmartSelection	ToggleSmartSelection	intentional-preserve-telemetry-feature-id	CamelCase action, telemetry, feature, or enum identifier should not be localized.
2759	19538	settings	app/src/settings_view/features_page.rs	target-and-source-present	SetWordCharAllowlist	SetWordCharAllowlist	intentional-preserve-telemetry-feature-id	CamelCase action, telemetry, feature, or enum identifier should not be localized.
2760	19544	settings	app/src/settings_view/features_page.rs	target-and-source-present	ResetWordCharAllowlist	ResetWordCharAllowlist	intentional-preserve-telemetry-feature-id	CamelCase action, telemetry, feature, or enum identifier should not be localized.
2761	19550	settings	app/src/settings_view/features_page.rs	target-and-source-present	ToggleUseAudibleBell	ToggleUseAudibleBell	intentional-preserve-telemetry-feature-id	CamelCase action, telemetry, feature, or enum identifier should not be localized.
2762	19556	settings	app/src/settings_view/features_page.rs	target-and-source-present	ToggleVimMode	ToggleVimMode	intentional-preserve-telemetry-feature-id	CamelCase action, telemetry, feature, or enum identifier should not be localized.
2763	19562	settings	app/src/settings_view/features_page.rs	target-and-source-present	ToggleVimUnnamedSystemClipboard	ToggleVimUnnamedSystemClipboard	intentional-preserve-telemetry-feature-id	CamelCase action, telemetry, feature, or enum identifier should not be localized.
2764	19568	settings	app/src/settings_view/features_page.rs	target-and-source-present	ToggleVimStatusBar	ToggleVimStatusBar	intentional-preserve-telemetry-feature-id	CamelCase action, telemetry, feature, or enum identifier should not be localized.
2765	19574	settings	app/src/settings_view/features_page.rs	target-and-source-present	SetCodeEditorLineNumberMode	SetCodeEditorLineNumberMode	intentional-preserve-telemetry-feature-id	CamelCase action, telemetry, feature, or enum identifier should not be localized.
2766	19580	settings	app/src/settings_view/features_page.rs	target-and-source-present	SetTabBehavior	SetTabBehavior	intentional-preserve-telemetry-feature-id	CamelCase action, telemetry, feature, or enum identifier should not be localized.
2767	19586	settings	app/src/settings_view/features_page.rs	target-and-source-present	SetCtrlTabBehavior	SetCtrlTabBehavior	intentional-preserve-telemetry-feature-id	CamelCase action, telemetry, feature, or enum identifier should not be localized.
2768	19592	settings	app/src/settings_view/features_page.rs	target-and-source-present	SetNewTabPlacement	SetNewTabPlacement	intentional-preserve-telemetry-feature-id	CamelCase action, telemetry, feature, or enum identifier should not be localized.
2769	19598	settings	app/src/settings_view/features_page.rs	target-and-source-present	SetDefaultSessionMode	SetDefaultSessionMode	intentional-preserve-telemetry-feature-id	CamelCase action, telemetry, feature, or enum identifier should not be localized.
2770	19604	settings	app/src/settings_view/features_page.rs	target-and-source-present	SetDefaultTabConfig	SetDefaultTabConfig	intentional-preserve-telemetry-feature-id	CamelCase action, telemetry, feature, or enum identifier should not be localized.
2771	19610	settings	app/src/settings_view/features_page.rs	target-and-source-present	SearchForKeybinding	SearchForKeybinding	intentional-preserve-telemetry-feature-id	CamelCase action, telemetry, feature, or enum identifier should not be localized.
2772	19616	settings	app/src/settings_view/features_page.rs	target-and-source-present	ToggleAutosuggestions	ToggleAutosuggestions	intentional-preserve-telemetry-feature-id	CamelCase action, telemetry, feature, or enum identifier should not be localized.
2773	19622	settings	app/src/settings_view/features_page.rs	target-and-source-present	ToggleHideAutosuggestionKeybindingHint	ToggleHideAutosuggestionKeybindingHint	intentional-preserve-telemetry-feature-id	CamelCase action, telemetry, feature, or enum identifier should not be localized.
2774	19628	settings	app/src/settings_view/features_page.rs	target-and-source-present	ToggleShowAutosuggestionIgnoreButton	ToggleShowAutosuggestionIgnoreButton	intentional-preserve-telemetry-feature-id	CamelCase action, telemetry, feature, or enum identifier should not be localized.
2775	19634	settings	app/src/settings_view/features_page.rs	target-and-source-present	TogglePreferLowPowerGPU	TogglePreferLowPowerGPU	intentional-preserve-telemetry-feature-id	CamelCase action, telemetry, feature, or enum identifier should not be localized.
2776	19640	settings	app/src/settings_view/features_page.rs	target-and-source-present	SetPreferredGraphicsBackend	SetPreferredGraphicsBackend	intentional-preserve-telemetry-feature-id	CamelCase action, telemetry, feature, or enum identifier should not be localized.
2777	19646	settings	app/src/settings_view/features_page.rs	target-and-source-present	ToggleConfirmCloseSession	ToggleConfirmCloseSession	intentional-preserve-telemetry-feature-id	CamelCase action, telemetry, feature, or enum identifier should not be localized.
2778	19652	settings	app/src/settings_view/features_page.rs	target-and-source-present	ToggleShowTerminalZeroStateBlock	ToggleShowTerminalZeroStateBlock	intentional-preserve-telemetry-feature-id	CamelCase action, telemetry, feature, or enum identifier should not be localized.
2779	19658	settings	app/src/settings_view/features_page.rs	target-and-source-present	ToggleShowChangelogAfterUpdate	ToggleShowChangelogAfterUpdate	intentional-preserve-telemetry-feature-id	CamelCase action, telemetry, feature, or enum identifier should not be localized.
2780	19664	settings	app/src/settings_view/features_page.rs	target-and-source-present	ToggleLinuxClipboardSelection	ToggleLinuxClipboardSelection	intentional-preserve-telemetry-feature-id	CamelCase action, telemetry, feature, or enum identifier should not be localized.
2781	19670	settings	app/src/settings_view/features_page.rs	target-and-source-present	ToggleForceX11	ToggleForceX11	intentional-preserve-telemetry-feature-id	CamelCase action, telemetry, feature, or enum identifier should not be localized.
2782	19676	settings	app/src/settings_view/features_page.rs	target-and-source-present	ToggleAtContextMenuInTerminalMode	ToggleAtContextMenuInTerminalMode	intentional-preserve-telemetry-feature-id	CamelCase action, telemetry, feature, or enum identifier should not be localized.
2783	19682	settings	app/src/settings_view/features_page.rs	target-and-source-present	ToggleSlashCommandsInTerminalMode	ToggleSlashCommandsInTerminalMode	intentional-preserve-telemetry-feature-id	CamelCase action, telemetry, feature, or enum identifier should not be localized.
2784	19688	settings	app/src/settings_view/features_page.rs	target-and-source-present	ToggleOutlineCodebaseSymbolsForAtContextMenu	ToggleOutlineCodebaseSymbolsForAtContextMenu	intentional-preserve-telemetry-feature-id	CamelCase action, telemetry, feature, or enum identifier should not be localized.
2785	19694	settings	app/src/settings_view/features_page.rs	target-and-source-present	MakeWarpDefaultTerminal	MakeWarpDefaultTerminal	intentional-preserve-telemetry-feature-id	CamelCase action, telemetry, feature, or enum identifier should not be localized.
2786	19700	settings	app/src/settings_view/features_page.rs	target-and-source-present	ToggleAutoOpenCodeReviewPane	ToggleAutoOpenCodeReviewPane	intentional-preserve-telemetry-feature-id	CamelCase action, telemetry, feature, or enum identifier should not be localized.
2787	19706	settings	app/src/settings_view/features_page.rs	target-and-source-present	SetNotificationToastDuration	SetNotificationToastDuration	intentional-preserve-telemetry-feature-id	CamelCase action, telemetry, feature, or enum identifier should not be localized.
2788	19712	settings	app/src/settings_view/features_page.rs	target-and-source-present	ToggleAgentInAppNotifications	ToggleAgentInAppNotifications	intentional-preserve-telemetry-feature-id	CamelCase action, telemetry, feature, or enum identifier should not be localized.
2789	19718	settings	app/src/settings_view/features_page.rs	target-and-source-present	ToggleAsyncFind	ToggleAsyncFind	intentional-preserve-telemetry-feature-id	CamelCase action, telemetry, feature, or enum identifier should not be localized.
2790	19724	settings	app/src/settings_view/features_page.rs	target-and-source-present	Could not find current Ctrl-Tab behavior value in dropdown option list	Could not find current Ctrl-Tab behavior value in dropdown option list	intentional-preserve-command-code-token	Command, placeholder, code, path, format, endpoint, or protocol token should remain stable.
2791	19730	settings	app/src/settings_view/features_page.rs	target-and-source-present	Could not find current NewTabPlacement value in dropdown option list	Could not find current NewTabPlacement value in dropdown option list	intentional-preserve-command-code-token	Command, placeholder, code, path, format, endpoint, or protocol token should remain stable.
2792	19736	settings	app/src/settings_view/features_page.rs	target-and-source-present	link open desktop native redirect url intent deep link deeplink	link open desktop native redirect url intent deep link deeplink	intentional-preserve-command-code-token	Command, placeholder, code, path, format, endpoint, or protocol token should remain stable.
2793	19742	settings	app/src/settings_view/features_page.rs	target-and-source-present	restore session window tab pane startup	restore session window tab pane startup	intentional-preserve-command-code-token	Command, placeholder, code, path, format, endpoint, or protocol token should remain stable.
2794	19748	settings	app/src/settings_view/features_page.rs	target-and-source-present	sticky command block header snackbar	sticky command block header snackbar	intentional-preserve-command-code-token	Command, placeholder, code, path, format, endpoint, or protocol token should remain stable.
2795	19754	settings	app/src/settings_view/features_page.rs	target-and-source-present	link tooltip click open	link tooltip click open	intentional-preserve-command-code-token	Command, placeholder, code, path, format, endpoint, or protocol token should remain stable.
2796	19760	settings	app/src/settings_view/features_page.rs	target-and-source-present	editor open files markdown AI conversations layout pane tab	editor open files markdown AI conversations layout pane tab	intentional-preserve-command-code-token	Command, placeholder, code, path, format, endpoint, or protocol token should remain stable.
2797	19766	settings	app/src/settings_view/features_page.rs	target-and-source-present	warning popup modal dialog quit logout log out close	warning popup modal dialog quit logout log out close	intentional-preserve-command-code-token	Command, placeholder, code, path, format, endpoint, or protocol token should remain stable.
2798	19772	settings	app/src/settings_view/features_page.rs	target-and-source-present	login item startup start mac windows app restart automatic	login item startup start mac windows app restart automatic	intentional-preserve-command-code-token	Command, placeholder, code, path, format, endpoint, or protocol token should remain stable.
2799	19778	settings	app/src/settings_view/features_page.rs	target-and-source-present	quit all windows closed	quit all windows closed	intentional-preserve-command-code-token	Command, placeholder, code, path, format, endpoint, or protocol token should remain stable.
2800	19784	settings	app/src/settings_view/features_page.rs	target-and-source-present	changelog updates	changelog updates	intentional-preserve-command-code-token	Command, placeholder, code, path, format, endpoint, or protocol token should remain stable.
2801	19790	settings	app/src/settings_view/features_page.rs	target-and-source-present	mouse scroll wheel multiplier lines	mouse scroll wheel multiplier lines	intentional-preserve-command-code-token	Command, placeholder, code, path, format, endpoint, or protocol token should remain stable.
2802	19796	settings	app/src/settings_view/features_page.rs	target-and-source-present	oz auto open code review pane panel agent mode change first time accepted diff view conversation	oz auto open code review pane panel agent mode change first time accepted diff view conversation	intentional-preserve-command-code-token	Command, placeholder, code, path, format, endpoint, or protocol token should remain stable.
2803	19802	settings	app/src/settings_view/features_page.rs	target-and-source-present	warp default terminal application	warp default terminal application	intentional-preserve-command-code-token	Command, placeholder, code, path, format, endpoint, or protocol token should remain stable.
2804	19808	settings	app/src/settings_view/features_page.rs	target-and-source-present	max block size lines maximum limit memory	max block size lines maximum limit memory	intentional-preserve-command-code-token	Command, placeholder, code, path, format, endpoint, or protocol token should remain stable.
2805	19814	settings	app/src/settings_view/features_page.rs	target-and-source-present	ssh wrapper	ssh wrapper	intentional-preserve-command-code-token	Command, placeholder, code, path, format, endpoint, or protocol token should remain stable.
2806	19820	settings	app/src/settings_view/features_page.rs	target-and-source-present	desktop notifications	desktop notifications	intentional-preserve-command-code-token	Command, placeholder, code, path, format, endpoint, or protocol token should remain stable.
2807	19826	settings	app/src/settings_view/features_page.rs	target-and-source-present	startup shell session	startup shell session	intentional-preserve-command-code-token	Command, placeholder, code, path, format, endpoint, or protocol token should remain stable.
2808	19832	settings	app/src/settings_view/features_page.rs	target-and-source-present	starting working directory pwd session	starting working directory pwd session	intentional-preserve-command-code-token	Command, placeholder, code, path, format, endpoint, or protocol token should remain stable.
2809	19838	settings	app/src/settings_view/features_page.rs	target-and-source-present	reopen restore recover closed tab session	reopen restore recover closed tab session	intentional-preserve-command-code-token	Command, placeholder, code, path, format, endpoint, or protocol token should remain stable.
2810	19844	settings	app/src/settings_view/features_page.rs	target-and-source-present	warning popup modal dialog shared session close	warning popup modal dialog shared session close	intentional-preserve-command-code-token	Command, placeholder, code, path, format, endpoint, or protocol token should remain stable.
2811	19850	settings	app/src/settings_view/features_page.rs	target-and-source-present	extra meta key alt option	extra meta key alt option	intentional-preserve-command-code-token	Command, placeholder, code, path, format, endpoint, or protocol token should remain stable.
2812	19856	settings	app/src/settings_view/features_page.rs	target-and-source-present	global hotkey quake mode keybinding quick terminal	global hotkey quake mode keybinding quick terminal	intentional-preserve-command-code-token	Command, placeholder, code, path, format, endpoint, or protocol token should remain stable.
2813	19862	settings	app/src/settings_view/features_page.rs	target-and-source-present	autocomplete autoclose symbol bracket quote parentheses braces	autocomplete autoclose symbol bracket quote parentheses braces	intentional-preserve-command-code-token	Command, placeholder, code, path, format, endpoint, or protocol token should remain stable.
2814	19868	settings	app/src/settings_view/features_page.rs	target-and-source-present	line number relative line vim gutter code editor	line number relative line vim gutter code editor	intentional-preserve-command-code-token	Command, placeholder, code, path, format, endpoint, or protocol token should remain stable.
2815	19874	settings	app/src/settings_view/features_page.rs	target-and-source-present	error underline editor	error underline editor	intentional-preserve-command-code-token	Command, placeholder, code, path, format, endpoint, or protocol token should remain stable.
2816	19880	settings	app/src/settings_view/features_page.rs	target-and-source-present	syntax highlighting editor	syntax highlighting editor	intentional-preserve-command-code-token	Command, placeholder, code, path, format, endpoint, or protocol token should remain stable.
2817	19886	settings	app/src/settings_view/features_page.rs	target-and-source-present	completions menu type typing	completions menu type typing	intentional-preserve-command-code-token	Command, placeholder, code, path, format, endpoint, or protocol token should remain stable.
2818	19892	settings	app/src/settings_view/features_page.rs	target-and-source-present	suggest command corrections	suggest command corrections	intentional-preserve-command-code-token	Command, placeholder, code, path, format, endpoint, or protocol token should remain stable.
2819	19898	settings	app/src/settings_view/features_page.rs	target-and-source-present	expand alias expansion	expand alias expansion	intentional-preserve-command-code-token	Command, placeholder, code, path, format, endpoint, or protocol token should remain stable.
2820	19904	settings	app/src/settings_view/features_page.rs	target-and-source-present	middle click paste clipboard	middle click paste clipboard	intentional-preserve-command-code-token	Command, placeholder, code, path, format, endpoint, or protocol token should remain stable.
2821	19910	settings	app/src/settings_view/features_page.rs	target-and-source-present	vim mode keybindings	vim mode keybindings	intentional-preserve-command-code-token	Command, placeholder, code, path, format, endpoint, or protocol token should remain stable.
2822	19916	settings	app/src/settings_view/features_page.rs	target-and-source-present	@ at sign context menu terminal mode AI assistant	@ at sign context menu terminal mode AI assistant	intentional-preserve-command-code-token	Command, placeholder, code, path, format, endpoint, or protocol token should remain stable.
2823	19922	settings	app/src/settings_view/features_page.rs	target-and-source-present	slash commands terminal mode input menu	slash commands terminal mode input menu	intentional-preserve-command-code-token	Command, placeholder, code, path, format, endpoint, or protocol token should remain stable.
2824	19928	settings	app/src/settings_view/features_page.rs	target-and-source-present	outline codebase symbols context menu code indexing	outline codebase symbols context menu code indexing	intentional-preserve-command-code-token	Command, placeholder, code, path, format, endpoint, or protocol token should remain stable.
2825	19934	settings	app/src/settings_view/features_page.rs	target-and-source-present	terminal input message line bar agent	terminal input message line bar agent	intentional-preserve-command-code-token	Command, placeholder, code, path, format, endpoint, or protocol token should remain stable.
2826	19940	settings	app/src/settings_view/features_page.rs	target-and-source-present	autosuggestion ignore button hide	autosuggestion ignore button hide	intentional-preserve-command-code-token	Command, placeholder, code, path, format, endpoint, or protocol token should remain stable.
2827	19946	settings	app/src/settings_view/features_page.rs	target-and-source-present	completions autosuggestions tab keybinding arrow accept	completions autosuggestions tab keybinding arrow accept	intentional-preserve-command-code-token	Command, placeholder, code, path, format, endpoint, or protocol token should remain stable.
2828	19952	settings	app/src/settings_view/features_page.rs	target-and-source-present	ctrl tab behavior pane switch session recent	ctrl tab behavior pane switch session recent	intentional-preserve-command-code-token	Command, placeholder, code, path, format, endpoint, or protocol token should remain stable.
2829	19958	settings	app/src/settings_view/features_page.rs	target-and-source-present	audible bell	audible bell	intentional-preserve-command-code-token	Command, placeholder, code, path, format, endpoint, or protocol token should remain stable.
2830	19964	settings	app/src/settings_view/features_page.rs	target-and-source-present	word smart select semantic separator	word smart select semantic separator	intentional-preserve-command-code-token	Command, placeholder, code, path, format, endpoint, or protocol token should remain stable.
2831	19970	settings	app/src/settings_view/features_page.rs	target-and-source-present	zero state new conversation terminal block welcome output first	zero state new conversation terminal block welcome output first	intentional-preserve-command-code-token	Command, placeholder, code, path, format, endpoint, or protocol token should remain stable.
2832	19976	settings	app/src/settings_view/features_page.rs	target-and-source-present	copy on select	copy on select	intentional-preserve-command-code-token	Command, placeholder, code, path, format, endpoint, or protocol token should remain stable.
2833	19982	settings	app/src/settings_view/features_page.rs	target-and-source-present	new tab placement	new tab placement	intentional-preserve-command-code-token	Command, placeholder, code, path, format, endpoint, or protocol token should remain stable.
2834	19988	settings	app/src/settings_view/features_page.rs	target-and-source-present	default session mode agent terminal new pane tab open config	default session mode agent terminal new pane tab open config	intentional-preserve-command-code-token	Command, placeholder, code, path, format, endpoint, or protocol token should remain stable.
2835	19994	settings	app/src/settings_view/features_page.rs	target-and-source-present	global workflows command search	global workflows command search	intentional-preserve-command-code-token	Command, placeholder, code, path, format, endpoint, or protocol token should remain stable.
2836	20000	settings	app/src/settings_view/features_page.rs	target-and-source-present	linux selection clipboard middle click	linux selection clipboard middle click	intentional-preserve-command-code-token	Command, placeholder, code, path, format, endpoint, or protocol token should remain stable.
2837	20006	settings	app/src/settings_view/features_page.rs	target-and-source-present	render integrated discrete gpu graphics	render integrated discrete gpu graphics	intentional-preserve-command-code-token	Command, placeholder, code, path, format, endpoint, or protocol token should remain stable.
2838	20012	settings	app/src/settings_view/features_page.rs	target-and-source-present	wayland x11 window system compositor	wayland x11 window system compositor	intentional-preserve-command-code-token	Command, placeholder, code, path, format, endpoint, or protocol token should remain stable.
2840	20024	settings	app/src/settings_view/features_page.rs	target-and-source-present	gpu graphics backend vulkan dx12 directx12 opengl driver	gpu graphics backend vulkan dx12 directx12 opengl driver	intentional-preserve-command-code-token	Command, placeholder, code, path, format, endpoint, or protocol token should remain stable.
2841	20030	settings	app/src/settings_view/features_page.rs	target-and-source-present	async asynchronous fast find search	async asynchronous fast find search	intentional-preserve-command-code-token	Command, placeholder, code, path, format, endpoint, or protocol token should remain stable.
2842	20036	settings	app/src/settings_view/mod.rs	target-and-source-present	Warpify	Warpify	intentional-preserve-product-provider-term	Glossary/product/provider term is intentionally preserved.
2844	20048	settings	app/src/settings_view/mod.rs	target-and-source-present	Warp Agent	Warp Agent	intentional-preserve-product-provider-term	Glossary/product/provider term is intentionally preserved.
2846	20060	settings	app/src/settings_view/mod.rs	target-and-source-present	Oz Cloud API Keys	Oz Cloud API Keys	intentional-preserve-command-code-token	Command, placeholder, code, path, format, endpoint, or protocol token should remain stable.
2847	20066	settings	app/src/settings_view/mod.rs	target-and-source-present	About	About	intentional-preserve-short-token-or-label	Short product label, token, or non-sentence text preserved.
2848	20072	settings	app/src/settings_view/mod.rs	target-and-source-present	Account	Account	intentional-preserve-short-token-or-label	Short product label, token, or non-sentence text preserved.
2849	20078	settings	app/src/settings_view/mod.rs	target-and-source-present	MCP Servers	MCP Servers	intentional-preserve-command-code-token	Command, placeholder, code, path, format, endpoint, or protocol token should remain stable.
2850	20084	settings	app/src/settings_view/mod.rs	target-and-source-present	Appearance	Appearance	intentional-preserve-short-token-or-label	Short product label, token, or non-sentence text preserved.
2851	20090	settings	app/src/settings_view/mod.rs	target-and-source-present	Code	Code	intentional-preserve-short-token-or-label	Short product label, token, or non-sentence text preserved.
2852	20096	settings	app/src/settings_view/mod.rs	target-and-source-present	Features	Features	intentional-preserve-short-token-or-label	Short product label, token, or non-sentence text preserved.
2853	20102	settings	app/src/settings_view/mod.rs	target-and-source-present	Privacy	Privacy	intentional-preserve-short-token-or-label	Short product label, token, or non-sentence text preserved.
2854	20108	settings	app/src/settings_view/mod.rs	target-and-source-present	Referrals	Referrals	intentional-preserve-short-token-or-label	Short product label, token, or non-sentence text preserved.
2855	20114	settings	app/src/settings_view/mod.rs	target-and-source-present	Shared blocks	Shared blocks	intentional-preserve-short-token-or-label	Short product label, token, or non-sentence text preserved.
2856	20120	settings	app/src/settings_view/mod.rs	target-and-source-present	WarpDrive	WarpDrive	intentional-preserve-telemetry-feature-id	CamelCase action, telemetry, feature, or enum identifier should not be localized.
2857	20126	settings	app/src/settings_view/mod.rs	target-and-source-present	Oz	Oz	intentional-preserve-product-provider-term	Glossary/product/provider term is intentionally preserved.
2858	20132	settings	app/src/settings_view/mod.rs	target-and-source-present	Profiles	Profiles	intentional-preserve-short-token-or-label	Short product label, token, or non-sentence text preserved.
2859	20138	settings	app/src/settings_view/mod.rs	target-and-source-present	AgentProfiles	AgentProfiles	intentional-preserve-telemetry-feature-id	CamelCase action, telemetry, feature, or enum identifier should not be localized.
2860	20144	settings	app/src/settings_view/mod.rs	target-and-source-present	MCP servers	MCP servers	intentional-preserve-command-code-token	Command, placeholder, code, path, format, endpoint, or protocol token should remain stable.
2861	20150	settings	app/src/settings_view/mod.rs	target-and-source-present	AgentMCPServers	AgentMCPServers	intentional-preserve-telemetry-feature-id	CamelCase action, telemetry, feature, or enum identifier should not be localized.
2862	20156	settings	app/src/settings_view/mod.rs	target-and-source-present	Knowledge	Knowledge	intentional-preserve-short-token-or-label	Short product label, token, or non-sentence text preserved.
2863	20162	settings	app/src/settings_view/mod.rs	target-and-source-present	Third party CLI agents	Third party CLI agents	intentional-preserve-command-code-token	Command, placeholder, code, path, format, endpoint, or protocol token should remain stable.
2864	20168	settings	app/src/settings_view/mod.rs	target-and-source-present	ThirdPartyCLIAgents	ThirdPartyCLIAgents	intentional-preserve-telemetry-feature-id	CamelCase action, telemetry, feature, or enum identifier should not be localized.
2865	20174	settings	app/src/settings_view/mod.rs	target-and-source-present	Indexing and projects	Indexing and projects	intentional-preserve-short-token-or-label	Short product label, token, or non-sentence text preserved.
2866	20180	settings	app/src/settings_view/mod.rs	target-and-source-present	CodeIndexing	CodeIndexing	intentional-preserve-telemetry-feature-id	CamelCase action, telemetry, feature, or enum identifier should not be localized.
2867	20186	settings	app/src/settings_view/mod.rs	target-and-source-present	Editor and Code Review	Editor and Code Review	intentional-preserve-short-token-or-label	Short product label, token, or non-sentence text preserved.
2868	20192	settings	app/src/settings_view/mod.rs	target-and-source-present	EditorAndCodeReview	EditorAndCodeReview	intentional-preserve-telemetry-feature-id	CamelCase action, telemetry, feature, or enum identifier should not be localized.
2869	20198	settings	app/src/settings_view/mod.rs	target-and-source-present	CloudEnvironments	CloudEnvironments	intentional-preserve-telemetry-feature-id	CamelCase action, telemetry, feature, or enum identifier should not be localized.
2870	20204	settings	app/src/settings_view/mod.rs	target-and-source-present	OzCloudAPIKeys	OzCloudAPIKeys	intentional-preserve-telemetry-feature-id	CamelCase action, telemetry, feature, or enum identifier should not be localized.
2871	20210	settings	app/src/settings_view/mod.rs	target-and-source-present	Copy_On_Select	Copy_On_Select	intentional-preserve-short-token-or-label	Short product label, token, or non-sentence text preserved.
2872	20216	settings	app/src/settings_view/mod.rs	target-and-source-present	Linux_Selection_Clipboard	Linux_Selection_Clipboard	intentional-preserve-short-token-or-label	Short product label, token, or non-sentence text preserved.
2873	20222	settings	app/src/settings_view/mod.rs	target-and-source-present	Restore_Sessions	Restore_Sessions	intentional-preserve-short-token-or-label	Short product label, token, or non-sentence text preserved.
2874	20228	settings	app/src/settings_view/mod.rs	target-and-source-present	Honor_PS1	Honor_PS1	intentional-preserve-short-token-or-label	Short product label, token, or non-sentence text preserved.
2875	20234	settings	app/src/settings_view/mod.rs	target-and-source-present	Git_Prompt	Git_Prompt	intentional-preserve-command-code-token	Command, placeholder, code, path, format, endpoint, or protocol token should remain stable.
2876	20240	settings	app/src/settings_view/mod.rs	target-and-source-present	Autocomplete_Symbols	Autocomplete_Symbols	intentional-preserve-short-token-or-label	Short product label, token, or non-sentence text preserved.
2877	20246	settings	app/src/settings_view/mod.rs	target-and-source-present	Quake_Mode_Editor	Quake_Mode_Editor	intentional-preserve-short-token-or-label	Short product label, token, or non-sentence text preserved.
2878	20252	settings	app/src/settings_view/mod.rs	target-and-source-present	Quake_Window_Open	Quake_Window_Open	intentional-preserve-short-token-or-label	Short product label, token, or non-sentence text preserved.
2879	20258	settings	app/src/settings_view/mod.rs	target-and-source-present	Extra_Meta_Keys_Right	Extra_Meta_Keys_Right	intentional-preserve-short-token-or-label	Short product label, token, or non-sentence text preserved.
2880	20264	settings	app/src/settings_view/mod.rs	target-and-source-present	Extra_Meta_Keys_Left	Extra_Meta_Keys_Left	intentional-preserve-short-token-or-label	Short product label, token, or non-sentence text preserved.
2881	20270	settings	app/src/settings_view/mod.rs	target-and-source-present	Mouse_Reporting	Mouse_Reporting	intentional-preserve-short-token-or-label	Short product label, token, or non-sentence text preserved.
2882	20276	settings	app/src/settings_view/mod.rs	target-and-source-present	Scroll_Reporting	Scroll_Reporting	intentional-preserve-short-token-or-label	Short product label, token, or non-sentence text preserved.
2883	20282	settings	app/src/settings_view/mod.rs	target-and-source-present	Focus_Reporting	Focus_Reporting	intentional-preserve-short-token-or-label	Short product label, token, or non-sentence text preserved.
2884	20288	settings	app/src/settings_view/mod.rs	target-and-source-present	Use `SSH_TMUX_WRAPPER_CONTEXT_FLAG` for new ssh warpification logic	Use `SSH_TMUX_WRAPPER_CONTEXT_FLAG` for new ssh warpification logic	intentional-preserve-command-code-token	Command, placeholder, code, path, format, endpoint, or protocol token should remain stable.
2885	20294	settings	app/src/settings_view/mod.rs	target-and-source-present	SSH_Wrapper	SSH_Wrapper	intentional-preserve-product-provider-term	Glossary/product/provider term is intentionally preserved.
2886	20300	settings	app/src/settings_view/mod.rs	target-and-source-present	SSH_Warpification	SSH_Warpification	intentional-preserve-product-provider-term	Glossary/product/provider term is intentionally preserved.
2887	20306	settings	app/src/settings_view/mod.rs	target-and-source-present	SSH_Tmux_Wrapper	SSH_Tmux_Wrapper	intentional-preserve-product-provider-term	Glossary/product/provider term is intentionally preserved.
2888	20312	settings	app/src/settings_view/mod.rs	target-and-source-present	Notifications_Enabled	Notifications_Enabled	intentional-preserve-short-token-or-label	Short product label, token, or non-sentence text preserved.
2889	20318	settings	app/src/settings_view/mod.rs	target-and-source-present	Long_Running_Notifications	Long_Running_Notifications	intentional-preserve-short-token-or-label	Short product label, token, or non-sentence text preserved.
2890	20324	settings	app/src/settings_view/mod.rs	target-and-source-present	Agent_Task_Completed_Notifications	Agent_Task_Completed_Notifications	intentional-preserve-product-provider-term	Glossary/product/provider term is intentionally preserved.
2891	20330	settings	app/src/settings_view/mod.rs	target-and-source-present	Needs_Attention_Notifications	Needs_Attention_Notifications	intentional-preserve-short-token-or-label	Short product label, token, or non-sentence text preserved.
2892	20336	settings	app/src/settings_view/mod.rs	target-and-source-present	Notification_Sound	Notification_Sound	intentional-preserve-short-token-or-label	Short product label, token, or non-sentence text preserved.
2893	20342	settings	app/src/settings_view/mod.rs	target-and-source-present	Agent_In_App_Notifications	Agent_In_App_Notifications	intentional-preserve-product-provider-term	Glossary/product/provider term is intentionally preserved.
2894	20348	settings	app/src/settings_view/mod.rs	target-and-source-present	Link_Tooltip	Link_Tooltip	intentional-preserve-short-token-or-label	Short product label, token, or non-sentence text preserved.
2895	20354	settings	app/src/settings_view/mod.rs	target-and-source-present	Compact_Mode_Enabled	Compact_Mode_Enabled	intentional-preserve-short-token-or-label	Short product label, token, or non-sentence text preserved.
2896	20360	settings	app/src/settings_view/mod.rs	target-and-source-present	Cursor_Blink_Enabled	Cursor_Blink_Enabled	intentional-preserve-short-token-or-label	Short product label, token, or non-sentence text preserved.
2897	20366	settings	app/src/settings_view/mod.rs	target-and-source-present	Vim_Mode_Enabled	Vim_Mode_Enabled	intentional-preserve-short-token-or-label	Short product label, token, or non-sentence text preserved.
2898	20372	settings	app/src/settings_view/mod.rs	target-and-source-present	Vim_Unnamed_System_Clipboard	Vim_Unnamed_System_Clipboard	intentional-preserve-short-token-or-label	Short product label, token, or non-sentence text preserved.
2899	20378	settings	app/src/settings_view/mod.rs	target-and-source-present	Vim_Show_Status_Bar	Vim_Show_Status_Bar	intentional-preserve-short-token-or-label	Short product label, token, or non-sentence text preserved.
2900	20384	settings	app/src/settings_view/mod.rs	target-and-source-present	Jump_To_Bottom_Of_Block_Button_Enabled	Jump_To_Bottom_Of_Block_Button_Enabled	intentional-preserve-short-token-or-label	Short product label, token, or non-sentence text preserved.
2901	20390	settings	app/src/settings_view/mod.rs	target-and-source-present	Respect_System_Theme	Respect_System_Theme	intentional-preserve-short-token-or-label	Short product label, token, or non-sentence text preserved.
2902	20396	settings	app/src/settings_view/mod.rs	target-and-source-present	Completions_Open_While_Typing	Completions_Open_While_Typing	intentional-preserve-short-token-or-label	Short product label, token, or non-sentence text preserved.
2903	20402	settings	app/src/settings_view/mod.rs	target-and-source-present	Command_Corrections	Command_Corrections	intentional-preserve-command-code-token	Command, placeholder, code, path, format, endpoint, or protocol token should remain stable.
2904	20408	settings	app/src/settings_view/mod.rs	target-and-source-present	Same_Line_Prompt_Enabled	Same_Line_Prompt_Enabled	intentional-preserve-command-code-token	Command, placeholder, code, path, format, endpoint, or protocol token should remain stable.
2905	20414	settings	app/src/settings_view/mod.rs	target-and-source-present	Cloud_Conversation_Storage_Enabled	Cloud_Conversation_Storage_Enabled	intentional-preserve-short-token-or-label	Short product label, token, or non-sentence text preserved.
2906	20420	settings	app/src/settings_view/mod.rs	target-and-source-present	Cloud_Conversation_Storage_Editable	Cloud_Conversation_Storage_Editable	intentional-preserve-short-token-or-label	Short product label, token, or non-sentence text preserved.
2907	20426	settings	app/src/settings_view/mod.rs	target-and-source-present	Dim_Inactive_Panes	Dim_Inactive_Panes	intentional-preserve-short-token-or-label	Short product label, token, or non-sentence text preserved.
2908	20432	settings	app/src/settings_view/mod.rs	target-and-source-present	Open_Windows_At_Custom_Size	Open_Windows_At_Custom_Size	intentional-preserve-short-token-or-label	Short product label, token, or non-sentence text preserved.
2909	20438	settings	app/src/settings_view/mod.rs	target-and-source-present	Window_Blur_Texture	Window_Blur_Texture	intentional-preserve-short-token-or-label	Short product label, token, or non-sentence text preserved.
2910	20444	settings	app/src/settings_view/mod.rs	target-and-source-present	Left_Panel_Visibility_Across_Tabs	Left_Panel_Visibility_Across_Tabs	intentional-preserve-short-token-or-label	Short product label, token, or non-sentence text preserved.
2911	20450	settings	app/src/settings_view/mod.rs	target-and-source-present	Match_AI_Font_To_Terminal_Font	Match_AI_Font_To_Terminal_Font	intentional-preserve-command-code-token	Command, placeholder, code, path, format, endpoint, or protocol token should remain stable.
2912	20456	settings	app/src/settings_view/mod.rs	target-and-source-present	Match_Notebook_Font_Size_To_Terminal_Font_Size	Match_Notebook_Font_Size_To_Terminal_Font_Size	intentional-preserve-command-code-token	Command, placeholder, code, path, format, endpoint, or protocol token should remain stable.
2913	20462	settings	app/src/settings_view/mod.rs	target-and-source-present	Block_Dividers_Enabled	Block_Dividers_Enabled	intentional-preserve-short-token-or-label	Short product label, token, or non-sentence text preserved.
2914	20468	settings	app/src/settings_view/mod.rs	target-and-source-present	Smart_Select_Enabled	Smart_Select_Enabled	intentional-preserve-short-token-or-label	Short product label, token, or non-sentence text preserved.
2915	20474	settings	app/src/settings_view/mod.rs	target-and-source-present	Activation_Hotkey_Enabled	Activation_Hotkey_Enabled	intentional-preserve-short-token-or-label	Short product label, token, or non-sentence text preserved.
2916	20480	settings	app/src/settings_view/mod.rs	target-and-source-present	Tab_Indicators_Enabled	Tab_Indicators_Enabled	intentional-preserve-short-token-or-label	Short product label, token, or non-sentence text preserved.
2917	20486	settings	app/src/settings_view/mod.rs	target-and-source-present	Show_Code_Review_Button_Enabled	Show_Code_Review_Button_Enabled	intentional-preserve-short-token-or-label	Short product label, token, or non-sentence text preserved.
2918	20492	settings	app/src/settings_view/mod.rs	target-and-source-present	Show_Code_Review_Diff_Stats_Enabled	Show_Code_Review_Diff_Stats_Enabled	intentional-preserve-short-token-or-label	Short product label, token, or non-sentence text preserved.
2919	20498	settings	app/src/settings_view/mod.rs	target-and-source-present	Auto_Open_Code_Review_Pane_Enabled	Auto_Open_Code_Review_Pane_Enabled	intentional-preserve-short-token-or-label	Short product label, token, or non-sentence text preserved.
2920	20504	settings	app/src/settings_view/mod.rs	target-and-source-present	Use_Vertical_Tabs	Use_Vertical_Tabs	intentional-preserve-short-token-or-label	Short product label, token, or non-sentence text preserved.
2921	20510	settings	app/src/settings_view/mod.rs	target-and-source-present	Preserve_Active_Tab_Color	Preserve_Active_Tab_Color	intentional-preserve-short-token-or-label	Short product label, token, or non-sentence text preserved.
2922	20516	settings	app/src/settings_view/mod.rs	target-and-source-present	Show_Vertical_Tab_Panel_In_Restored_Windows	Show_Vertical_Tab_Panel_In_Restored_Windows	intentional-preserve-short-token-or-label	Short product label, token, or non-sentence text preserved.
2923	20522	settings	app/src/settings_view/mod.rs	target-and-source-present	Use_Latest_User_Prompt_As_Conversation_Title_In_Tab_Names	Use_Latest_User_Prompt_As_Conversation_Title_In_Tab_Names	intentional-preserve-command-code-token	Command, placeholder, code, path, format, endpoint, or protocol token should remain stable.
2924	20528	settings	app/src/settings_view/mod.rs	target-and-source-present	Alt_Screen_Padding	Alt_Screen_Padding	intentional-preserve-short-token-or-label	Short product label, token, or non-sentence text preserved.
2925	20534	settings	app/src/settings_view/mod.rs	target-and-source-present	Session_Config_Tab_Config_Chip_Open	Session_Config_Tab_Config_Chip_Open	intentional-preserve-short-token-or-label	Short product label, token, or non-sentence text preserved.
2926	20540	settings	app/src/settings_view/mod.rs	target-and-source-present	Focus_Panes_On_Hover	Focus_Panes_On_Hover	intentional-preserve-short-token-or-label	Short product label, token, or non-sentence text preserved.
2927	20546	settings	app/src/settings_view/mod.rs	target-and-source-present	Hide_Workspace_Decorations	Hide_Workspace_Decorations	intentional-preserve-short-token-or-label	Short product label, token, or non-sentence text preserved.
2928	20552	settings	app/src/settings_view/mod.rs	target-and-source-present	Alias_Expansion_Enabled	Alias_Expansion_Enabled	intentional-preserve-short-token-or-label	Short product label, token, or non-sentence text preserved.
2929	20558	settings	app/src/settings_view/mod.rs	target-and-source-present	Middle_Click_Paste_Enabled	Middle_Click_Paste_Enabled	intentional-preserve-short-token-or-label	Short product label, token, or non-sentence text preserved.
2930	20564	settings	app/src/settings_view/mod.rs	target-and-source-present	Code_As_Default_Enabled	Code_As_Default_Enabled	intentional-preserve-short-token-or-label	Short product label, token, or non-sentence text preserved.
2931	20570	settings	app/src/settings_view/mod.rs	target-and-source-present	Sync_All_Tabs_Enabled	Sync_All_Tabs_Enabled	intentional-preserve-short-token-or-label	Short product label, token, or non-sentence text preserved.
2932	20576	settings	app/src/settings_view/mod.rs	target-and-source-present	Sync_All_Panes_In_Current_Tab	Sync_All_Panes_In_Current_Tab	intentional-preserve-short-token-or-label	Short product label, token, or non-sentence text preserved.
2933	20582	settings	app/src/settings_view/mod.rs	target-and-source-present	Use_Audible_Terminal_Bell	Use_Audible_Terminal_Bell	intentional-preserve-command-code-token	Command, placeholder, code, path, format, endpoint, or protocol token should remain stable.
2934	20588	settings	app/src/settings_view/mod.rs	target-and-source-present	Show_Input_Hint_text	Show_Input_Hint_text	intentional-preserve-short-token-or-label	Short product label, token, or non-sentence text preserved.
2935	20594	settings	app/src/settings_view/mod.rs	target-and-source-present	Show_Agent_Tips	Show_Agent_Tips	intentional-preserve-product-provider-term	Glossary/product/provider term is intentionally preserved.
2936	20600	settings	app/src/settings_view/mod.rs	target-and-source-present	Use_Agent_Footer	Use_Agent_Footer	intentional-preserve-product-provider-term	Glossary/product/provider term is intentionally preserved.
2937	20606	settings	app/src/settings_view/mod.rs	target-and-source-present	Thinking_Display_ShowAndCollapse	Thinking_Display_ShowAndCollapse	intentional-preserve-short-token-or-label	Short product label, token, or non-sentence text preserved.
2938	20612	settings	app/src/settings_view/mod.rs	target-and-source-present	Thinking_Display_AlwaysShow	Thinking_Display_AlwaysShow	intentional-preserve-short-token-or-label	Short product label, token, or non-sentence text preserved.
2939	20618	settings	app/src/settings_view/mod.rs	target-and-source-present	Thinking_Display_NeverShow	Thinking_Display_NeverShow	intentional-preserve-short-token-or-label	Short product label, token, or non-sentence text preserved.
2940	20624	settings	app/src/settings_view/mod.rs	target-and-source-present	Show_Terminal_Input_Message_Line	Show_Terminal_Input_Message_Line	intentional-preserve-command-code-token	Command, placeholder, code, path, format, endpoint, or protocol token should remain stable.
2941	20630	settings	app/src/settings_view/mod.rs	target-and-source-present	Slash_Commands_In_Terminal	Slash_Commands_In_Terminal	intentional-preserve-command-code-token	Command, placeholder, code, path, format, endpoint, or protocol token should remain stable.
2942	20636	settings	app/src/settings_view/mod.rs	target-and-source-present	At_Context_Menu_In_Terminal	At_Context_Menu_In_Terminal	intentional-preserve-command-code-token	Command, placeholder, code, path, format, endpoint, or protocol token should remain stable.
2943	20642	settings	app/src/settings_view/mod.rs	target-and-source-present	Outline_Codebase_Symbols_For_At_Context_Menu	Outline_Codebase_Symbols_For_At_Context_Menu	intentional-preserve-short-token-or-label	Short product label, token, or non-sentence text preserved.
2944	20648	settings	app/src/settings_view/mod.rs	target-and-source-present	Autosuggestions_Enabled	Autosuggestions_Enabled	intentional-preserve-short-token-or-label	Short product label, token, or non-sentence text preserved.
2945	20654	settings	app/src/settings_view/mod.rs	target-and-source-present	Hide_Autosuggestion_Keybinding_Hint	Hide_Autosuggestion_Keybinding_Hint	intentional-preserve-short-token-or-label	Short product label, token, or non-sentence text preserved.
2946	20660	settings	app/src/settings_view/mod.rs	target-and-source-present	Show_Autosuggestion_Ignore_Button	Show_Autosuggestion_Ignore_Button	intentional-preserve-short-token-or-label	Short product label, token, or non-sentence text preserved.
2947	20666	settings	app/src/settings_view/mod.rs	target-and-source-present	Show_Terminal_Zero_State_Block	Show_Terminal_Zero_State_Block	intentional-preserve-command-code-token	Command, placeholder, code, path, format, endpoint, or protocol token should remain stable.
2948	20672	settings	app/src/settings_view/mod.rs	target-and-source-present	Global_Workflows_In_Command_Search	Global_Workflows_In_Command_Search	intentional-preserve-command-code-token	Command, placeholder, code, path, format, endpoint, or protocol token should remain stable.
2949	20678	settings	app/src/settings_view/mod.rs	target-and-source-present	Prefer_Low_Power_GPU	Prefer_Low_Power_GPU	intentional-preserve-short-token-or-label	Short product label, token, or non-sentence text preserved.
2950	20684	settings	app/src/settings_view/mod.rs	target-and-source-present	Initialization_Block_Visible	Initialization_Block_Visible	intentional-preserve-short-token-or-label	Short product label, token, or non-sentence text preserved.
2951	20690	settings	app/src/settings_view/mod.rs	target-and-source-present	In_Band_Command_Blocks_Visible	In_Band_Command_Blocks_Visible	intentional-preserve-command-code-token	Command, placeholder, code, path, format, endpoint, or protocol token should remain stable.
2952	20696	settings	app/src/settings_view/mod.rs	target-and-source-present	Recording_Mode_Enabled	Recording_Mode_Enabled	intentional-preserve-short-token-or-label	Short product label, token, or non-sentence text preserved.
2953	20702	settings	app/src/settings_view/mod.rs	target-and-source-present	In_Band_Generators_Enabled	In_Band_Generators_Enabled	intentional-preserve-short-token-or-label	Short product label, token, or non-sentence text preserved.
2954	20708	settings	app/src/settings_view/mod.rs	target-and-source-present	Warp_Same_Line_Prompt_Enabled	Warp_Same_Line_Prompt_Enabled	intentional-preserve-command-code-token	Command, placeholder, code, path, format, endpoint, or protocol token should remain stable.
2955	20714	settings	app/src/settings_view/mod.rs	target-and-source-present	Network_Status_Online	Network_Status_Online	intentional-preserve-short-token-or-label	Short product label, token, or non-sentence text preserved.
2956	20720	settings	app/src/settings_view/mod.rs	target-and-source-present	AI_Input_Autodetection	AI_Input_Autodetection	intentional-preserve-short-token-or-label	Short product label, token, or non-sentence text preserved.
2957	20726	settings	app/src/settings_view/mod.rs	target-and-source-present	NLD_In_Terminal	NLD_In_Terminal	intentional-preserve-command-code-token	Command, placeholder, code, path, format, endpoint, or protocol token should remain stable.
2958	20732	settings	app/src/settings_view/mod.rs	target-and-source-present	Intelligent_Autosuggestions	Intelligent_Autosuggestions	intentional-preserve-short-token-or-label	Short product label, token, or non-sentence text preserved.
2959	20738	settings	app/src/settings_view/mod.rs	target-and-source-present	Prompt_Suggestions	Prompt_Suggestions	intentional-preserve-command-code-token	Command, placeholder, code, path, format, endpoint, or protocol token should remain stable.
2960	20744	settings	app/src/settings_view/mod.rs	target-and-source-present	Code_Suggestions	Code_Suggestions	intentional-preserve-short-token-or-label	Short product label, token, or non-sentence text preserved.
2961	20750	settings	app/src/settings_view/mod.rs	target-and-source-present	Natural_Language_Autosuggestions	Natural_Language_Autosuggestions	intentional-preserve-short-token-or-label	Short product label, token, or non-sentence text preserved.
2962	20756	settings	app/src/settings_view/mod.rs	target-and-source-present	Shared_Block_Title_Generation	Shared_Block_Title_Generation	intentional-preserve-short-token-or-label	Short product label, token, or non-sentence text preserved.
2963	20762	settings	app/src/settings_view/mod.rs	target-and-source-present	Git_Operations_Autogen	Git_Operations_Autogen	intentional-preserve-short-token-or-label	Short product label, token, or non-sentence text preserved.
2964	20768	settings	app/src/settings_view/mod.rs	target-and-source-present	Include_Agent_Commands_In_History	Include_Agent_Commands_In_History	intentional-preserve-command-code-token	Command, placeholder, code, path, format, endpoint, or protocol token should remain stable.
2965	20774	settings	app/src/settings_view/mod.rs	target-and-source-present	AI_Rules	AI_Rules	intentional-preserve-short-token-or-label	Short product label, token, or non-sentence text preserved.
2966	20780	settings	app/src/settings_view/mod.rs	target-and-source-present	Suggested_Rules	Suggested_Rules	intentional-preserve-short-token-or-label	Short product label, token, or non-sentence text preserved.
2967	20786	settings	app/src/settings_view/mod.rs	target-and-source-present	Warp_Drive_Context	Warp_Drive_Context	intentional-preserve-product-provider-term	Glossary/product/provider term is intentionally preserved.
2968	20792	settings	app/src/settings_view/mod.rs	target-and-source-present	File_Based_MCP	File_Based_MCP	intentional-preserve-product-provider-term	Glossary/product/provider term is intentionally preserved.
2969	20798	settings	app/src/settings_view/mod.rs	target-and-source-present	Warp_Credit_Fallback	Warp_Credit_Fallback	intentional-preserve-product-provider-term	Glossary/product/provider term is intentionally preserved.
2970	20804	settings	app/src/settings_view/mod.rs	target-and-source-present	Debug_Memory_Statistics	Debug_Memory_Statistics	intentional-preserve-short-token-or-label	Short product label, token, or non-sentence text preserved.
2971	20810	settings	app/src/settings_view/mod.rs	target-and-source-present	Allow_Native_Wayland	Allow_Native_Wayland	intentional-preserve-short-token-or-label	Short product label, token, or non-sentence text preserved.
2972	20816	settings	app/src/settings_view/mod.rs	target-and-source-present	IsAnyAIEnabled	IsAnyAIEnabled	intentional-preserve-telemetry-feature-id	CamelCase action, telemetry, feature, or enum identifier should not be localized.
2973	20822	settings	app/src/settings_view/mod.rs	target-and-source-present	IsActiveAIEnabled	IsActiveAIEnabled	intentional-preserve-telemetry-feature-id	CamelCase action, telemetry, feature, or enum identifier should not be localized.
2974	20828	settings	app/src/settings_view/mod.rs	target-and-source-present	IsVoiceInputEnabled	IsVoiceInputEnabled	intentional-preserve-telemetry-feature-id	CamelCase action, telemetry, feature, or enum identifier should not be localized.
2975	20834	settings	app/src/settings_view/mod.rs	target-and-source-present	IsBlockAISummariesEnabled	IsBlockAISummariesEnabled	intentional-preserve-telemetry-feature-id	CamelCase action, telemetry, feature, or enum identifier should not be localized.
2976	20840	settings	app/src/settings_view/mod.rs	target-and-source-present	IsCodebaseIndexingEnabled	IsCodebaseIndexingEnabled	intentional-preserve-telemetry-feature-id	CamelCase action, telemetry, feature, or enum identifier should not be localized.
2977	20846	settings	app/src/settings_view/mod.rs	target-and-source-present	IsAutoIndexingEnabled	IsAutoIndexingEnabled	intentional-preserve-telemetry-feature-id	CamelCase action, telemetry, feature, or enum identifier should not be localized.
2978	20852	settings	app/src/settings_view/mod.rs	target-and-source-present	Ligature_Rendering_Enabled	Ligature_Rendering_Enabled	intentional-preserve-short-token-or-label	Short product label, token, or non-sentence text preserved.
2979	20858	settings	app/src/settings_view/mod.rs	target-and-source-present	UniversalDeveloperInputEnabled	UniversalDeveloperInputEnabled	intentional-preserve-telemetry-feature-id	CamelCase action, telemetry, feature, or enum identifier should not be localized.
2980	20864	settings	app/src/settings_view/mod.rs	target-and-source-present	InputAgentMode	InputAgentMode	intentional-preserve-telemetry-feature-id	CamelCase action, telemetry, feature, or enum identifier should not be localized.
2981	20870	settings	app/src/settings_view/mod.rs	target-and-source-present	InputTerminalMode	InputTerminalMode	intentional-preserve-telemetry-feature-id	CamelCase action, telemetry, feature, or enum identifier should not be localized.
2982	20876	settings	app/src/settings_view/mod.rs	target-and-source-present	WarpIsDefaultTerminal	WarpIsDefaultTerminal	intentional-preserve-telemetry-feature-id	CamelCase action, telemetry, feature, or enum identifier should not be localized.
2983	20882	settings	app/src/settings_view/mod.rs	target-and-source-present	PassiveCodeDiffKeybindingsEnabled	PassiveCodeDiffKeybindingsEnabled	intentional-preserve-telemetry-feature-id	CamelCase action, telemetry, feature, or enum identifier should not be localized.
2984	20888	settings	app/src/settings_view/mod.rs	target-and-source-present	CtrlEnterAcceptsPromptSuggestion	CtrlEnterAcceptsPromptSuggestion	intentional-preserve-telemetry-feature-id	CamelCase action, telemetry, feature, or enum identifier should not be localized.
2985	20894	settings	app/src/settings_view/mod.rs	target-and-source-present	TerminalInputPageKeysHandledByInput	TerminalInputPageKeysHandledByInput	intentional-preserve-telemetry-feature-id	CamelCase action, telemetry, feature, or enum identifier should not be localized.
2986	20900	settings	app/src/settings_view/mod.rs	target-and-source-present	HasPendingPromptSuggestion	HasPendingPromptSuggestion	intentional-preserve-telemetry-feature-id	CamelCase action, telemetry, feature, or enum identifier should not be localized.
2987	20906	settings	app/src/settings_view/mod.rs	target-and-source-present	FeatureFlag.AgentView	FeatureFlag.AgentView	intentional-preserve-product-provider-term	Glossary/product/provider term is intentionally preserved.
2988	20912	settings	app/src/settings_view/mod.rs	target-and-source-present	LockedInput	LockedInput	intentional-preserve-telemetry-feature-id	CamelCase action, telemetry, feature, or enum identifier should not be localized.
2989	20918	settings	app/src/settings_view/mod.rs	target-and-source-present	OpenInlineConversationMenu	OpenInlineConversationMenu	intentional-preserve-telemetry-feature-id	CamelCase action, telemetry, feature, or enum identifier should not be localized.
2990	20924	settings	app/src/settings_view/mod.rs	target-and-source-present	EmptyInputBuffer	EmptyInputBuffer	intentional-preserve-telemetry-feature-id	CamelCase action, telemetry, feature, or enum identifier should not be localized.
2991	20930	settings	app/src/settings_view/mod.rs	target-and-source-present	CLIAgentRichInputOpen	CLIAgentRichInputOpen	intentional-preserve-telemetry-feature-id	CamelCase action, telemetry, feature, or enum identifier should not be localized.
2992	20936	settings	app/src/settings_view/mod.rs	target-and-source-present	CLIAgentFooterEnabled	CLIAgentFooterEnabled	intentional-preserve-telemetry-feature-id	CamelCase action, telemetry, feature, or enum identifier should not be localized.
2993	20942	settings	app/src/settings_view/mod.rs	target-and-source-present	CLIAgentRichInputChipEnabled	CLIAgentRichInputChipEnabled	intentional-preserve-telemetry-feature-id	CamelCase action, telemetry, feature, or enum identifier should not be localized.
2994	20948	settings	app/src/settings_view/mod.rs	target-and-source-present	AutoToggleRichInput	AutoToggleRichInput	intentional-preserve-telemetry-feature-id	CamelCase action, telemetry, feature, or enum identifier should not be localized.
2995	20954	settings	app/src/settings_view/mod.rs	target-and-source-present	AutoOpenRichInputOnCLIAgentStart	AutoOpenRichInputOnCLIAgentStart	intentional-preserve-telemetry-feature-id	CamelCase action, telemetry, feature, or enum identifier should not be localized.
2996	20960	settings	app/src/settings_view/mod.rs	target-and-source-present	AutoDismissRichInputAfterSubmit	AutoDismissRichInputAfterSubmit	intentional-preserve-telemetry-feature-id	CamelCase action, telemetry, feature, or enum identifier should not be localized.
2997	20966	settings	app/src/settings_view/mod.rs	target-and-source-present	EnableWarpDrive	EnableWarpDrive	intentional-preserve-telemetry-feature-id	CamelCase action, telemetry, feature, or enum identifier should not be localized.
2998	20972	settings	app/src/settings_view/mod.rs	target-and-source-present	ShowConversationHistory	ShowConversationHistory	intentional-preserve-telemetry-feature-id	CamelCase action, telemetry, feature, or enum identifier should not be localized.
2999	20978	settings	app/src/settings_view/mod.rs	target-and-source-present	ShowProjectExplorer	ShowProjectExplorer	intentional-preserve-telemetry-feature-id	CamelCase action, telemetry, feature, or enum identifier should not be localized.
3000	20984	settings	app/src/settings_view/mod.rs	target-and-source-present	ShowGlobalSearch	ShowGlobalSearch	intentional-preserve-telemetry-feature-id	CamelCase action, telemetry, feature, or enum identifier should not be localized.
3001	20990	settings	app/src/settings_view/mod.rs	target-and-source-present	warp.settings_page	warp.settings_page	intentional-preserve-command-code-token	Command, placeholder, code, path, format, endpoint, or protocol token should remain stable.
3014	21068	workspace	app/src/workspace/tab_settings.rs	target-and-source-present	Where new tabs are placed in the tab bar.	Where new tabs are placed in the tab bar.	needs-owner-review-schema-description	Settings/schema description may be developer/config metadata rather than visible UI.
3015	21074	workspace	app/src/workspace/tab_settings.rs	target-and-source-present	Position of the close button on tabs.	Position of the close button on tabs.	needs-owner-review-schema-description	Settings/schema description may be developer/config metadata rather than visible UI.
3016	21080	workspace	app/src/workspace/tab_settings.rs	target-and-source-present	When workspace decorations such as the tab bar are visible.	When workspace decorations such as the tab bar are visible.	needs-owner-review-schema-description	Settings/schema description may be developer/config metadata rather than visible UI.
3017	21086	workspace	app/src/workspace/tab_settings.rs	target-and-source-present	Color assignment state for a directory's tab.	Color assignment state for a directory's tab.	needs-owner-review-schema-description	Settings/schema description may be developer/config metadata rather than visible UI.
3018	21092	workspace	app/src/workspace/tab_settings.rs	target-and-source-present	The directory was explicitly removed from tab coloring.	The directory was explicitly removed from tab coloring.	intentional-preserve-command-code-token	Command, placeholder, code, path, format, endpoint, or protocol token should remain stable.
3019	21098	workspace	app/src/workspace/tab_settings.rs	target-and-source-present	The directory is tracked but has no assigned color.	The directory is tracked but has no assigned color.	needs-owner-review-schema-description	Settings/schema description may be developer/config metadata rather than visible UI.
3020	21104	workspace	app/src/workspace/tab_settings.rs	target-and-source-present	The directory is assigned a specific color.	The directory is assigned a specific color.	needs-owner-review-schema-description	Settings/schema description may be developer/config metadata rather than visible UI.
3021	21110	workspace	app/src/workspace/tab_settings.rs	target-and-source-present	Mapping of directory paths to their tab color assignments.	Mapping of directory paths to their tab color assignments.	needs-owner-review-schema-description	Settings/schema description may be developer/config metadata rather than visible UI.
3022	21116	workspace	app/src/workspace/tab_settings.rs	target-and-source-present	Configuration for the header toolbar chips in the vertical tab panel header.	Configuration for the header toolbar chips in the vertical tab panel header.	needs-owner-review-schema-description	Settings/schema description may be developer/config metadata rather than visible UI.
3023	21122	workspace	app/src/workspace/tab_settings.rs	target-and-source-present	Display mode for the vertical tab bar.	Display mode for the vertical tab bar.	needs-owner-review-schema-description	Settings/schema description may be developer/config metadata rather than visible UI.
3024	21128	workspace	app/src/workspace/tab_settings.rs	target-and-source-present	Granularity of rows displayed in the vertical tabs panel.	Granularity of rows displayed in the vertical tabs panel.	needs-owner-review-schema-description	Settings/schema description may be developer/config metadata rather than visible UI.
3025	21134	workspace	app/src/workspace/tab_settings.rs	target-and-source-present	Tab item display mode in vertical tabs.	Tab item display mode in vertical tabs.	needs-owner-review-schema-description	Settings/schema description may be developer/config metadata rather than visible UI.
3026	21140	workspace	app/src/workspace/tab_settings.rs	target-and-source-present	Primary information displayed on vertical tabs.	Primary information displayed on vertical tabs.	needs-owner-review-schema-description	Settings/schema description may be developer/config metadata rather than visible UI.
3027	21146	workspace	app/src/workspace/tab_settings.rs	target-and-source-present	The primary information displayed on vertical tabs.	The primary information displayed on vertical tabs.	needs-owner-review-schema-description	Settings/schema description may be developer/config metadata rather than visible UI.
3028	21152	workspace	app/src/workspace/tab_settings.rs	target-and-source-present	Subtitle shown on compact vertical tabs.	Subtitle shown on compact vertical tabs.	needs-owner-review-schema-description	Settings/schema description may be developer/config metadata rather than visible UI.
3029	21158	workspace	app/src/workspace/tab_settings.rs	target-and-source-present	Whether to show activity indicators on tabs.	Whether to show activity indicators on tabs.	needs-owner-review-schema-description	Settings/schema description may be developer/config metadata rather than visible UI.
3030	21164	workspace	app/src/workspace/tab_settings.rs	target-and-source-present	Whether to show the code review button on tabs.	Whether to show the code review button on tabs.	needs-owner-review-schema-description	Settings/schema description may be developer/config metadata rather than visible UI.
3031	21170	workspace	app/src/workspace/tab_settings.rs	target-and-source-present	Whether to show lines added/removed counts on the code review button.	Whether to show lines added/removed counts on the code review button.	intentional-preserve-command-code-token	Command, placeholder, code, path, format, endpoint, or protocol token should remain stable.
3032	21176	workspace	app/src/workspace/tab_settings.rs	target-and-source-present	Whether to preserve the active tab's color when switching tabs.	Whether to preserve the active tab's color when switching tabs.	needs-owner-review-schema-description	Settings/schema description may be developer/config metadata rather than visible UI.
3033	21182	workspace	app/src/workspace/tab_settings.rs	target-and-source-present	Whether to display tabs vertically instead of horizontally.	Whether to display tabs vertically instead of horizontally.	needs-owner-review-schema-description	Settings/schema description may be developer/config metadata rather than visible UI.
3034	21188	workspace	app/src/workspace/tab_settings.rs	target-and-source-present	When restoring a window, open the vertical tabs panel even if it was closed when the session was saved.	When restoring a window, open the vertical tabs panel even if it was closed when the session was saved.	needs-owner-review-schema-description	Settings/schema description may be developer/config metadata rather than visible UI.
3035	21194	workspace	app/src/workspace/tab_settings.rs	target-and-source-present	Whether vertical tab names for agent conversations use the latest user prompt.	Whether vertical tab names for agent conversations use the latest user prompt.	intentional-preserve-command-code-token	Command, placeholder, code, path, format, endpoint, or protocol token should remain stable.
3036	21200	workspace	app/src/workspace/tab_settings.rs	target-and-source-present	Whether to show PR links on vertical tabs.	Whether to show PR links on vertical tabs.	needs-owner-review-schema-description	Settings/schema description may be developer/config metadata rather than visible UI.
3037	21206	workspace	app/src/workspace/tab_settings.rs	target-and-source-present	Whether to show diff stats on vertical tabs.	Whether to show diff stats on vertical tabs.	needs-owner-review-schema-description	Settings/schema description may be developer/config metadata rather than visible UI.
3038	21212	workspace	app/src/workspace/tab_settings.rs	target-and-source-present	Whether to show a details sidecar when hovering over a vertical tab.	Whether to show a details sidecar when hovering over a vertical tab.	needs-owner-review-schema-description	Settings/schema description may be developer/config metadata rather than visible UI.
3050	21287	terminal-command	app/src/terminal/session_settings.rs	target-and-source-present	Whether the user has enabled or disabled notifications.	Whether the user has enabled or disabled notifications.	intentional-preserve-command-code-token	Command, placeholder, code, path, format, endpoint, or protocol token should remain stable.
3051	21294	terminal-command	app/src/terminal/session_settings.rs	target-and-source-present	Notifications have not been configured yet.	Notifications have not been configured yet.	intentional-preserve-command-code-token	Command, placeholder, code, path, format, endpoint, or protocol token should remain stable.
3052	21301	terminal-command	app/src/terminal/session_settings.rs	target-and-source-present	The notifications banner has been dismissed.	The notifications banner has been dismissed.	intentional-preserve-command-code-token	Command, placeholder, code, path, format, endpoint, or protocol token should remain stable.
3053	21308	terminal-command	app/src/terminal/session_settings.rs	target-and-source-present	Notifications are enabled.	Notifications are enabled.	intentional-preserve-command-code-token	Command, placeholder, code, path, format, endpoint, or protocol token should remain stable.
3054	21315	terminal-command	app/src/terminal/session_settings.rs	target-and-source-present	Notifications are disabled.	Notifications are disabled.	intentional-preserve-command-code-token	Command, placeholder, code, path, format, endpoint, or protocol token should remain stable.
3055	21322	terminal-command	app/src/terminal/session_settings.rs	target-and-source-present	Notification preferences for terminal events.	Notification preferences for terminal events.	intentional-preserve-command-code-token	Command, placeholder, code, path, format, endpoint, or protocol token should remain stable.
3056	21329	terminal-command	app/src/terminal/session_settings.rs	target-and-source-present	Whether notifications are enabled, disabled, or not yet configured.	Whether notifications are enabled, disabled, or not yet configured.	intentional-preserve-command-code-token	Command, placeholder, code, path, format, endpoint, or protocol token should remain stable.
3057	21336	terminal-command	app/src/terminal/session_settings.rs	target-and-source-present	Whether to notify when a long-running command completes.	Whether to notify when a long-running command completes.	intentional-preserve-command-code-token	Command, placeholder, code, path, format, endpoint, or protocol token should remain stable.
3058	21343	terminal-command	app/src/terminal/session_settings.rs	target-and-source-present	Threshold in seconds for long-running command notifications.	Threshold in seconds for long-running command notifications.	intentional-preserve-command-code-token	Command, placeholder, code, path, format, endpoint, or protocol token should remain stable.
3059	21350	terminal-command	app/src/terminal/session_settings.rs	target-and-source-present	Whether to notify when a password prompt is detected.	Whether to notify when a password prompt is detected.	intentional-preserve-command-code-token	Command, placeholder, code, path, format, endpoint, or protocol token should remain stable.
3060	21357	terminal-command	app/src/terminal/session_settings.rs	target-and-source-present	Whether to notify when an agent task completes.	Whether to notify when an agent task completes.	intentional-preserve-command-code-token	Command, placeholder, code, path, format, endpoint, or protocol token should remain stable.
3061	21364	terminal-command	app/src/terminal/session_settings.rs	target-and-source-present	Whether to notify when a session needs attention.	Whether to notify when a session needs attention.	intentional-preserve-command-code-token	Command, placeholder, code, path, format, endpoint, or protocol token should remain stable.
3062	21371	terminal-command	app/src/terminal/session_settings.rs	target-and-source-present	Whether to play a sound with notifications.	Whether to play a sound with notifications.	intentional-preserve-command-code-token	Command, placeholder, code, path, format, endpoint, or protocol token should remain stable.
3063	21378	terminal-command	app/src/terminal/session_settings.rs	target-and-source-present	Agent toolbar layout configuration.	Agent toolbar layout configuration.	intentional-preserve-command-code-token	Command, placeholder, code, path, format, endpoint, or protocol token should remain stable.
3064	21385	terminal-command	app/src/terminal/session_settings.rs	target-and-source-present	Use the default toolbar layout.	Use the default toolbar layout.	intentional-preserve-command-code-token	Command, placeholder, code, path, format, endpoint, or protocol token should remain stable.
3065	21392	terminal-command	app/src/terminal/session_settings.rs	target-and-source-present	Use a custom arrangement of toolbar items.	Use a custom arrangement of toolbar items.	intentional-preserve-command-code-token	Command, placeholder, code, path, format, endpoint, or protocol token should remain stable.
3066	21399	terminal-command	app/src/terminal/session_settings.rs	target-and-source-present	CLI agent toolbar layout configuration.	CLI agent toolbar layout configuration.	intentional-preserve-command-code-token	Command, placeholder, code, path, format, endpoint, or protocol token should remain stable.
3067	21406	terminal-command	app/src/terminal/session_settings.rs	target-and-source-present	The shell to use when Warp starts up.	The shell to use when Warp starts up.	intentional-preserve-command-code-token	Command, placeholder, code, path, format, endpoint, or protocol token should remain stable.
3068	21413	terminal-command	app/src/terminal/session_settings.rs	target-and-source-present	The shell to use when opening a new session.	The shell to use when opening a new session.	intentional-preserve-command-code-token	Command, placeholder, code, path, format, endpoint, or protocol token should remain stable.
3069	21420	terminal-command	app/src/terminal/session_settings.rs	target-and-source-present	Whether to use your shell's PS1 prompt instead of the Warp prompt.	Whether to use your shell's PS1 prompt instead of the Warp prompt.	intentional-preserve-command-code-token	Command, placeholder, code, path, format, endpoint, or protocol token should remain stable.
3070	21427	terminal-command	app/src/terminal/session_settings.rs	target-and-source-present	Whether to show a confirmation dialog when closing a session.	Whether to show a confirmation dialog when closing a session.	intentional-preserve-command-code-token	Command, placeholder, code, path, format, endpoint, or protocol token should remain stable.
3071	21434	terminal-command	app/src/terminal/session_settings.rs	target-and-source-present	GitPromptDirtyIndicator	GitPromptDirtyIndicator	intentional-preserve-telemetry-feature-id	CamelCase action, telemetry, feature, or enum identifier should not be localized.
3072	21441	terminal-command	app/src/terminal/session_settings.rs	target-and-source-present	Whether to show AI model selectors in the input prompt.	Whether to show AI model selectors in the input prompt.	intentional-preserve-command-code-token	Command, placeholder, code, path, format, endpoint, or protocol token should remain stable.
3073	21448	terminal-command	app/src/terminal/session_settings.rs	target-and-source-present	Controls the layout of context chips in the Agent Mode toolbar.	Controls the layout of context chips in the Agent Mode toolbar.	intentional-preserve-command-code-token	Command, placeholder, code, path, format, endpoint, or protocol token should remain stable.
3074	21455	terminal-command	app/src/terminal/session_settings.rs	target-and-source-present	Controls the layout of context chips in the CLI Agent toolbar.	Controls the layout of context chips in the CLI Agent toolbar.	intentional-preserve-command-code-token	Command, placeholder, code, path, format, endpoint, or protocol token should remain stable.
3075	21462	terminal-command	app/src/terminal/session_settings.rs	target-and-source-present	How long notification toasts are displayed, in seconds.	How long notification toasts are displayed, in seconds.	intentional-preserve-command-code-token	Command, placeholder, code, path, format, endpoint, or protocol token should remain stable.
3076	21469	terminal-command	app/src/terminal/session_settings.rs	target-and-source-present	Controls the working directory used when opening new sessions.	Controls the working directory used when opening new sessions.	intentional-preserve-command-code-token	Command, placeholder, code, path, format, endpoint, or protocol token should remain stable.
3294	22997	ai-agent	app/src/ai/agent/mod.rs	target-and-source-present	manual cancellation	manual cancellation	intentional-preserve-short-token-or-label	Short product label, token, or non-sentence text preserved.
3295	23004	ai-agent	app/src/ai/agent/mod.rs	target-and-source-present	automatic cloud handoff	automatic cloud handoff	intentional-preserve-short-token-or-label	Short product label, token, or non-sentence text preserved.
3296	23011	ai-agent	app/src/ai/agent/mod.rs	target-and-source-present	follow-up submission	follow-up submission	intentional-preserve-short-token-or-label	Short product label, token, or non-sentence text preserved.
3297	23018	ai-agent	app/src/ai/agent/mod.rs	target-and-source-present	user command execution	user command execution	intentional-preserve-command-code-token	Command, placeholder, code, path, format, endpoint, or protocol token should remain stable.
3298	23025	ai-agent	app/src/ai/agent/mod.rs	target-and-source-present	LRC command completed	LRC command completed	intentional-preserve-command-code-token	Command, placeholder, code, path, format, endpoint, or protocol token should remain stable.
3299	23032	ai-agent	app/src/ai/agent/mod.rs	target-and-source-present	n{output}	n{output}	intentional-preserve-command-code-token	Command, placeholder, code, path, format, endpoint, or protocol token should remain stable.
3300	23039	ai-agent	app/src/ai/agent/mod.rs	target-and-source-present	Message {}: {}	Message {}: {}	intentional-preserve-command-code-token	Command, placeholder, code, path, format, endpoint, or protocol token should remain stable.
3301	23046	ai-agent	app/src/ai/agent/mod.rs	target-and-source-present	[DEBUG] {text}	[DEBUG] {text}	intentional-preserve-command-code-token	Command, placeholder, code, path, format, endpoint, or protocol token should remain stable.
3304	23067	ai-agent	app/src/ai/agent/mod.rs	target-and-source-present	Request failed with error: {value:?}	Request failed with error: {value:?}	intentional-preserve-command-code-token	Command, placeholder, code, path, format, endpoint, or protocol token should remain stable.
3305	23074	ai-agent	app/src/ai/agent/mod.rs	target-and-source-present	c++	c++	intentional-preserve-short-token-or-label	Short product label, token, or non-sentence text preserved.
3306	23081	ai-agent	app/src/ai/agent/mod.rs	target-and-source-present	c#	c#	intentional-preserve-command-code-token	Command, placeholder, code, path, format, endpoint, or protocol token should remain stable.
3307	23088	ai-agent	app/src/ai/agent/mod.rs	target-and-source-present	objective-c	objective-c	intentional-preserve-short-token-or-label	Short product label, token, or non-sentence text preserved.
3308	23095	ai-agent	app/src/ai/agent/mod.rs	target-and-source-present	 path={path:?}	 path={path:?}	intentional-preserve-command-code-token	Command, placeholder, code, path, format, endpoint, or protocol token should remain stable.
3309	23102	ai-agent	app/src/ai/agent/mod.rs	target-and-source-present	 start={} end={}	 start={} end={}	intentional-preserve-command-code-token	Command, placeholder, code, path, format, endpoint, or protocol token should remain stable.
3310	23109	ai-agent	app/src/ai/agent/mod.rs	missing-in-current-source	n**Command Executed:**n```bashn{command}n```nn**Output:**n```n{output}n```	n**Command Executed:**n```bashn{command}n```nn**Output:**n```n{output}n```	needs-owner-review-source-state	Current-source string did not match audit source exactly; treat as escaped/newline or source drift queue before editing.
3311	23116	ai-agent	app/src/ai/agent/mod.rs	missing-in-current-source	n```bashn{command}n```nn**Current Output:**n```n{grid_contents}n```	n```bashn{command}n```nn**Current Output:**n```n{grid_contents}n```	needs-owner-review-source-state	Current-source string did not match audit source exactly; treat as escaped/newline or source drift queue before editing.
3312	23123	ai-agent	app/src/ai/agent/mod.rs	target-and-source-present	n_Command cancelled_	n_Command cancelled_	intentional-preserve-command-code-token	Command, placeholder, code, path, format, endpoint, or protocol token should remain stable.
3313	23130	ai-agent	app/src/ai/agent/mod.rs	target-and-source-present	nCommand ({command}) was on denylist and so was not allowed to run	nCommand ({command}) was on denylist and so was not allowed to run	intentional-preserve-command-code-token	Command, placeholder, code, path, format, endpoint, or protocol token should remain stable.
3314	23137	ai-agent	app/src/ai/agent/mod.rs	missing-in-current-source	n```n{output}n```	n```n{output}n```	needs-owner-review-source-state	Current-source string did not match audit source exactly; treat as escaped/newline or source drift queue before editing.
3315	23144	ai-agent	app/src/ai/agent/mod.rs	missing-in-current-source	n```n{grid_contents}n```	n```n{grid_contents}n```	needs-owner-review-source-state	Current-source string did not match audit source exactly; treat as escaped/newline or source drift queue before editing.
3316	23151	ai-agent	app/src/ai/agent/mod.rs	target-and-source-present	n_Write to command failed: {e:?}	n_Write to command failed: {e:?}	intentional-preserve-command-code-token	Command, placeholder, code, path, format, endpoint, or protocol token should remain stable.
3317	23158	ai-agent	app/src/ai/agent/mod.rs	missing-in-current-source	nn**Diff:**n```diffn{diff}n```nn	nn**Diff:**n```diffn{diff}n```nn	needs-owner-review-source-state	Current-source string did not match audit source exactly; treat as escaped/newline or source drift queue before editing.
3318	23165	ai-agent	app/src/ai/agent/mod.rs	target-and-source-present	n_File edits cancelled_	n_File edits cancelled_	intentional-preserve-short-token-or-label	Short product label, token, or non-sentence text preserved.
3319	23172	ai-agent	app/src/ai/agent/mod.rs	target-and-source-present	n_File edits failed: {error} _	n_File edits failed: {error} _	intentional-preserve-command-code-token	Command, placeholder, code, path, format, endpoint, or protocol token should remain stable.
3320	23179	ai-agent	app/src/ai/agent/mod.rs	missing-in-current-source	nn**Files Read:**nn	nn**Files Read:**nn	needs-owner-review-source-state	Current-source string did not match audit source exactly; treat as escaped/newline or source drift queue before editing.
3321	23186	ai-agent	app/src/ai/agent/mod.rs	missing-in-current-source	```n{text}n```n	```n{text}n```n	needs-owner-review-source-state	Current-source string did not match audit source exactly; treat as escaped/newline or source drift queue before editing.
3322	23193	ai-agent	app/src/ai/agent/mod.rs	target-and-source-present	n_Read files error: {error} _	n_Read files error: {error} _	intentional-preserve-command-code-token	Command, placeholder, code, path, format, endpoint, or protocol token should remain stable.
3323	23200	ai-agent	app/src/ai/agent/mod.rs	target-and-source-present	n_Read files cancelled_	n_Read files cancelled_	intentional-preserve-short-token-or-label	Short product label, token, or non-sentence text preserved.
3324	23207	ai-agent	app/src/ai/agent/mod.rs	target-and-source-present	n**Artifact Uploaded:** `{artifact_uid}`	n**Artifact Uploaded:** `{artifact_uid}`	intentional-preserve-command-code-token	Command, placeholder, code, path, format, endpoint, or protocol token should remain stable.
3325	23214	ai-agent	app/src/ai/agent/mod.rs	missing-in-current-source	nn**File:** `{filepath}`	nn**File:** `{filepath}`	needs-owner-review-source-state	Current-source string did not match audit source exactly; treat as escaped/newline or source drift queue before editing.
3326	23221	ai-agent	app/src/ai/agent/mod.rs	missing-in-current-source	nn**MIME Type:** `{mime_type}`nn**Size:** `{size_bytes}` bytes	nn**MIME Type:** `{mime_type}`nn**Size:** `{size_bytes}` bytes	needs-owner-review-source-state	Current-source string did not match audit source exactly; treat as escaped/newline or source drift queue before editing.
3327	23228	ai-agent	app/src/ai/agent/mod.rs	missing-in-current-source	nn**Description:** {description}	nn**Description:** {description}	needs-owner-review-source-state	Current-source string did not match audit source exactly; treat as escaped/newline or source drift queue before editing.
3328	23235	ai-agent	app/src/ai/agent/mod.rs	target-and-source-present	n_Upload artifact error: {error} _	n_Upload artifact error: {error} _	intentional-preserve-command-code-token	Command, placeholder, code, path, format, endpoint, or protocol token should remain stable.
3329	23242	ai-agent	app/src/ai/agent/mod.rs	target-and-source-present	n_Upload artifact cancelled_	n_Upload artifact cancelled_	intentional-preserve-short-token-or-label	Short product label, token, or non-sentence text preserved.
3330	23249	ai-agent	app/src/ai/agent/mod.rs	missing-in-current-source	nn**Codebase Search Results:**nn	nn**Codebase Search Results:**nn	needs-owner-review-source-state	Current-source string did not match audit source exactly; treat as escaped/newline or source drift queue before editing.
3331	23256	ai-agent	app/src/ai/agent/mod.rs	target-and-source-present	n_Codebase search failed: {message} _	n_Codebase search failed: {message} _	intentional-preserve-command-code-token	Command, placeholder, code, path, format, endpoint, or protocol token should remain stable.
3332	23263	ai-agent	app/src/ai/agent/mod.rs	target-and-source-present	n_Codebase search cancelled_	n_Codebase search cancelled_	intentional-preserve-short-token-or-label	Short product label, token, or non-sentence text preserved.
3333	23270	ai-agent	app/src/ai/agent/mod.rs	missing-in-current-source	nn**File Glob Results:**nn	nn**File Glob Results:**nn	needs-owner-review-source-state	Current-source string did not match audit source exactly; treat as escaped/newline or source drift queue before editing.
3334	23277	ai-agent	app/src/ai/agent/mod.rs	target-and-source-present	n_File glob error: {message} _	n_File glob error: {message} _	intentional-preserve-command-code-token	Command, placeholder, code, path, format, endpoint, or protocol token should remain stable.
3335	23284	ai-agent	app/src/ai/agent/mod.rs	target-and-source-present	n_File glob cancelled_	n_File glob cancelled_	intentional-preserve-short-token-or-label	Short product label, token, or non-sentence text preserved.
3336	23291	ai-agent	app/src/ai/agent/mod.rs	missing-in-current-source	nn**Grep Results:**nn	nn**Grep Results:**nn	needs-owner-review-source-state	Current-source string did not match audit source exactly; treat as escaped/newline or source drift queue before editing.
3337	23298	ai-agent	app/src/ai/agent/mod.rs	target-and-source-present	n_Grep error: {message} _	n_Grep error: {message} _	intentional-preserve-command-code-token	Command, placeholder, code, path, format, endpoint, or protocol token should remain stable.
3338	23305	ai-agent	app/src/ai/agent/mod.rs	target-and-source-present	n_Grep cancelled_	n_Grep cancelled_	intentional-preserve-short-token-or-label	Short product label, token, or non-sentence text preserved.
3339	23312	ai-agent	app/src/ai/agent/mod.rs	missing-in-current-source	nn**Documents Read:**nn	nn**Documents Read:**nn	needs-owner-review-source-state	Current-source string did not match audit source exactly; treat as escaped/newline or source drift queue before editing.
3340	23319	ai-agent	app/src/ai/agent/mod.rs	target-and-source-present	**Document {}**	**Document {}**	intentional-preserve-command-code-token	Command, placeholder, code, path, format, endpoint, or protocol token should remain stable.
3341	23326	ai-agent	app/src/ai/agent/mod.rs	missing-in-current-source	```n{}n```n	```n{}n```n	needs-owner-review-source-state	Current-source string did not match audit source exactly; treat as escaped/newline or source drift queue before editing.
3342	23333	ai-agent	app/src/ai/agent/mod.rs	target-and-source-present	n_Read documents error: {error} _	n_Read documents error: {error} _	intentional-preserve-command-code-token	Command, placeholder, code, path, format, endpoint, or protocol token should remain stable.
3343	23340	ai-agent	app/src/ai/agent/mod.rs	target-and-source-present	n_Read documents cancelled_	n_Read documents cancelled_	intentional-preserve-short-token-or-label	Short product label, token, or non-sentence text preserved.
3344	23347	ai-agent	app/src/ai/agent/mod.rs	missing-in-current-source	nn**Documents Edited:**nn	nn**Documents Edited:**nn	needs-owner-review-source-state	Current-source string did not match audit source exactly; treat as escaped/newline or source drift queue before editing.
3345	23354	ai-agent	app/src/ai/agent/mod.rs	target-and-source-present	n_Edit documents error: {error} _	n_Edit documents error: {error} _	intentional-preserve-command-code-token	Command, placeholder, code, path, format, endpoint, or protocol token should remain stable.
3346	23361	ai-agent	app/src/ai/agent/mod.rs	target-and-source-present	n_Edit documents cancelled_	n_Edit documents cancelled_	intentional-preserve-short-token-or-label	Short product label, token, or non-sentence text preserved.
3347	23368	ai-agent	app/src/ai/agent/mod.rs	missing-in-current-source	nn**Documents Created:**nn	nn**Documents Created:**nn	needs-owner-review-source-state	Current-source string did not match audit source exactly; treat as escaped/newline or source drift queue before editing.
3348	23375	ai-agent	app/src/ai/agent/mod.rs	target-and-source-present	n_Create documents error: {error} _	n_Create documents error: {error} _	intentional-preserve-command-code-token	Command, placeholder, code, path, format, endpoint, or protocol token should remain stable.
3349	23382	ai-agent	app/src/ai/agent/mod.rs	target-and-source-present	n_Create documents cancelled_	n_Create documents cancelled_	intentional-preserve-short-token-or-label	Short product label, token, or non-sentence text preserved.
3350	23389	ai-agent	app/src/ai/agent/mod.rs	target-and-source-present	n_Read shell command output failed: {e:?}_	n_Read shell command output failed: {e:?}_	intentional-preserve-command-code-token	Command, placeholder, code, path, format, endpoint, or protocol token should remain stable.
3351	23396	ai-agent	app/src/ai/agent/mod.rs	target-and-source-present	LLM Reasoning: 	LLM Reasoning: 	intentional-preserve-command-code-token	Command, placeholder, code, path, format, endpoint, or protocol token should remain stable.
3352	23403	ai-agent	app/src/ai/agent/mod.rs	target-and-source-present	Conversation Summary: 	Conversation Summary: 	intentional-preserve-short-token-or-label	Short product label, token, or non-sentence text preserved.
3361	23466	ai-agent	app/src/ai/agent/mod.rs	target-and-source-present	Skill Invoked: {}	Skill Invoked: {}	intentional-preserve-command-code-token	Command, placeholder, code, path, format, endpoint, or protocol token should remain stable.
3362	23473	ai-agent	app/src/ai/agent/mod.rs	target-and-source-present	  - {citation}	  - {citation}	intentional-preserve-command-code-token	Command, placeholder, code, path, format, endpoint, or protocol token should remain stable.
3363	23480	ai-agent	app/src/ai/agent/mod.rs	target-and-source-present	ImageContext	ImageContext	intentional-preserve-telemetry-feature-id	CamelCase action, telemetry, feature, or enum identifier should not be localized.
3364	23487	ai-agent	app/src/ai/agent/mod.rs	target-and-source-present	Commit {short}	Commit {short}	intentional-preserve-command-code-token	Command, placeholder, code, path, format, endpoint, or protocol token should remain stable.
3365	23494	ai-agent	app/src/ai/agent/mod.rs	target-and-source-present	{} {query}	{} {query}	intentional-preserve-command-code-token	Command, placeholder, code, path, format, endpoint, or protocol token should remain stable.
3366	23501	ai-agent	app/src/ai/agent/mod.rs	target-and-source-present	Clone {url}	Clone {url}	intentional-preserve-command-code-token	Command, placeholder, code, path, format, endpoint, or protocol token should remain stable.
3367	23508	ai-agent	app/src/ai/agent/mod.rs	target-and-source-present	ResumeConversation	ResumeConversation	intentional-preserve-telemetry-feature-id	CamelCase action, telemetry, feature, or enum identifier should not be localized.
3368	23515	ai-agent	app/src/ai/agent/mod.rs	target-and-source-present	InitProjectRules	InitProjectRules	intentional-preserve-telemetry-feature-id	CamelCase action, telemetry, feature, or enum identifier should not be localized.
3369	23522	ai-agent	app/src/ai/agent/mod.rs	target-and-source-present	CreateEnvironment	CreateEnvironment	intentional-preserve-telemetry-feature-id	CamelCase action, telemetry, feature, or enum identifier should not be localized.
3370	23529	ai-agent	app/src/ai/agent/mod.rs	target-and-source-present	TriggerSuggestPrompt	TriggerSuggestPrompt	intentional-preserve-telemetry-feature-id	CamelCase action, telemetry, feature, or enum identifier should not be localized.
3371	23536	ai-agent	app/src/ai/agent/mod.rs	target-and-source-present	CreateNewProject	CreateNewProject	intentional-preserve-telemetry-feature-id	CamelCase action, telemetry, feature, or enum identifier should not be localized.
3372	23543	ai-agent	app/src/ai/agent/mod.rs	target-and-source-present	CloneRepository	CloneRepository	intentional-preserve-telemetry-feature-id	CamelCase action, telemetry, feature, or enum identifier should not be localized.
3373	23550	ai-agent	app/src/ai/agent/mod.rs	target-and-source-present	CodeReview	CodeReview	intentional-preserve-telemetry-feature-id	CamelCase action, telemetry, feature, or enum identifier should not be localized.
3374	23557	ai-agent	app/src/ai/agent/mod.rs	target-and-source-present	FetchReviewComments	FetchReviewComments	intentional-preserve-telemetry-feature-id	CamelCase action, telemetry, feature, or enum identifier should not be localized.
3375	23564	ai-agent	app/src/ai/agent/mod.rs	target-and-source-present	SummarizeConversation	SummarizeConversation	intentional-preserve-telemetry-feature-id	CamelCase action, telemetry, feature, or enum identifier should not be localized.
3376	23571	ai-agent	app/src/ai/agent/mod.rs	target-and-source-present	StartFromAmbientRunPrompt	StartFromAmbientRunPrompt	intentional-preserve-telemetry-feature-id	CamelCase action, telemetry, feature, or enum identifier should not be localized.
3377	23578	ai-agent	app/src/ai/agent/mod.rs	target-and-source-present	MessagesReceivedFromAgents({} messages)	MessagesReceivedFromAgents({} messages)	intentional-preserve-command-code-token	Command, placeholder, code, path, format, endpoint, or protocol token should remain stable.
3378	23585	ai-agent	app/src/ai/agent/mod.rs	target-and-source-present	EventsFromAgents({} events)	EventsFromAgents({} events)	intentional-preserve-command-code-token	Command, placeholder, code, path, format, endpoint, or protocol token should remain stable.
3379	23592	ai-agent	app/src/ai/agent/mod.rs	target-and-source-present	PassiveSuggestionResult	PassiveSuggestionResult	intentional-preserve-telemetry-feature-id	CamelCase action, telemetry, feature, or enum identifier should not be localized.
3380	23599	ai-agent	app/src/ai/agent/mod.rs	target-and-source-present	OrchestrationConfigUpdate	OrchestrationConfigUpdate	intentional-preserve-telemetry-feature-id	CamelCase action, telemetry, feature, or enum identifier should not be localized.
3381	23606	ai-agent	app/src/ai/agent/mod.rs	target-and-source-present	Address these comments	Address these comments	intentional-preserve-short-token-or-label	Short product label, token, or non-sentence text preserved.
3382	23613	ai-agent	app/src/ai/agent/mod.rs	target-and-source-present	/agent {query}	/agent {query}	intentional-preserve-command-code-token	Command, placeholder, code, path, format, endpoint, or protocol token should remain stable.
3416	23851	ai-agent	app/src/ai/agent_sdk/driver/error_classification.rs	target-and-source-present	Harness '{harness}' config setup failed: {error}	Harness '{harness}' config setup failed: {error}	intentional-preserve-command-code-token	Command, placeholder, code, path, format, endpoint, or protocol token should remain stable.
3433	23970	ai-agent	app/src/ai/agent_sdk/driver/output.rs	target-and-source-present	- {file}	- {file}	intentional-preserve-command-code-token	Command, placeholder, code, path, format, endpoint, or protocol token should remain stable.
3437	23998	ai-agent	app/src/ai/agent_sdk/driver/output.rs	missing-in-current-source	{uri} ({})n{text}	{uri} ({})n{text}	needs-owner-review-source-state	Current-source string did not match audit source exactly; treat as escaped/newline or source drift queue before editing.
3438	24005	ai-agent	app/src/ai/agent_sdk/driver/output.rs	target-and-source-present	{uri} ({})	{uri} ({})	intentional-preserve-command-code-token	Command, placeholder, code, path, format, endpoint, or protocol token should remain stable.
3442	24033	ai-agent	app/src/ai/agent_sdk/driver/output.rs	target-and-source-present	{name}: {uri} ({})	{name}: {uri} ({})	intentional-preserve-command-code-token	Command, placeholder, code, path, format, endpoint, or protocol token should remain stable.
3455	24124	ai-agent	app/src/ai/agent_sdk/driver/output.rs	target-and-source-present	- {path}	- {path}	intentional-preserve-command-code-token	Command, placeholder, code, path, format, endpoint, or protocol token should remain stable.
3478	24285	ai-agent	app/src/ai/agent_sdk/driver/output.rs	target-and-source-present	[DEBUG] {text}	[DEBUG] {text}	intentional-preserve-command-code-token	Command, placeholder, code, path, format, endpoint, or protocol token should remain stable.
3490	24369	ai-agent	app/src/ai/agent_sdk/driver/output.rs	target-and-source-present	 rules_path={}	 rules_path={}	intentional-preserve-command-code-token	Command, placeholder, code, path, format, endpoint, or protocol token should remain stable.
3491	24376	ai-agent	app/src/ai/agent_sdk/driver/output.rs	target-and-source-present	 path={}	 path={}	intentional-preserve-command-code-token	Command, placeholder, code, path, format, endpoint, or protocol token should remain stable.
3492	24383	ai-agent	app/src/ai/agent_sdk/driver/output.rs	target-and-source-present	 start={}	 start={}	intentional-preserve-command-code-token	Command, placeholder, code, path, format, endpoint, or protocol token should remain stable.
3493	24390	ai-agent	app/src/ai/agent_sdk/driver/output.rs	target-and-source-present	 end={}	 end={}	intentional-preserve-command-code-token	Command, placeholder, code, path, format, endpoint, or protocol token should remain stable.
3494	24397	ai-agent	app/src/ai/agent_sdk/driver/output.rs	target-and-source-present	 skill_path={}	 skill_path={}	intentional-preserve-command-code-token	Command, placeholder, code, path, format, endpoint, or protocol token should remain stable.
3495	24404	ai-agent	app/src/ai/agent_sdk/driver/output.rs	missing-in-current-source	{code}n```	{code}n```	needs-owner-review-source-state	Current-source string did not match audit source exactly; treat as escaped/newline or source drift queue before editing.
3528	24635	ai-agent	app/src/ai/agent_sdk/driver.rs	target-and-source-present	Initializing agent driver: share={should_share}, idle_on_complete={idle_on_complete:?}	Initializing agent driver: share={should_share}, idle_on_complete={idle_on_complete:?}	intentional-preserve-command-code-token	Command, placeholder, code, path, format, endpoint, or protocol token should remain stable.
3529	24642	ai-agent	app/src/ai/agent_sdk/driver.rs	target-and-source-present	Initializing agent driver: share={should_share}, idle_on_complete={idle_on_complete:?}, working_dir={}	Initializing agent driver: share={should_share}, idle_on_complete={idle_on_complete:?}, working_dir={}	intentional-preserve-command-code-token	Command, placeholder, code, path, format, endpoint, or protocol token should remain stable.
3530	24649	ai-agent	app/src/ai/agent_sdk/driver.rs	target-and-source-present	Starting {} MCP servers allowlisted in profile	Starting {} MCP servers allowlisted in profile	intentional-preserve-command-code-token	Command, placeholder, code, path, format, endpoint, or protocol token should remain stable.
3531	24656	ai-agent	app/src/ai/agent_sdk/driver.rs	target-and-source-present	Waiting for {} cloud environment repo(s) to report back file-based MCP server UUIDs...	Waiting for {} cloud environment repo(s) to report back file-based MCP server UUIDs...	intentional-preserve-command-code-token	Command, placeholder, code, path, format, endpoint, or protocol token should remain stable.
3532	24663	ai-agent	app/src/ai/agent_sdk/driver.rs	target-and-source-present	Collected {} auto-started file-based MCP server(s) from cloud environment repos	Collected {} auto-started file-based MCP server(s) from cloud environment repos	intentional-preserve-command-code-token	Command, placeholder, code, path, format, endpoint, or protocol token should remain stable.
3533	24670	ai-agent	app/src/ai/agent_sdk/driver.rs	target-and-source-present	<unknown>	<unknown>	intentional-preserve-command-code-token	Command, placeholder, code, path, format, endpoint, or protocol token should remain stable.
3534	24677	ai-agent	app/src/ai/agent_sdk/driver.rs	target-and-source-present	no state	no state	intentional-preserve-short-token-or-label	Short product label, token, or non-sentence text preserved.
3535	24684	ai-agent	app/src/ai/agent_sdk/driver.rs	target-and-source-present	, error={message}	, error={message}	intentional-preserve-command-code-token	Command, placeholder, code, path, format, endpoint, or protocol token should remain stable.
3536	24691	ai-agent	app/src/ai/agent_sdk/driver.rs	target-and-source-present	{server_name} ({uuid}): {state}{error}	{server_name} ({uuid}): {state}{error}	intentional-preserve-command-code-token	Command, placeholder, code, path, format, endpoint, or protocol token should remain stable.
3537	24698	ai-agent	app/src/ai/agent_sdk/driver.rs	target-and-source-present	Waiting for {} file-based MCP server(s) to reach a terminal state	Waiting for {} file-based MCP server(s) to reach a terminal state	intentional-preserve-command-code-token	Command, placeholder, code, path, format, endpoint, or protocol token should remain stable.
3538	24705	ai-agent	app/src/ai/agent_sdk/driver.rs	target-and-source-present	{server_name} ({uuid}): {state:?}{error}	{server_name} ({uuid}): {state:?}{error}	intentional-preserve-command-code-token	Command, placeholder, code, path, format, endpoint, or protocol token should remain stable.
3539	24712	ai-agent	app/src/ai/agent_sdk/driver.rs	target-and-source-present	File-based MCP server readiness subscription dropped early; proceeding	File-based MCP server readiness subscription dropped early; proceeding	intentional-preserve-command-code-token	Command, placeholder, code, path, format, endpoint, or protocol token should remain stable.
3540	24719	ai-agent	app/src/ai/agent_sdk/driver.rs	target-and-source-present	<unable to read pending state>	<unable to read pending state>	intentional-preserve-command-code-token	Command, placeholder, code, path, format, endpoint, or protocol token should remain stable.
3541	24726	ai-agent	app/src/ai/agent_sdk/driver.rs	target-and-source-present	Timed out waiting for file-based MCP servers to reach a terminal state; proceeding without. Still pending: {pending_details}	Timed out waiting for file-based MCP servers to reach a terminal state; proceeding without. Still pending: {pending_details}	intentional-preserve-command-code-token	Command, placeholder, code, path, format, endpoint, or protocol token should remain stable.
3542	24733	ai-agent	app/src/ai/agent_sdk/driver.rs	target-and-source-present	Loading skills from {} environment repositories	Loading skills from {} environment repositories	intentional-preserve-command-code-token	Command, placeholder, code, path, format, endpoint, or protocol token should remain stable.
3543	24740	ai-agent	app/src/ai/agent_sdk/driver.rs	target-and-source-present	Loading environment skills from repositories: {}	Loading environment skills from repositories: {}	intentional-preserve-command-code-token	Command, placeholder, code, path, format, endpoint, or protocol token should remain stable.
3544	24747	ai-agent	app/src/ai/agent_sdk/driver.rs	target-and-source-present	Cannot wait for repository metadata indexing for non-local path {}	Cannot wait for repository metadata indexing for non-local path {}	intentional-preserve-command-code-token	Command, placeholder, code, path, format, endpoint, or protocol token should remain stable.
3545	24754	ai-agent	app/src/ai/agent_sdk/driver.rs	target-and-source-present	Waiting for repository metadata indexing before loading skills from {} repo(s)	Waiting for repository metadata indexing before loading skills from {} repo(s)	intentional-preserve-command-code-token	Command, placeholder, code, path, format, endpoint, or protocol token should remain stable.
3546	24761	ai-agent	app/src/ai/agent_sdk/driver.rs	target-and-source-present	Repository indexing is still pending: {repo_id_path}	Repository indexing is still pending: {repo_id_path}	intentional-preserve-command-code-token	Command, placeholder, code, path, format, endpoint, or protocol token should remain stable.
3547	24768	ai-agent	app/src/ai/agent_sdk/driver.rs	target-and-source-present	Repository indexing failed: {error}	Repository indexing failed: {error}	intentional-preserve-command-code-token	Command, placeholder, code, path, format, endpoint, or protocol token should remain stable.
3548	24775	ai-agent	app/src/ai/agent_sdk/driver.rs	target-and-source-present	Repository not found: {repo_id_path}	Repository not found: {repo_id_path}	intentional-preserve-command-code-token	Command, placeholder, code, path, format, endpoint, or protocol token should remain stable.
3549	24782	ai-agent	app/src/ai/agent_sdk/driver.rs	target-and-source-present	Repository metadata indexing was not ready for skill loading in {}: {err}	Repository metadata indexing was not ready for skill loading in {}: {err}	intentional-preserve-command-code-token	Command, placeholder, code, path, format, endpoint, or protocol token should remain stable.
3550	24789	ai-agent	app/src/ai/agent_sdk/driver.rs	target-and-source-present	Loading {} global skill(s) from {} repo(s)	Loading {} global skill(s) from {} repo(s)	intentional-preserve-command-code-token	Command, placeholder, code, path, format, endpoint, or protocol token should remain stable.
3551	24796	ai-agent	app/src/ai/agent_sdk/driver.rs	target-and-source-present	Loading global skills {} from repos: {}	Loading global skills {} from repos: {}	intentional-preserve-command-code-token	Command, placeholder, code, path, format, endpoint, or protocol token should remain stable.
3552	24803	ai-agent	app/src/ai/agent_sdk/driver.rs	target-and-source-present	Running agent driver	Running agent driver	intentional-preserve-short-token-or-label	Short product label, token, or non-sentence text preserved.
3553	24810	ai-agent	app/src/ai/agent_sdk/driver.rs	target-and-source-present	Running agent driver for query `{:?}`	Running agent driver for query `{:?}`	intentional-preserve-command-code-token	Command, placeholder, code, path, format, endpoint, or protocol token should remain stable.
3554	24817	ai-agent	app/src/ai/agent_sdk/driver.rs	target-and-source-present	Starting {} existing and {} ephemeral MCP servers	Starting {} existing and {} ephemeral MCP servers	intentional-preserve-command-code-token	Command, placeholder, code, path, format, endpoint, or protocol token should remain stable.
3555	24824	ai-agent	app/src/ai/agent_sdk/driver.rs	target-and-source-present	File-based MCP discovery subscription dropped early; proceeding without	File-based MCP discovery subscription dropped early; proceeding without	intentional-preserve-command-code-token	Command, placeholder, code, path, format, endpoint, or protocol token should remain stable.
3556	24831	ai-agent	app/src/ai/agent_sdk/driver.rs	target-and-source-present	Timed out waiting for file-based MCP servers to be parsed; proceeding without	Timed out waiting for file-based MCP servers to be parsed; proceeding without	intentional-preserve-command-code-token	Command, placeholder, code, path, format, endpoint, or protocol token should remain stable.
3557	24838	ai-agent	app/src/ai/agent_sdk/driver.rs	target-and-source-present	Checking readiness for {} auto-started file-based MCP server(s)	Checking readiness for {} auto-started file-based MCP server(s)	intentional-preserve-command-code-token	Command, placeholder, code, path, format, endpoint, or protocol token should remain stable.
3558	24845	ai-agent	app/src/ai/agent_sdk/driver.rs	target-and-source-present	git credentials refresh loop resolved unexpectedly	git credentials refresh loop resolved unexpectedly	intentional-preserve-command-code-token	Command, placeholder, code, path, format, endpoint, or protocol token should remain stable.
3559	24852	ai-agent	app/src/ai/agent_sdk/driver.rs	target-and-source-present	Ambient agent Oz lifecycle: event=run_exit_received idle_on_complete_elapsed_or_not_configured=true next=terminal_teardown_after_flush	Ambient agent Oz lifecycle: event=run_exit_received idle_on_complete_elapsed_or_not_configured=true next=terminal_teardown_after_flush	intentional-preserve-command-code-token	Command, placeholder, code, path, format, endpoint, or protocol token should remain stable.
3561	24866	ai-agent	app/src/ai/agent_sdk/driver.rs	target-and-source-present	command timed out	command timed out	intentional-preserve-command-code-token	Command, placeholder, code, path, format, endpoint, or protocol token should remain stable.
3562	24873	ai-agent	app/src/ai/agent_sdk/driver.rs	target-and-source-present	exit code {}	exit code {}	intentional-preserve-command-code-token	Command, placeholder, code, path, format, endpoint, or protocol token should remain stable.
3563	24880	ai-agent	app/src/ai/agent_sdk/driver.rs	target-and-source-present	exit code {}: {}	exit code {}: {}	intentional-preserve-command-code-token	Command, placeholder, code, path, format, endpoint, or protocol token should remain stable.
3566	24901	ai-agent	app/src/ai/agent_sdk/driver.rs	target-and-source-present	Attempted to prepare a third-party harness, but one was already configured	Attempted to prepare a third-party harness, but one was already configured	needs-owner-review-internal-log-or-error	English diagnostic/error string may be internal or runtime-visible; needs owner visibility decision.
3567	24908	ai-agent	app/src/ai/agent_sdk/driver.rs	target-and-source-present	Resolved {} MCP server(s) for third-party harness	Resolved {} MCP server(s) for third-party harness	intentional-preserve-command-code-token	Command, placeholder, code, path, format, endpoint, or protocol token should remain stable.
3568	24915	ai-agent	app/src/ai/agent_sdk/driver.rs	target-and-source-present	Runtime failure detected for {harness_name}: pattern={}, excerpt={}	Runtime failure detected for {harness_name}: pattern={}, excerpt={}	intentional-preserve-command-code-token	Command, placeholder, code, path, format, endpoint, or protocol token should remain stable.
3569	24922	ai-agent	app/src/ai/agent_sdk/driver.rs	missing-in-current-source	Ignoring runtime failure for {harness_name}: session already marked Success (pattern={}, excerpt={})	Ignoring runtime failure for {harness_name}: session already marked Success (pattern={}, excerpt={})	needs-owner-review-source-state	Current-source string did not match audit source exactly; treat as escaped/newline or source drift queue before editing.
3570	24929	ai-agent	app/src/ai/agent_sdk/driver.rs	target-and-source-present	Failed to exit harness after runtime failure detection	Failed to exit harness after runtime failure detection	needs-owner-review-internal-log-or-error	English diagnostic/error string may be internal or runtime-visible; needs owner visibility decision.
3571	24936	ai-agent	app/src/ai/agent_sdk/driver.rs	target-and-source-present	Ambient agent idle lifecycle: event=idle_timeout_cancel_requested task_id={:?} terminal_view_id={terminal_id:?} trigger=conversation_in_progress	Ambient agent idle lifecycle: event=idle_timeout_cancel_requested task_id={:?} terminal_view_id={terminal_id:?} trigger=conversation_in_progress	intentional-preserve-command-code-token	Command, placeholder, code, path, format, endpoint, or protocol token should remain stable.
3572	24943	ai-agent	app/src/ai/agent_sdk/driver.rs	target-and-source-present	Ambient agent idle lifecycle: event=idle_timeout_scheduled task_id={:?} terminal_view_id={terminal_id:?} timeout={idle_timeout:?} outcome=non_error_completion	Ambient agent idle lifecycle: event=idle_timeout_scheduled task_id={:?} terminal_view_id={terminal_id:?} timeout={idle_timeout:?} outcome=non_error_completion	intentional-preserve-command-code-token	Command, placeholder, code, path, format, endpoint, or protocol token should remain stable.
3573	24950	ai-agent	app/src/ai/agent_sdk/driver.rs	target-and-source-present	Ambient agent idle lifecycle: event=run_completion_immediate task_id={:?} terminal_view_id={terminal_id:?} outcome=non_error_completion	Ambient agent idle lifecycle: event=run_completion_immediate task_id={:?} terminal_view_id={terminal_id:?} outcome=non_error_completion	intentional-preserve-command-code-token	Command, placeholder, code, path, format, endpoint, or protocol token should remain stable.
3574	24957	ai-agent	app/src/ai/agent_sdk/driver.rs	target-and-source-present	Ambient agent idle lifecycle: event=idle_timeout_scheduled task_id={:?} terminal_view_id={terminal_id:?} timeout={AUTO_RESUME_TIMEOUT:?} outcome=automatic_resume_pending	Ambient agent idle lifecycle: event=idle_timeout_scheduled task_id={:?} terminal_view_id={terminal_id:?} timeout={AUTO_RESUME_TIMEOUT:?} outcome=automatic_resume_pending	intentional-preserve-command-code-token	Command, placeholder, code, path, format, endpoint, or protocol token should remain stable.
3575	24964	ai-agent	app/src/ai/agent_sdk/driver.rs	target-and-source-present	Ambient agent idle lifecycle: event=run_completion_immediate task_id={:?} terminal_view_id={terminal_id:?} outcome=error	Ambient agent idle lifecycle: event=run_completion_immediate task_id={:?} terminal_view_id={terminal_id:?} outcome=error	intentional-preserve-command-code-token	Command, placeholder, code, path, format, endpoint, or protocol token should remain stable.
3576	24971	ai-agent	app/src/ai/agent_sdk/driver.rs	target-and-source-present	Ambient agent CLI lifecycle: event=idle_timeout_scheduled task_id={:?} terminal_view_id={terminal_view_id:?} timeout={idle_timeout:?}	Ambient agent CLI lifecycle: event=idle_timeout_scheduled task_id={:?} terminal_view_id={terminal_view_id:?} timeout={idle_timeout:?}	intentional-preserve-command-code-token	Command, placeholder, code, path, format, endpoint, or protocol token should remain stable.
3577	24978	ai-agent	app/src/ai/agent_sdk/driver.rs	target-and-source-present	Ambient agent CLI lifecycle: event=run_completion_immediate task_id={:?} terminal_view_id={terminal_view_id:?}	Ambient agent CLI lifecycle: event=run_completion_immediate task_id={:?} terminal_view_id={terminal_view_id:?}	intentional-preserve-command-code-token	Command, placeholder, code, path, format, endpoint, or protocol token should remain stable.
3578	24985	ai-agent	app/src/ai/agent_sdk/driver.rs	target-and-source-present	Ambient agent CLI lifecycle: event=idle_timeout_cancel_requested task_id={:?} terminal_view_id={terminal_view_id:?} trigger=session_in_progress	Ambient agent CLI lifecycle: event=idle_timeout_cancel_requested task_id={:?} terminal_view_id={terminal_view_id:?} trigger=session_in_progress	intentional-preserve-command-code-token	Command, placeholder, code, path, format, endpoint, or protocol token should remain stable.
3579	24992	ai-agent	app/src/ai/agent_sdk/driver.rs	target-and-source-present	Triggering post-turn harness session update from CLI agent event	Triggering post-turn harness session update from CLI agent event	intentional-preserve-command-code-token	Command, placeholder, code, path, format, endpoint, or protocol token should remain stable.
3580	24999	ai-agent	app/src/ai/agent_sdk/driver.rs	target-and-source-present	Ambient agent lifecycle: event=driver_cleanup_started task_id={task_id:?} next=terminal_process_exit	Ambient agent lifecycle: event=driver_cleanup_started task_id={task_id:?} next=terminal_process_exit	intentional-preserve-command-code-token	Command, placeholder, code, path, format, endpoint, or protocol token should remain stable.
3581	25006	ai-agent	app/src/ai/agent_sdk/driver.rs	target-and-source-present	Snapshot upload timed out after {:?}; continuing with cleanup (task {task_id})	Snapshot upload timed out after {:?}; continuing with cleanup (task {task_id})	intentional-preserve-command-code-token	Command, placeholder, code, path, format, endpoint, or protocol token should remain stable.
3582	25013	ai-agent	app/src/ai/agent_sdk/driver.rs	missing-in-current-source	Skipping auth secret '{name}' ({:?}): '{conflict}' is already set in the process environment	Skipping auth secret '{name}' ({:?}): '{conflict}' is already set in the process environment	needs-owner-review-source-state	Current-source string did not match audit source exactly; treat as escaped/newline or source drift queue before editing.
3583	25020	ai-agent	app/src/ai/blocklist/agent_view/agent_input_footer/editor.rs	target-and-source-present	AgentToolbarInlineEditor	AgentToolbarInlineEditor	intentional-preserve-telemetry-feature-id	CamelCase action, telemetry, feature, or enum identifier should not be localized.
3584	25027	ai-agent	app/src/ai/blocklist/agent_view/agent_input_footer/environment_selector.rs	target-and-source-present	EnvironmentSelector	EnvironmentSelector	intentional-preserve-telemetry-feature-id	CamelCase action, telemetry, feature, or enum identifier should not be localized.
3585	25034	ai-agent	app/src/ai/blocklist/agent_view/agent_input_footer/mod.rs	target-and-source-present	{agent_prefix}@{host}	{agent_prefix}@{host}	intentional-preserve-command-code-token	Command, placeholder, code, path, format, endpoint, or protocol token should remain stable.
3586	25041	ai-agent	app/src/ai/blocklist/agent_view/agent_input_footer/mod.rs	target-and-source-present	cli-agent-plugin-operation	cli-agent-plugin-operation	intentional-preserve-command-code-token	Command, placeholder, code, path, format, endpoint, or protocol token should remain stable.
3587	25048	ai-agent	app/src/ai/blocklist/agent_view/agent_input_footer/mod.rs	target-and-source-present	No plugin manager available	No plugin manager available	intentional-preserve-command-code-token	Command, placeholder, code, path, format, endpoint, or protocol token should remain stable.
3588	25055	ai-agent	app/src/ai/blocklist/agent_view/agent_input_footer/mod.rs	missing-in-current-source	Failed plugin operation for {agent:?}: {err}n{log}	Failed plugin operation for {agent:?}: {err}n{log}	needs-owner-review-source-state	Current-source string did not match audit source exactly; treat as escaped/newline or source drift queue before editing.
3589	25062	ai-agent	app/src/ai/blocklist/agent_view/agent_input_footer/mod.rs	target-and-source-present	{error_label}: {err}	{error_label}: {err}	intentional-preserve-command-code-token	Command, placeholder, code, path, format, endpoint, or protocol token should remain stable.
3590	25069	ai-agent	app/src/ai/blocklist/agent_view/agent_input_footer/mod.rs	target-and-source-present	AgentViewFooter	AgentViewFooter	intentional-preserve-telemetry-feature-id	CamelCase action, telemetry, feature, or enum identifier should not be localized.
3591	25076	ai-agent	app/src/ai/blocklist/agent_view/agent_input_footer/mod.rs	target-and-source-present	warp-plugin-install.log	warp-plugin-install.log	intentional-preserve-command-code-token	Command, placeholder, code, path, format, endpoint, or protocol token should remain stable.
3592	25083	ai-agent	app/src/ai/blocklist/agent_view/agent_input_footer/mod.rs	target-and-source-present	%Y-%m-%d %H:%M:%S UTC	%Y-%m-%d %H:%M:%S UTC	intentional-preserve-command-code-token	Command, placeholder, code, path, format, endpoint, or protocol token should remain stable.
3593	25090	ai-agent	app/src/ai/blocklist/agent_view/agent_input_footer/mod.rs	missing-in-current-source	Warp plugin installation — {agent:?}n{now}nn{log}	Warp plugin installation — {agent:?}n{now}nn{log}	needs-owner-review-source-state	Current-source string did not match audit source exactly; treat as escaped/newline or source drift queue before editing.
3594	25097	ai-agent	app/src/ai/blocklist/agent_view/agent_input_footer/toolbar_item.rs	target-and-source-present	An item that can appear in the agent toolbar.	An item that can appear in the agent toolbar.	intentional-preserve-command-code-token	Command, placeholder, code, path, format, endpoint, or protocol token should remain stable.
3595	25104	ai-agent	app/src/ai/blocklist/agent_view/agent_input_footer/toolbar_item.rs	target-and-source-present	A prompt context chip.	A prompt context chip.	intentional-preserve-command-code-token	Command, placeholder, code, path, format, endpoint, or protocol token should remain stable.
3607	25188	ai-agent	app/src/ai/blocklist/agent_view/agent_message_bar.rs	target-and-source-present	AgentMessageBar	AgentMessageBar	intentional-preserve-telemetry-feature-id	CamelCase action, telemetry, feature, or enum identifier should not be localized.
3626	25321	ai-agent	app/src/ai/blocklist/agent_view/agent_message_bar.rs	target-and-source-present	autodetected shell command, 	autodetected shell command, 	intentional-preserve-command-code-token	Command, placeholder, code, path, format, endpoint, or protocol token should remain stable.
3632	25363	ai-agent	app/src/ai/blocklist/agent_view/agent_view_block.rs	target-and-source-present	agent_view_entry_block_{view_id}	agent_view_entry_block_{view_id}	intentional-preserve-command-code-token	Command, placeholder, code, path, format, endpoint, or protocol token should remain stable.
3635	25384	ai-agent	app/src/ai/blocklist/agent_view/agent_view_block.rs	target-and-source-present	EnterAgentBlock	EnterAgentBlock	intentional-preserve-telemetry-feature-id	CamelCase action, telemetry, feature, or enum identifier should not be localized.
3640	25419	ai-agent	app/src/ai/blocklist/agent_view/agent_view_block.rs	target-and-source-present	Could not retrieve the position of the agent view entry block for context menu display.	Could not retrieve the position of the agent view entry block for context menu display.	intentional-preserve-command-code-token	Command, placeholder, code, path, format, endpoint, or protocol token should remain stable.
3642	25433	ai-agent	app/src/ai/blocklist/agent_view/child_agent_status_card.rs	target-and-source-present	ChildAgentStatusCard	ChildAgentStatusCard	intentional-preserve-telemetry-feature-id	CamelCase action, telemetry, feature, or enum identifier should not be localized.
3643	25440	ai-agent	app/src/ai/blocklist/agent_view/child_agent_status_card.rs	target-and-source-present	Agent	Agent	intentional-preserve-product-provider-term	Glossary/product/provider term is intentionally preserved.
3645	25454	ai-agent	app/src/ai/blocklist/agent_view/child_agent_status_card.rs	target-and-source-present	Missing mouse state handle for child agent card {:?}	Missing mouse state handle for child agent card {:?}	intentional-preserve-command-code-token	Command, placeholder, code, path, format, endpoint, or protocol token should remain stable.
3646	25461	ai-agent	app/src/ai/blocklist/agent_view/child_agent_status_card.rs	target-and-source-present	Missing dismiss mouse state handle for child agent card {:?}	Missing dismiss mouse state handle for child agent card {:?}	intentional-preserve-command-code-token	Command, placeholder, code, path, format, endpoint, or protocol token should remain stable.
3652	25503	ai-agent	app/src/ai/blocklist/agent_view/controller.rs	target-and-source-present	agent_view_zero_state_{}	agent_view_zero_state_{}	intentional-preserve-command-code-token	Command, placeholder, code, path, format, endpoint, or protocol token should remain stable.
3653	25510	ai-agent	app/src/ai/blocklist/agent_view/controller.rs	target-and-source-present	Expected keybinding for slash command {keybinding_name}, but none was found	Expected keybinding for slash command {keybinding_name}, but none was found	intentional-preserve-command-code-token	Command, placeholder, code, path, format, endpoint, or protocol token should remain stable.
3663	25580	ai-agent	app/src/ai/blocklist/agent_view/inline_agent_view_header.rs	target-and-source-present	InlineAgentViewHeader	InlineAgentViewHeader	intentional-preserve-telemetry-feature-id	CamelCase action, telemetry, feature, or enum identifier should not be localized.
3664	25587	ai-agent	app/src/ai/blocklist/agent_view/inline_agent_view_header.rs	target-and-source-present	{AGENT_PROMPT_TO_INTERACT_MESSAGE} `{command}`	{AGENT_PROMPT_TO_INTERACT_MESSAGE} `{command}`	intentional-preserve-command-code-token	Command, placeholder, code, path, format, endpoint, or protocol token should remain stable.
3668	25615	ai-agent	app/src/ai/blocklist/agent_view/orchestration_pill_bar.rs	target-and-source-present	orchestration-pill-overflow-{conversation_id}	orchestration-pill-overflow-{conversation_id}	intentional-preserve-command-code-token	Command, placeholder, code, path, format, endpoint, or protocol token should remain stable.
3669	25622	ai-agent	app/src/ai/blocklist/agent_view/orchestration_pill_bar.rs	target-and-source-present	orchestration-pill-body-{conversation_id}	orchestration-pill-body-{conversation_id}	intentional-preserve-command-code-token	Command, placeholder, code, path, format, endpoint, or protocol token should remain stable.
3677	25678	ai-agent	app/src/ai/blocklist/agent_view/orchestration_pill_bar.rs	target-and-source-present	Agent	Agent	intentional-preserve-product-provider-term	Glossary/product/provider term is intentionally preserved.
3679	25692	ai-agent	app/src/ai/blocklist/agent_view/orchestration_pill_bar.rs	target-and-source-present	navigate_to_owner_pane: no canonical owner for {id:?}; falling back to switch-in-place	navigate_to_owner_pane: no canonical owner for {id:?}; falling back to switch-in-place	intentional-preserve-command-code-token	Command, placeholder, code, path, format, endpoint, or protocol token should remain stable.
3680	25699	ai-agent	app/src/ai/blocklist/agent_view/orchestration_pill_bar.rs	target-and-source-present	OrchestrationPillBar	OrchestrationPillBar	intentional-preserve-telemetry-feature-id	CamelCase action, telemetry, feature, or enum identifier should not be localized.
3681	25706	ai-agent	app/src/ai/blocklist/agent_view/orchestration_pill_bar.rs	missing-in-current-source	{truncated}u{2026}	{truncated}u{2026}	needs-owner-review-source-state	Current-source string did not match audit source exactly; treat as escaped/newline or source drift queue before editing.
3682	25713	ai-agent	app/src/ai/blocklist/agent_view/orchestration_pill_bar.rs	target-and-source-present	{repo}#{number}	{repo}#{number}	intentional-preserve-command-code-token	Command, placeholder, code, path, format, endpoint, or protocol token should remain stable.
3694	25797	ai-agent	app/src/ai/blocklist/agent_view/zero_state_block.rs	target-and-source-present	{user}@{hostname}:{display_path}	{user}@{hostname}:{display_path}	intentional-preserve-command-code-token	Command, placeholder, code, path, format, endpoint, or protocol token should remain stable.
3700	25839	ai-agent	app/src/ai/blocklist/agent_view/zero_state_block.rs	target-and-source-present	Use cloud agents to run parallel agents, build agents that run autonomously, and check in on your agents from anywhere. 	Use cloud agents to run parallel agents, build agents that run autonomously, and check in on your agents from anywhere. 	intentional-preserve-command-code-token	Command, placeholder, code, path, format, endpoint, or protocol token should remain stable.
3740	26119	ai-agent	app/src/ai/blocklist/block/view_impl/common.rs	target-and-source-present	{}m	{}m	intentional-preserve-command-code-token	Command, placeholder, code, path, format, endpoint, or protocol token should remain stable.
3744	26147	ai-agent	app/src/ai/blocklist/block/view_impl/common.rs	target-and-source-present	u{E500}	u{E500}	intentional-preserve-command-code-token	Command, placeholder, code, path, format, endpoint, or protocol token should remain stable.
3760	26259	ai-agent	app/src/ai/blocklist/block/view_impl/common.rs	missing-in-current-source	{ERROR_APOLOGY_TEXT}nn{message}	{ERROR_APOLOGY_TEXT}nn{message}	needs-owner-review-source-state	Current-source string did not match audit source exactly; treat as escaped/newline or source drift queue before editing.
3763	26280	ai-agent	app/src/ai/blocklist/block/view_impl/common.rs	missing-in-current-source	{ERROR_APOLOGY_TEXT}nn{INTERNAL_WARP_ERROR}	{ERROR_APOLOGY_TEXT}nn{INTERNAL_WARP_ERROR}	needs-owner-review-source-state	Current-source string did not match audit source exactly; treat as escaped/newline or source drift queue before editing.
3766	26301	ai-agent	app/src/ai/blocklist/block/view_impl/common.rs	missing-in-current-source	{ERROR_APOLOGY_TEXT}nn{error_message}	{ERROR_APOLOGY_TEXT}nn{error_message}	needs-owner-review-source-state	Current-source string did not match audit source exactly; treat as escaped/newline or source drift queue before editing.
3775	26364	ai-agent	app/src/ai/blocklist/block/view_impl/common.rs	target-and-source-present	ai_collapsible_bottom_{message_id_str}	ai_collapsible_bottom_{message_id_str}	intentional-preserve-command-code-token	Command, placeholder, code, path, format, endpoint, or protocol token should remain stable.
3779	26392	ai-agent	app/src/ai/blocklist/block/view_impl/orchestration.rs	target-and-source-present	Agent	Agent	intentional-preserve-product-provider-term	Glossary/product/provider term is intentionally preserved.
3782	26413	ai-agent	app/src/ai/blocklist/block/view_impl/orchestration.rs	target-and-source-present	Unexpected action result type for send message action: {:?}	Unexpected action result type for send message action: {:?}	intentional-preserve-command-code-token	Command, placeholder, code, path, format, endpoint, or protocol token should remain stable.
3785	26434	ai-agent	app/src/ai/blocklist/block/view_impl/orchestration.rs	target-and-source-present	Sending message to 	Sending message to 	intentional-preserve-short-token-or-label	Short product label, token, or non-sentence text preserved.
3787	26448	ai-agent	app/src/ai/blocklist/block/view_impl/orchestration.rs	target-and-source-present	Unexpected action result type for start agent action: {:?}	Unexpected action result type for start agent action: {:?}	intentional-preserve-command-code-token	Command, placeholder, code, path, format, endpoint, or protocol token should remain stable.
3788	26455	ai-agent	app/src/ai/blocklist/block/view_impl/orchestration.rs	target-and-source-present	Started agent 	Started agent 	needs-owner-review-internal-log-or-error	English diagnostic/error string may be internal or runtime-visible; needs owner visibility decision.
3791	26476	ai-agent	app/src/ai/blocklist/block/view_impl/orchestration.rs	target-and-source-present	Missing orchestration navigation card handle for StartAgent action {:?}	Missing orchestration navigation card handle for StartAgent action {:?}	intentional-preserve-command-code-token	Command, placeholder, code, path, format, endpoint, or protocol token should remain stable.
3794	26497	ai-agent	app/src/ai/blocklist/block/view_impl/orchestration.rs	target-and-source-present	Failed to start agent 	Failed to start agent 	needs-owner-review-internal-log-or-error	English diagnostic/error string may be internal or runtime-visible; needs owner visibility decision.
3795	26504	ai-agent	app/src/ai/blocklist/block/view_impl/orchestration.rs	target-and-source-present	Failed to start remote agent 	Failed to start remote agent 	needs-owner-review-internal-log-or-error	English diagnostic/error string may be internal or runtime-visible; needs owner visibility decision.
3796	26511	ai-agent	app/src/ai/blocklist/block/view_impl/orchestration.rs	target-and-source-present	Start agent 	Start agent 	intentional-preserve-short-token-or-label	Short product label, token, or non-sentence text preserved.
3797	26518	ai-agent	app/src/ai/blocklist/block/view_impl/orchestration.rs	target-and-source-present	Start remote agent 	Start remote agent 	intentional-preserve-short-token-or-label	Short product label, token, or non-sentence text preserved.
3798	26525	ai-agent	app/src/ai/blocklist/block/view_impl/orchestration.rs	target-and-source-present	Starting agent 	Starting agent 	intentional-preserve-short-token-or-label	Short product label, token, or non-sentence text preserved.
3799	26532	ai-agent	app/src/ai/blocklist/block/view_impl/orchestration.rs	target-and-source-present	Starting remote agent 	Starting remote agent 	intentional-preserve-short-token-or-label	Short product label, token, or non-sentence text preserved.
3800	26539	ai-agent	app/src/ai/blocklist/block/view_impl/orchestration.rs	target-and-source-present	Missing collapsible state for orchestration message {:?}	Missing collapsible state for orchestration message {:?}	intentional-preserve-command-code-token	Command, placeholder, code, path, format, endpoint, or protocol token should remain stable.
3806	26581	ai-agent	app/src/ai/blocklist/block/view_impl/output.rs	target-and-source-present	[WebSearch] No view found for WebSearch message id={:?}, status={web_search_status:?}	[WebSearch] No view found for WebSearch message id={:?}, status={web_search_status:?}	intentional-preserve-command-code-token	Command, placeholder, code, path, format, endpoint, or protocol token should remain stable.
3807	26588	ai-agent	app/src/ai/blocklist/block/view_impl/output.rs	target-and-source-present	[WebFetch] No view found for WebFetch message id={:?}, status={web_fetch_status:?}	[WebFetch] No view found for WebFetch message id={:?}, status={web_fetch_status:?}	intentional-preserve-command-code-token	Command, placeholder, code, path, format, endpoint, or protocol token should remain stable.
3812	26623	ai-agent	app/src/ai/blocklist/block/view_impl/output.rs	target-and-source-present	: {q}	: {q}	intentional-preserve-command-code-token	Command, placeholder, code, path, format, endpoint, or protocol token should remain stable.
3834	26777	ai-agent	app/src/ai/blocklist/block/view_impl/output.rs	target-and-source-present	fake-id	fake-id	intentional-preserve-short-token-or-label	Short product label, token, or non-sentence text preserved.
3835	26784	ai-agent	app/src/ai/blocklist/block/view_impl/output.rs	target-and-source-present	Unexpected action result type for suggest new conversation action: {:?}	Unexpected action result type for suggest new conversation action: {:?}	intentional-preserve-command-code-token	Command, placeholder, code, path, format, endpoint, or protocol token should remain stable.
3842	26833	ai-agent	app/src/ai/blocklist/block/view_impl/output.rs	target-and-source-present	Grep for 	Grep for 	intentional-preserve-short-token-or-label	Short product label, token, or non-sentence text preserved.
3843	26840	ai-agent	app/src/ai/blocklist/block/view_impl/output.rs	target-and-source-present	Grepping for 	Grepping for 	intentional-preserve-short-token-or-label	Short product label, token, or non-sentence text preserved.
3849	26882	ai-agent	app/src/ai/blocklist/block/view_impl/output.rs	target-and-source-present	Search for files that match 	Search for files that match 	intentional-preserve-short-token-or-label	Short product label, token, or non-sentence text preserved.
3850	26889	ai-agent	app/src/ai/blocklist/block/view_impl/output.rs	target-and-source-present	Finding files that match 	Finding files that match 	intentional-preserve-short-token-or-label	Short product label, token, or non-sentence text preserved.
3867	27008	ai-agent	app/src/ai/blocklist/block/view_impl/output.rs	target-and-source-present	{credit_usage_text} (+{})	{credit_usage_text} (+{})	intentional-preserve-command-code-token	Command, placeholder, code, path, format, endpoint, or protocol token should remain stable.
3868	27015	ai-agent	app/src/ai/blocklist/block/view_impl/output.rs	target-and-source-present	{credit_usage_text} (+{credits_spent_for_last_block:.1})	{credit_usage_text} (+{credits_spent_for_last_block:.1})	intentional-preserve-command-code-token	Command, placeholder, code, path, format, endpoint, or protocol token should remain stable.
3876	27071	ai-agent	app/src/ai/blocklist/block.rs	target-and-source-present	PendingAIRequestedEdits	PendingAIRequestedEdits	intentional-preserve-telemetry-feature-id	CamelCase action, telemetry, feature, or enum identifier should not be localized.
3879	27092	ai-agent	app/src/ai/blocklist/block.rs	target-and-source-present	{RECEIVED_MESSAGE_COLLAPSIBLE_ID_PREFIX}{message_id}	{RECEIVED_MESSAGE_COLLAPSIBLE_ID_PREFIX}{message_id}	intentional-preserve-command-code-token	Command, placeholder, code, path, format, endpoint, or protocol token should remain stable.
3887	27148	ai-agent	app/src/ai/blocklist/block.rs	target-and-source-present	Reassigning AIBlock to a new conversation but the new conversation does not contain the AI exchange	Reassigning AIBlock to a new conversation but the new conversation does not contain the AI exchange	needs-owner-review-internal-log-or-error	English diagnostic/error string may be internal or runtime-visible; needs owner visibility decision.
3894	27197	ai-agent	app/src/ai/blocklist/block.rs	target-and-source-present	Error with marking autoread files speedbump as shown {err}	Error with marking autoread files speedbump as shown {err}	intentional-preserve-command-code-token	Command, placeholder, code, path, format, endpoint, or protocol token should remain stable.
3895	27204	ai-agent	app/src/ai/blocklist/block.rs	target-and-source-present	The matrix theme is now available at	The matrix theme is now available at	intentional-preserve-short-token-or-label	Short product label, token, or non-sentence text preserved.
3896	27211	ai-agent	app/src/ai/blocklist/block.rs	target-and-source-present	aws bedrock	aws bedrock	intentional-preserve-command-code-token	Command, placeholder, code, path, format, endpoint, or protocol token should remain stable.
3897	27218	ai-agent	app/src/ai/blocklist/block.rs	target-and-source-present	Cannot import review comments for repo path without an active session location: {}	Cannot import review comments for repo path without an active session location: {}	intentional-preserve-command-code-token	Command, placeholder, code, path, format, endpoint, or protocol token should remain stable.
3898	27225	ai-agent	app/src/ai/blocklist/block.rs	target-and-source-present	Encountered multiple base branches while opening imported review comments from a single AI block	Encountered multiple base branches while opening imported review comments from a single AI block	needs-owner-review-internal-log-or-error	English diagnostic/error string may be internal or runtime-visible; needs owner visibility decision.
3899	27232	ai-agent	app/src/ai/blocklist/block.rs	target-and-source-present	Navigate to {} to open these comments	Navigate to {} to open these comments	intentional-preserve-command-code-token	Command, placeholder, code, path, format, endpoint, or protocol token should remain stable.
3902	27253	ai-agent	app/src/ai/blocklist/block.rs	missing-in-current-source	{prompt_text}nn{output_text}	{prompt_text}nn{output_text}	needs-owner-review-source-state	Current-source string did not match audit source exactly; treat as escaped/newline or source drift queue before editing.
3903	27260	ai-agent	app/src/ai/blocklist/block.rs	target-and-source-present	screenshot-{action_id}	screenshot-{action_id}	intentional-preserve-command-code-token	Command, placeholder, code, path, format, endpoint, or protocol token should remain stable.
3904	27267	ai-agent	app/src/ai/blocklist/block.rs	target-and-source-present	Failed to decode submitted image attachment for lightbox: {error}	Failed to decode submitted image attachment for lightbox: {error}	intentional-preserve-command-code-token	Command, placeholder, code, path, format, endpoint, or protocol token should remain stable.
3905	27274	ai-agent	app/src/ai/blocklist/block.rs	target-and-source-present	submitted-attachment-lightbox-{}-{submitted_image_index}	submitted-attachment-lightbox-{}-{submitted_image_index}	intentional-preserve-command-code-token	Command, placeholder, code, path, format, endpoint, or protocol token should remain stable.
3906	27281	ai-agent	app/src/ai/blocklist/controller.rs	target-and-source-present	Tried to send follow-up query for non-existent conversation: {conversation_id:?}	Tried to send follow-up query for non-existent conversation: {conversation_id:?}	intentional-preserve-command-code-token	Command, placeholder, code, path, format, endpoint, or protocol token should remain stable.
3907	27288	ai-agent	app/src/ai/blocklist/controller.rs	target-and-source-present	Tried to send custom AI input query as follow-up in non-existent conversation	Tried to send custom AI input query as follow-up in non-existent conversation	intentional-preserve-command-code-token	Command, placeholder, code, path, format, endpoint, or protocol token should remain stable.
3908	27295	ai-agent	app/src/ai/blocklist/controller.rs	target-and-source-present	[passive-suggestions] sending result: trigger={}, trigger_type={:?}	[passive-suggestions] sending result: trigger={}, trigger_type={:?}	intentional-preserve-command-code-token	Command, placeholder, code, path, format, endpoint, or protocol token should remain stable.
3909	27302	ai-agent	app/src/ai/blocklist/controller.rs	target-and-source-present	Some	Some	intentional-preserve-command-code-token	Command, placeholder, code, path, format, endpoint, or protocol token should remain stable.
3910	27309	ai-agent	app/src/ai/blocklist/controller.rs	target-and-source-present	None	None	intentional-preserve-command-code-token	Command, placeholder, code, path, format, endpoint, or protocol token should remain stable.
3911	27316	ai-agent	app/src/ai/blocklist/controller.rs	missing-in-current-source	Skipping event piggyback for conversation {conversation_id:?}: {}	Skipping event piggyback for conversation {conversation_id:?}: {}	needs-owner-review-source-state	Current-source string did not match audit source exactly; treat as escaped/newline or source drift queue before editing.
3912	27323	ai-agent	app/src/ai/blocklist/controller.rs	target-and-source-present	results will trigger a server-side subagent	results will trigger a server-side subagent	intentional-preserve-command-code-token	Command, placeholder, code, path, format, endpoint, or protocol token should remain stable.
3913	27330	ai-agent	app/src/ai/blocklist/controller.rs	target-and-source-present	a subagent is currently active	a subagent is currently active	intentional-preserve-command-code-token	Command, placeholder, code, path, format, endpoint, or protocol token should remain stable.
3914	27337	ai-agent	app/src/ai/blocklist/controller.rs	target-and-source-present	Pending events are not ready: conversation_id={conversation_id:?} reason=conversation_missing owns_conversation={owns} has_active_stream={has_active_stream}	Pending events are not ready: conversation_id={conversation_id:?} reason=conversation_missing owns_conversation={owns} has_active_stream={has_active_stream}	intentional-preserve-command-code-token	Command, placeholder, code, path, format, endpoint, or protocol token should remain stable.
3915	27344	ai-agent	app/src/ai/blocklist/controller.rs	target-and-source-present	Pending events are not ready: conversation_id={conversation_id:?} owns_conversation={owns} has_active_stream={has_active_stream} status={:?}	Pending events are not ready: conversation_id={conversation_id:?} owns_conversation={owns} has_active_stream={has_active_stream} status={:?}	intentional-preserve-command-code-token	Command, placeholder, code, path, format, endpoint, or protocol token should remain stable.
3916	27351	ai-agent	app/src/ai/blocklist/controller.rs	target-and-source-present	Skipping dormant Claude wake preparation: conversation_id={conversation_id:?} reason=conversation_missing	Skipping dormant Claude wake preparation: conversation_id={conversation_id:?} reason=conversation_missing	intentional-preserve-command-code-token	Command, placeholder, code, path, format, endpoint, or protocol token should remain stable.
3917	27358	ai-agent	app/src/ai/blocklist/controller.rs	target-and-source-present	Preparing dormant Claude wake command: conversation_id={conversation_id:?} task_id={task_id:?}	Preparing dormant Claude wake command: conversation_id={conversation_id:?} task_id={task_id:?}	intentional-preserve-command-code-token	Command, placeholder, code, path, format, endpoint, or protocol token should remain stable.
3918	27365	ai-agent	app/src/ai/blocklist/controller.rs	target-and-source-present	Executing dormant Claude wake command: conversation_id={conversation_id:?} task_id={task_id:?}	Executing dormant Claude wake command: conversation_id={conversation_id:?} task_id={task_id:?}	intentional-preserve-command-code-token	Command, placeholder, code, path, format, endpoint, or protocol token should remain stable.
3919	27372	ai-agent	app/src/ai/blocklist/controller.rs	target-and-source-present	Falling back to generic pending-event injection after dormant Claude wake eligibility check: conversation_id={conversation_id:?} task_id={task_id:?}	Falling back to generic pending-event injection after dormant Claude wake eligibility check: conversation_id={conversation_id:?} task_id={task_id:?}	intentional-preserve-command-code-token	Command, placeholder, code, path, format, endpoint, or protocol token should remain stable.
3920	27379	ai-agent	app/src/ai/blocklist/controller.rs	target-and-source-present	Retrying wake-only dormant Claude eligibility check: conversation_id={conversation_id:?} task_id={task_id:?}	Retrying wake-only dormant Claude eligibility check: conversation_id={conversation_id:?} task_id={task_id:?}	intentional-preserve-command-code-token	Command, placeholder, code, path, format, endpoint, or protocol token should remain stable.
3921	27386	ai-agent	app/src/ai/blocklist/controller.rs	target-and-source-present	Failed to prepare dormant Claude wake command for {conversation_id:?} task_id={task_id:?}: {err:#}	Failed to prepare dormant Claude wake command for {conversation_id:?} task_id={task_id:?}: {err:#}	intentional-preserve-command-code-token	Command, placeholder, code, path, format, endpoint, or protocol token should remain stable.
3922	27393	ai-agent	app/src/ai/blocklist/controller.rs	target-and-source-present	Ignoring dormant Claude wake-ready signal: conversation_id={conversation_id:?}	Ignoring dormant Claude wake-ready signal: conversation_id={conversation_id:?}	intentional-preserve-command-code-token	Command, placeholder, code, path, format, endpoint, or protocol token should remain stable.
3923	27400	ai-agent	app/src/ai/blocklist/controller.rs	target-and-source-present	Tried to build passive suggestions request params for non-existent conversation with ID {conversation_id:?}	Tried to build passive suggestions request params for non-existent conversation with ID {conversation_id:?}	intentional-preserve-command-code-token	Command, placeholder, code, path, format, endpoint, or protocol token should remain stable.
3924	27407	ai-agent	app/src/ai/blocklist/controller.rs	target-and-source-present	Tried to use agent response completed trigger to generate passive suggestions without a conversation ID	Tried to use agent response completed trigger to generate passive suggestions without a conversation ID	intentional-preserve-command-code-token	Command, placeholder, code, path, format, endpoint, or protocol token should remain stable.
3925	27414	ai-agent	app/src/ai/blocklist/controller.rs	target-and-source-present	Tried to send request for non-existent conversation with ID {:?}	Tried to send request for non-existent conversation with ID {:?}	intentional-preserve-command-code-token	Command, placeholder, code, path, format, endpoint, or protocol token should remain stable.
3926	27421	ai-agent	app/src/ai/blocklist/controller.rs	target-and-source-present	Not sending AI input because there is an in-flight request	Not sending AI input because there is an in-flight request	intentional-preserve-command-code-token	Command, placeholder, code, path, format, endpoint, or protocol token should remain stable.
3927	27428	ai-agent	app/src/ai/blocklist/controller.rs	target-and-source-present	This model should only have a single subscriber that takes ownership over the event.	This model should only have a single subscriber that takes ownership over the event.	intentional-preserve-command-code-token	Command, placeholder, code, path, format, endpoint, or protocol token should remain stable.
3928	27435	ai-agent	app/src/ai/blocklist/controller.rs	target-and-source-present	Failed to apply client actions to conversation: {e:?}	Failed to apply client actions to conversation: {e:?}	intentional-preserve-command-code-token	Command, placeholder, code, path, format, endpoint, or protocol token should remain stable.
3929	27442	ai-agent	app/src/ai/blocklist/controller.rs	target-and-source-present	Could not find conversation for response stream: {stream_id:?}	Could not find conversation for response stream: {stream_id:?}	intentional-preserve-command-code-token	Command, placeholder, code, path, format, endpoint, or protocol token should remain stable.
3930	27449	ai-agent	app/src/ai/blocklist/controller.rs	target-and-source-present	generate_multi_agent_output stream ended without emitting StreamFinished event.	generate_multi_agent_output stream ended without emitting StreamFinished event.	intentional-preserve-command-code-token	Command, placeholder, code, path, format, endpoint, or protocol token should remain stable.
3931	27456	ai-agent	app/src/ai/blocklist/controller.rs	target-and-source-present	Request did not successfully complete	Request did not successfully complete	intentional-preserve-command-code-token	Command, placeholder, code, path, format, endpoint, or protocol token should remain stable.
3932	27463	ai-agent	app/src/ai/blocklist/controller.rs	target-and-source-present	Response stream finished unexpectedly (with finish reason `Other`).	Response stream finished unexpectedly (with finish reason `Other`).	intentional-preserve-command-code-token	Command, placeholder, code, path, format, endpoint, or protocol token should remain stable.
3933	27470	ai-agent	app/src/ai/blocklist/controller.rs	target-and-source-present	Input exceeded context window limit.	Input exceeded context window limit.	intentional-preserve-command-code-token	Command, placeholder, code, path, format, endpoint, or protocol token should remain stable.
3934	27477	ai-agent	app/src/ai/blocklist/controller.rs	target-and-source-present	The LLM is currently unavailable.	The LLM is currently unavailable.	intentional-preserve-command-code-token	Command, placeholder, code, path, format, endpoint, or protocol token should remain stable.
3935	27484	ai-agent	app/src/ai/blocklist/controller.rs	target-and-source-present	Google	Google	intentional-preserve-command-code-token	Command, placeholder, code, path, format, endpoint, or protocol token should remain stable.
3936	27491	ai-agent	app/src/ai/blocklist/controller.rs	target-and-source-present	Anthropic	Anthropic	intentional-preserve-command-code-token	Command, placeholder, code, path, format, endpoint, or protocol token should remain stable.
3937	27498	ai-agent	app/src/ai/blocklist/controller.rs	target-and-source-present	OpenAI	OpenAI	intentional-preserve-telemetry-feature-id	CamelCase action, telemetry, feature, or enum identifier should not be localized.
3938	27505	ai-agent	app/src/ai/blocklist/controller.rs	target-and-source-present	xAI	xAI	intentional-preserve-telemetry-feature-id	CamelCase action, telemetry, feature, or enum identifier should not be localized.
3939	27512	ai-agent	app/src/ai/blocklist/controller.rs	target-and-source-present	OpenRouter	OpenRouter	intentional-preserve-telemetry-feature-id	CamelCase action, telemetry, feature, or enum identifier should not be localized.
3940	27519	ai-agent	app/src/ai/blocklist/controller.rs	target-and-source-present	Unknown	Unknown	intentional-preserve-command-code-token	Command, placeholder, code, path, format, endpoint, or protocol token should remain stable.
3941	27526	ai-agent	app/src/ai/blocklist/controller.rs	target-and-source-present	Response stream finished unexpectedly with internal error: {message}	Response stream finished unexpectedly with internal error: {message}	intentional-preserve-command-code-token	Command, placeholder, code, path, format, endpoint, or protocol token should remain stable.
3942	27533	ai-agent	app/src/ai/blocklist/controller.rs	missing-in-current-source	Found tool call result with ID '{action_id_str}' but no corresponding tool call in task context. Server conversation ID: '{server_conversation_id}'	Found tool call result with ID '{action_id_str}' but no corresponding tool call in task context. Server conversation ID: '{server_conversation_id}'	needs-owner-review-source-state	Current-source string did not match audit source exactly; treat as escaped/newline or source drift queue before editing.
3949	27582	ai-agent	app/src/ai/blocklist/inline_action/code_diff_view.rs	target-and-source-present	Accept and continue with agent	Accept and continue with agent	needs-translation-candidate-visible-ui	Likely visible UI copy remains English; translate after GUI/runtime owner confirmation.
3950	27589	ai-agent	app/src/ai/blocklist/inline_action/code_diff_view.rs	target-and-source-present	Iterate with agent	Iterate with agent	needs-translation-candidate-visible-ui	Likely visible UI copy remains English; translate after GUI/runtime owner confirmation.
3952	27603	ai-agent	app/src/ai/blocklist/inline_action/code_diff_view.rs	target-and-source-present	DispatchedRequestedEditExpanded	DispatchedRequestedEditExpanded	intentional-preserve-telemetry-feature-id	CamelCase action, telemetry, feature, or enum identifier should not be localized.
3953	27610	ai-agent	app/src/ai/blocklist/inline_action/code_diff_view.rs	target-and-source-present	SuggestedEditInlineBanner	SuggestedEditInlineBanner	intentional-preserve-telemetry-feature-id	CamelCase action, telemetry, feature, or enum identifier should not be localized.
3955	27624	ai-agent	app/src/ai/blocklist/inline_action/code_diff_view.rs	target-and-source-present	Failed to save file for accepted AgentMode diffs	Failed to save file for accepted AgentMode diffs	needs-owner-review-internal-log-or-error	English diagnostic/error string may be internal or runtime-visible; needs owner visibility decision.
3956	27631	ai-agent	app/src/ai/blocklist/inline_action/code_diff_view.rs	target-and-source-present	Failed to save file for accepted AgentMode diffs for {}: {}	Failed to save file for accepted AgentMode diffs for {}: {}	intentional-preserve-command-code-token	Command, placeholder, code, path, format, endpoint, or protocol token should remain stable.
3957	27638	ai-agent	app/src/ai/blocklist/inline_action/code_diff_view.rs	target-and-source-present	Failed to save file {file_path_clone}	Failed to save file {file_path_clone}	intentional-preserve-command-code-token	Command, placeholder, code, path, format, endpoint, or protocol token should remain stable.
3958	27645	ai-agent	app/src/ai/blocklist/inline_action/code_diff_view.rs	target-and-source-present	Action {action_id} finished but status not found in action model	Action {action_id} finished but status not found in action model	intentional-preserve-command-code-token	Command, placeholder, code, path, format, endpoint, or protocol token should remain stable.
3962	27673	ai-agent	app/src/ai/blocklist/inline_action/code_diff_view.rs	target-and-source-present	set_candidate_diffs should only be called once	set_candidate_diffs should only be called once	intentional-preserve-command-code-token	Command, placeholder, code, path, format, endpoint, or protocol token should remain stable.
3963	27680	ai-agent	app/src/ai/blocklist/inline_action/code_diff_view.rs	target-and-source-present	Attempted to accept diff in view-only mode	Attempted to accept diff in view-only mode	needs-owner-review-internal-log-or-error	English diagnostic/error string may be internal or runtime-visible; needs owner visibility decision.
3964	27687	ai-agent	app/src/ai/blocklist/inline_action/code_diff_view.rs	target-and-source-present	Attempted to revert changes when not in Accepted(None) state - actual state: {:?}	Attempted to revert changes when not in Accepted(None) state - actual state: {:?}	intentional-preserve-command-code-token	Command, placeholder, code, path, format, endpoint, or protocol token should remain stable.
3965	27694	ai-agent	app/src/ai/blocklist/inline_action/code_diff_view.rs	target-and-source-present	Failed to revert changes to {file_name}	Failed to revert changes to {file_name}	intentional-preserve-command-code-token	Command, placeholder, code, path, format, endpoint, or protocol token should remain stable.
3966	27701	ai-agent	app/src/ai/blocklist/inline_action/code_diff_view.rs	target-and-source-present	+{lines_added}	+{lines_added}	intentional-preserve-command-code-token	Command, placeholder, code, path, format, endpoint, or protocol token should remain stable.
3967	27708	ai-agent	app/src/ai/blocklist/inline_action/code_diff_view.rs	target-and-source-present	-{lines_removed}	-{lines_removed}	intentional-preserve-command-code-token	Command, placeholder, code, path, format, endpoint, or protocol token should remain stable.
3971	27736	ai-agent	app/src/ai/blocklist/inline_action/code_diff_view.rs	target-and-source-present	{file_name} → {rename_file_name}	{file_name} → {rename_file_name}	intentional-preserve-command-code-token	Command, placeholder, code, path, format, endpoint, or protocol token should remain stable.
3974	27757	ai-agent	app/src/ai/blocklist/inline_action/code_diff_view.rs	target-and-source-present	CodeDiffView-{}-tab-{i}	CodeDiffView-{}-tab-{i}	intentional-preserve-command-code-token	Command, placeholder, code, path, format, endpoint, or protocol token should remain stable.
3975	27764	ai-agent	app/src/ai/blocklist/inline_action/code_diff_view.rs	target-and-source-present	CodeDiffView-inline-editor-{}	CodeDiffView-inline-editor-{}	intentional-preserve-command-code-token	Command, placeholder, code, path, format, endpoint, or protocol token should remain stable.
3976	27771	ai-agent	app/src/ai/blocklist/inline_action/code_diff_view.rs	target-and-source-present	CodeDiffView-inline-speedbump-{}	CodeDiffView-inline-speedbump-{}	intentional-preserve-command-code-token	Command, placeholder, code, path, format, endpoint, or protocol token should remain stable.
3977	27778	ai-agent	app/src/ai/blocklist/inline_action/code_diff_view.rs	target-and-source-present	CodeDiffView-{position_id_prefix}-accept-split	CodeDiffView-{position_id_prefix}-accept-split	intentional-preserve-command-code-token	Command, placeholder, code, path, format, endpoint, or protocol token should remain stable.
3981	27806	ai-agent	app/src/ai/blocklist/inline_action/code_diff_view.rs	missing-in-current-source	...n	...n	needs-owner-review-source-state	Current-source string did not match audit source exactly; treat as escaped/newline or source drift queue before editing.
3985	27834	ai-agent	app/src/ai/blocklist/passive_suggestions/static_prompt_suggestions.rs	target-and-source-present	Invalid pattern for static prompt rule `{}`: {}	Invalid pattern for static prompt rule `{}`: {}	intentional-preserve-command-code-token	Command, placeholder, code, path, format, endpoint, or protocol token should remain stable.
4032	28163	ai-agent	app/src/ai/blocklist/passive_suggestions/static_prompt_suggestions.rs	target-and-source-present	{{{i}}}	{{{i}}}	intentional-preserve-command-code-token	Command, placeholder, code, path, format, endpoint, or protocol token should remain stable.
4048	28275	ai-agent	app/src/ai/mcp/templatable_manager/native.rs	target-and-source-present	Failed to save TemplatableMCPServerInstallation running status to database: {err}	Failed to save TemplatableMCPServerInstallation running status to database: {err}	intentional-preserve-command-code-token	Command, placeholder, code, path, format, endpoint, or protocol token should remain stable.
4049	28282	ai-agent	app/src/ai/mcp/templatable_manager/native.rs	target-and-source-present	No templatable MCP installation found for installation_uuid {installation_uuid}; cannot resolve template variables	No templatable MCP installation found for installation_uuid {installation_uuid}; cannot resolve template variables	intentional-preserve-command-code-token	Command, placeholder, code, path, format, endpoint, or protocol token should remain stable.
4050	28289	ai-agent	app/src/ai/mcp/templatable_manager/native.rs	target-and-source-present	Templatable MCP server template contains no servers: {template_uuid}	Templatable MCP server template contains no servers: {template_uuid}	intentional-preserve-command-code-token	Command, placeholder, code, path, format, endpoint, or protocol token should remain stable.
4052	28303	ai-agent	app/src/ai/mcp/templatable_manager/native.rs	target-and-source-present	Failed to parse resolved MCP server JSON for '{template_uuid}': {err:#}	Failed to parse resolved MCP server JSON for '{template_uuid}': {err:#}	intentional-preserve-command-code-token	Command, placeholder, code, path, format, endpoint, or protocol token should remain stable.
4053	28310	ai-agent	app/src/ai/mcp/templatable_manager/native.rs	target-and-source-present	Failed to parse MCP server: {err:#}	Failed to parse MCP server: {err:#}	intentional-preserve-command-code-token	Command, placeholder, code, path, format, endpoint, or protocol token should remain stable.
4056	28331	ai-agent	app/src/ai/mcp/templatable_manager/native.rs	target-and-source-present	Failed to register MCP log file: {}	Failed to register MCP log file: {}	intentional-preserve-command-code-token	Command, placeholder, code, path, format, endpoint, or protocol token should remain stable.
4057	28338	ai-agent	app/src/ai/mcp/templatable_manager/native.rs	target-and-source-present	Failed to register MCP log file for {template_uuid}: {e}	Failed to register MCP log file for {template_uuid}: {e}	intentional-preserve-command-code-token	Command, placeholder, code, path, format, endpoint, or protocol token should remain stable.
4058	28345	ai-agent	app/src/ai/mcp/templatable_manager/native.rs	target-and-source-present	[error] MCP: Failed to connect to server: {e:#}	[error] MCP: Failed to connect to server: {e:#}	intentional-preserve-command-code-token	Command, placeholder, code, path, format, endpoint, or protocol token should remain stable.
4059	28352	ai-agent	app/src/ai/mcp/templatable_manager/native.rs	target-and-source-present	We have successfully spawned a server with installation_uuid {installation_uuid}!	We have successfully spawned a server with installation_uuid {installation_uuid}!	intentional-preserve-command-code-token	Command, placeholder, code, path, format, endpoint, or protocol token should remain stable.
4060	28359	ai-agent	app/src/ai/mcp/templatable_manager/native.rs	target-and-source-present	A server with template uuid {} is already installed. The existing installation with uuid {} will be deleted.	A server with template uuid {} is already installed. The existing installation with uuid {} will be deleted.	intentional-preserve-command-code-token	Command, placeholder, code, path, format, endpoint, or protocol token should remain stable.
4061	28366	ai-agent	app/src/ai/mcp/templatable_manager/native.rs	target-and-source-present	Figma	Figma	intentional-preserve-short-token-or-label	Short product label, token, or non-sentence text preserved.
4062	28373	ai-agent	app/src/ai/mcp/templatable_manager/native.rs	target-and-source-present	De-duplicating one update for {installation_uuid} which is the same as the current template.	De-duplicating one update for {installation_uuid} which is the same as the current template.	intentional-preserve-command-code-token	Command, placeholder, code, path, format, endpoint, or protocol token should remain stable.
4063	28380	ai-agent	app/src/ai/mcp/templatable_manager/native.rs	target-and-source-present	Copying OAuth credentials from legacy server {sync_id} to template {template_uuid}	Copying OAuth credentials from legacy server {sync_id} to template {template_uuid}	intentional-preserve-command-code-token	Command, placeholder, code, path, format, endpoint, or protocol token should remain stable.
4064	28387	ai-agent	app/src/ai/mcp/templatable_manager/native.rs	target-and-source-present	Converting {} legacy MCP servers into templatable MCP servers	Converting {} legacy MCP servers into templatable MCP servers	intentional-preserve-command-code-token	Command, placeholder, code, path, format, endpoint, or protocol token should remain stable.
4065	28394	ai-agent	app/src/ai/mcp/templatable_manager/native.rs	target-and-source-present	Reconnection already in progress for {installation_uuid}, adding to waiters	Reconnection already in progress for {installation_uuid}, adding to waiters	intentional-preserve-command-code-token	Command, placeholder, code, path, format, endpoint, or protocol token should remain stable.
4067	28408	ai-agent	app/src/ai/mcp/templatable_manager/native.rs	target-and-source-present	Skipping file-based MCP server '{server_name}' ({uuid}); already running	Skipping file-based MCP server '{server_name}' ({uuid}); already running	intentional-preserve-command-code-token	Command, placeholder, code, path, format, endpoint, or protocol token should remain stable.
4068	28415	ai-agent	app/src/ai/mcp/templatable_manager/native.rs	target-and-source-present	Skipping file-based MCP server '{server_name}' ({uuid}); already starting	Skipping file-based MCP server '{server_name}' ({uuid}); already starting	intentional-preserve-command-code-token	Command, placeholder, code, path, format, endpoint, or protocol token should remain stable.
4070	28429	ai-agent	app/src/ai/mcp/templatable_manager/native.rs	target-and-source-present	[info] MCP: Using stdio transport	[info] MCP: Using stdio transport	intentional-preserve-command-code-token	Command, placeholder, code, path, format, endpoint, or protocol token should remain stable.
4071	28436	ai-agent	app/src/ai/mcp/templatable_manager/native.rs	target-and-source-present	cmd.exe	cmd.exe	intentional-preserve-short-token-or-label	Short product label, token, or non-sentence text preserved.
4072	28443	ai-agent	app/src/ai/mcp/templatable_manager/native.rs	target-and-source-present	[warn] MCP: Skipping empty environment variable: {name}	[warn] MCP: Skipping empty environment variable: {name}	intentional-preserve-command-code-token	Command, placeholder, code, path, format, endpoint, or protocol token should remain stable.
4074	28457	ai-agent	app/src/ai/mcp/templatable_manager/native.rs	missing-in-current-source	[error] MCP: Failed to spawn '{server_name}': command '{command_for_log}' not found (cwd: {cwd_display}). If your MCP server depends on a specific working directory, set the `working_directory` field in your config to override the default.	[error] MCP: Failed to spawn '{server_name}': command '{command_for_log}' not found (cwd: {cwd_display}). If your MCP server depends on a specific working directory, set the `working_directory` field in your config to override the default.	needs-owner-review-source-state	Current-source string did not match audit source exactly; treat as escaped/newline or source drift queue before editing.
4075	28464	ai-agent	app/src/ai/mcp/templatable_manager/native.rs	target-and-source-present	[info] MCP [pid: {pid}] stderr: {buf}	[info] MCP [pid: {pid}] stderr: {buf}	intentional-preserve-command-code-token	Command, placeholder, code, path, format, endpoint, or protocol token should remain stable.
4076	28471	ai-agent	app/src/ai/mcp/templatable_manager/native.rs	target-and-source-present	[info] MCP: Using Streaming HTTP transport	[info] MCP: Using Streaming HTTP transport	intentional-preserve-command-code-token	Command, placeholder, code, path, format, endpoint, or protocol token should remain stable.
4077	28478	ai-agent	app/src/ai/mcp/templatable_manager/native.rs	target-and-source-present	[info] MCP: Using (legacy) SSE transport (due to preflight failing with a 404)	[info] MCP: Using (legacy) SSE transport (due to preflight failing with a 404)	intentional-preserve-command-code-token	Command, placeholder, code, path, format, endpoint, or protocol token should remain stable.
4078	28485	ai-agent	app/src/ai/mcp/templatable_manager/native.rs	target-and-source-present	[error] MCP: preflight connection to MCP server failed: {err:#}	[error] MCP: preflight connection to MCP server failed: {err:#}	intentional-preserve-command-code-token	Command, placeholder, code, path, format, endpoint, or protocol token should remain stable.
4079	28492	ai-agent	app/src/ai/mcp/templatable_manager/native.rs	target-and-source-present	[info] MCP: Connected to server: {server_info:#?}	[info] MCP: Connected to server: {server_info:#?}	intentional-preserve-command-code-token	Command, placeholder, code, path, format, endpoint, or protocol token should remain stable.
4083	28520	ai-agent	app/src/ai/mcp/templatable_manager/native.rs	target-and-source-present	[info] MCP: Sending request: {json}	[info] MCP: Sending request: {json}	intentional-preserve-command-code-token	Command, placeholder, code, path, format, endpoint, or protocol token should remain stable.
4084	28527	ai-agent	app/src/ai/mcp/templatable_manager/native.rs	target-and-source-present	[warn] MCP: Failed to send request: {e:#}	[warn] MCP: Failed to send request: {e:#}	intentional-preserve-command-code-token	Command, placeholder, code, path, format, endpoint, or protocol token should remain stable.
4085	28534	ai-agent	app/src/ai/mcp/templatable_manager/native.rs	target-and-source-present	[info] MCP: Received response: {json}	[info] MCP: Received response: {json}	intentional-preserve-command-code-token	Command, placeholder, code, path, format, endpoint, or protocol token should remain stable.
4087	28550	auth-account	app/src/auth/auth_manager/user_persistence.rs	target-and-source-present	use auth_tokens.refresh_token instead	use auth_tokens.refresh_token instead	intentional-preserve-command-code-token	Command, placeholder, code, path, format, endpoint, or protocol token should remain stable.
4088	28557	auth-account	app/src/auth/auth_manager/user_persistence.rs	target-and-source-present	secure storage error	secure storage error	intentional-preserve-short-token-or-label	Short product label, token, or non-sentence text preserved.
4089	28564	auth-account	app/src/auth/auth_manager/user_persistence.rs	target-and-source-present	failed to serialize or deserialize a PersistedUser struct	failed to serialize or deserialize a PersistedUser struct	needs-owner-review-internal-log-or-error	English diagnostic/error string may be internal or runtime-visible; needs owner visibility decision.
4090	28571	auth-account	app/src/auth/auth_manager.rs	target-and-source-present	Dropping auth redirect with stale state for already-logged-in user	Dropping auth redirect with stale state for already-logged-in user	needs-owner-review-internal-log-or-error	English diagnostic/error string may be internal or runtime-visible; needs owner visibility decision.
4091	28578	auth-account	app/src/auth/auth_manager.rs	target-and-source-present	{}?redirect_to={}	{}?redirect_to={}	intentional-preserve-command-code-token	Command, placeholder, code, path, format, endpoint, or protocol token should remain stable.
4092	28585	auth-account	app/src/auth/auth_manager.rs	target-and-source-present	Failed to fetch custom token for authenticating anonymous user in browser: {e:?}	Failed to fetch custom token for authenticating anonymous user in browser: {e:?}	intentional-preserve-command-code-token	Command, placeholder, code, path, format, endpoint, or protocol token should remain stable.
4093	28592	auth-account	app/src/auth/auth_override_warning_body.rs	target-and-source-present	AuthOverrideWarningBody	AuthOverrideWarningBody	intentional-preserve-telemetry-feature-id	CamelCase action, telemetry, feature, or enum identifier should not be localized.
4094	28599	auth-account	app/src/auth/auth_state.rs	target-and-source-present	{API_KEY_PREFIX}{api_key_value}	{API_KEY_PREFIX}{api_key_value}	intentional-preserve-command-code-token	Command, placeholder, code, path, format, endpoint, or protocol token should remain stable.
4095	28606	auth-account	app/src/auth/auth_state.rs	target-and-source-present	Found persisted user with empty refresh token; clearing secure storage entry	Found persisted user with empty refresh token; clearing secure storage entry	intentional-preserve-command-code-token	Command, placeholder, code, path, format, endpoint, or protocol token should remain stable.
4096	28613	auth-account	app/src/auth/auth_state.rs	target-and-source-present	Tried to update Firebase tokens without Firebase credentials	Tried to update Firebase tokens without Firebase credentials	intentional-preserve-command-code-token	Command, placeholder, code, path, format, endpoint, or protocol token should remain stable.
4097	28620	auth-account	app/src/auth/auth_view_body.rs	target-and-source-present	Anonymous user initiated sign-up from unexpected AuthView variant	Anonymous user initiated sign-up from unexpected AuthView variant	intentional-preserve-short-token-or-label	Short product label, token, or non-sentence text preserved.
4098	28627	auth-account	app/src/auth/auth_view_body.rs	target-and-source-present	AuthViewBody	AuthViewBody	intentional-preserve-telemetry-feature-id	CamelCase action, telemetry, feature, or enum identifier should not be localized.
4099	28634	auth-account	app/src/auth/auth_view_modal.rs	target-and-source-present	Received URL without refresh token query param: {}	Received URL without refresh token query param: {}	intentional-preserve-command-code-token	Command, placeholder, code, path, format, endpoint, or protocol token should remain stable.
4100	28641	auth-account	app/src/auth/credentials.rs	target-and-source-present	returnSecureToken	returnSecureToken	intentional-preserve-telemetry-feature-id	CamelCase action, telemetry, feature, or enum identifier should not be localized.
4101	28648	auth-account	app/src/auth/login_slide.rs	target-and-source-present	Phenomenon	Phenomenon	intentional-preserve-short-token-or-label	Short product label, token, or non-sentence text preserved.
4102	28655	auth-account	app/src/auth/login_slide.rs	target-and-source-present	Dark	Dark	intentional-preserve-short-token-or-label	Short product label, token, or non-sentence text preserved.
4103	28662	auth-account	app/src/auth/login_slide.rs	target-and-source-present	Light	Light	intentional-preserve-short-token-or-label	Short product label, token, or non-sentence text preserved.
4104	28669	auth-account	app/src/auth/login_slide.rs	target-and-source-present	Adeberry	Adeberry	intentional-preserve-short-token-or-label	Short product label, token, or non-sentence text preserved.
4105	28676	auth-account	app/src/auth/mod.rs	target-and-source-present	wk-	wk-	intentional-preserve-short-token-or-label	Short product label, token, or non-sentence text preserved.
4106	28683	auth-account	app/src/auth/mod.rs	target-and-source-present	Failed to remove Crash Reporting Enabled Defaults Key from user defaults: {e:?}	Failed to remove Crash Reporting Enabled Defaults Key from user defaults: {e:?}	intentional-preserve-command-code-token	Command, placeholder, code, path, format, endpoint, or protocol token should remain stable.
4116	28753	billing-quota	app/src/billing/shared_objects_creation_denied_body.rs	target-and-source-present	SharedObjectsCreationDeniedBody	SharedObjectsCreationDeniedBody	intentional-preserve-telemetry-feature-id	CamelCase action, telemetry, feature, or enum identifier should not be localized.
4134	28879	warp-drive	app/src/drive/export.rs	target-and-source-present	Exporting {id:?} failed	Exporting {id:?} failed	intentional-preserve-command-code-token	Command, placeholder, code, path, format, endpoint, or protocol token should remain stable.
4135	28886	warp-drive	app/src/drive/export.rs	target-and-source-present	Exporting {id:?} failed: {error:#}	Exporting {id:?} failed: {error:#}	intentional-preserve-command-code-token	Command, placeholder, code, path, format, endpoint, or protocol token should remain stable.
4141	28928	warp-drive	app/src/drive/import/modal_body.rs	target-and-source-present	md, yaml, yml	md, yaml, yml	intentional-preserve-command-code-token	Command, placeholder, code, path, format, endpoint, or protocol token should remain stable.
4142	28935	warp-drive	app/src/drive/import/modal_body.rs	target-and-source-present	ImportModalBody	ImportModalBody	intentional-preserve-telemetry-feature-id	CamelCase action, telemetry, feature, or enum identifier should not be localized.
4145	28956	warp-drive	app/src/drive/index.rs	target-and-source-present	Notebook	Notebook	intentional-preserve-short-token-or-label	Short product label, token, or non-sentence text preserved.
4168	29117	warp-drive	app/src/drive/index.rs	target-and-source-present	WarpDrive_TrashButton	WarpDrive_TrashButton	intentional-preserve-command-code-token	Command, placeholder, code, path, format, endpoint, or protocol token should remain stable.
4183	29222	warp-drive	app/src/drive/index.rs	target-and-source-present	AI Fact	AI Fact	intentional-preserve-short-token-or-label	Short product label, token, or non-sentence text preserved.
4185	29236	warp-drive	app/src/drive/index.rs	target-and-source-present	MCP Server	MCP Server	intentional-preserve-command-code-token	Command, placeholder, code, path, format, endpoint, or protocol token should remain stable.
4188	29257	warp-drive	app/src/drive/index.rs	target-and-source-present	{banner_line_1} {SHARED_OBJECT_LIMIT_HIT_BANNER_LINE}	{banner_line_1} {SHARED_OBJECT_LIMIT_HIT_BANNER_LINE}	intentional-preserve-command-code-token	Command, placeholder, code, path, format, endpoint, or protocol token should remain stable.
4190	29271	warp-drive	app/src/drive/index.rs	target-and-source-present	{PAYMENT_ISSUE_BANNER_LINE_1} {banner_line_2}	{PAYMENT_ISSUE_BANNER_LINE_1} {banner_line_2}	intentional-preserve-command-code-token	Command, placeholder, code, path, format, endpoint, or protocol token should remain stable.
4203	29362	warp-drive	app/src/drive/index.rs	target-and-source-present	section_position_{section:?}	section_position_{section:?}	intentional-preserve-command-code-token	Command, placeholder, code, path, format, endpoint, or protocol token should remain stable.
4204	29369	warp-drive	app/src/drive/index.rs	target-and-source-present	DriveIndex	DriveIndex	intentional-preserve-telemetry-feature-id	CamelCase action, telemetry, feature, or enum identifier should not be localized.
4205	29376	warp-drive	app/src/drive/index.rs	target-and-source-present	DisableDriveIndexVimKeybindings	DisableDriveIndexVimKeybindings	intentional-preserve-telemetry-feature-id	CamelCase action, telemetry, feature, or enum identifier should not be localized.
4206	29383	warp-drive	app/src/drive/index.rs	target-and-source-present	Use DriveIndexAction::OpenWorkflowModal to open the modal instead	Use DriveIndexAction::OpenWorkflowModal to open the modal instead	intentional-preserve-command-code-token	Command, placeholder, code, path, format, endpoint, or protocol token should remain stable.
4207	29390	warp-drive	app/src/drive/index.rs	target-and-source-present	Use DriveIndexAction::OpenMCPServerCollection to open the pane view instead	Use DriveIndexAction::OpenMCPServerCollection to open the pane view instead	intentional-preserve-command-code-token	Command, placeholder, code, path, format, endpoint, or protocol token should remain stable.
4210	29411	warp-drive	app/src/drive/items/item.rs	target-and-source-present	{edits}  |  {actions}	{edits}  |  {actions}	intentional-preserve-command-code-token	Command, placeholder, code, path, format, endpoint, or protocol token should remain stable.
4211	29418	warp-drive	app/src/drive/items/item.rs	target-and-source-present	From 	From 	intentional-preserve-command-code-token	Command, placeholder, code, path, format, endpoint, or protocol token should remain stable.
4216	29453	warp-drive	app/src/drive/items/mod.rs	target-and-source-present	AI_fact_collection	AI_fact_collection	intentional-preserve-command-code-token	Command, placeholder, code, path, format, endpoint, or protocol token should remain stable.
4217	29460	warp-drive	app/src/drive/items/mod.rs	target-and-source-present	MCP_server_collection	MCP_server_collection	intentional-preserve-command-code-token	Command, placeholder, code, path, format, endpoint, or protocol token should remain stable.
4231	29558	warp-drive	app/src/drive/settings.rs	target-and-source-present	HasAutoOpenedWelcomeFolder	HasAutoOpenedWelcomeFolder	intentional-preserve-telemetry-feature-id	CamelCase action, telemetry, feature, or enum identifier should not be localized.
4232	29565	warp-drive	app/src/drive/settings.rs	target-and-source-present	The sort order for items in Warp Drive.	The sort order for items in Warp Drive.	intentional-preserve-command-code-token	Command, placeholder, code, path, format, endpoint, or protocol token should remain stable.
4233	29572	warp-drive	app/src/drive/settings.rs	target-and-source-present	Whether Warp Drive is enabled.	Whether Warp Drive is enabled.	intentional-preserve-command-code-token	Command, placeholder, code, path, format, endpoint, or protocol token should remain stable.
4234	29579	warp-drive	app/src/drive/sharing/dialog/inheritance.rs	target-and-source-present	Inherited from 	Inherited from 	intentional-preserve-command-code-token	Command, placeholder, code, path, format, endpoint, or protocol token should remain stable.
4240	29621	warp-drive	app/src/drive/sharing/dialog/mod.rs	target-and-source-present	sharing_dialog_guest_access_button_{}_{}	sharing_dialog_guest_access_button_{}_{}	intentional-preserve-command-code-token	Command, placeholder, code, path, format, endpoint, or protocol token should remain stable.
4243	29642	warp-drive	app/src/drive/sharing/dialog/mod.rs	target-and-source-present	Unable to upgrade handle to TerminalView when removing guest from session	Unable to upgrade handle to TerminalView when removing guest from session	intentional-preserve-command-code-token	Command, placeholder, code, path, format, endpoint, or protocol token should remain stable.
4244	29649	warp-drive	app/src/drive/sharing/dialog/mod.rs	target-and-source-present	Unable to upgrade handle to TerminalView when setting guest ACL for session	Unable to upgrade handle to TerminalView when setting guest ACL for session	intentional-preserve-command-code-token	Command, placeholder, code, path, format, endpoint, or protocol token should remain stable.
4245	29656	warp-drive	app/src/drive/sharing/dialog/mod.rs	target-and-source-present	AI conversation {:?} has no server_id for permission update	AI conversation {:?} has no server_id for permission update	intentional-preserve-command-code-token	Command, placeholder, code, path, format, endpoint, or protocol token should remain stable.
4246	29663	warp-drive	app/src/drive/sharing/dialog/mod.rs	target-and-source-present	invite_form_access_level_{}	invite_form_access_level_{}	intentional-preserve-command-code-token	Command, placeholder, code, path, format, endpoint, or protocol token should remain stable.
4251	29698	warp-drive	app/src/drive/sharing/dialog/mod.rs	target-and-source-present	%l:%M%P	%l:%M%P	intentional-preserve-command-code-token	Command, placeholder, code, path, format, endpoint, or protocol token should remain stable.
4252	29705	warp-drive	app/src/drive/sharing/dialog/mod.rs	target-and-source-present	You must have full access to manage permissions. You have 	You must have full access to manage permissions. You have 	intentional-preserve-command-code-token	Command, placeholder, code, path, format, endpoint, or protocol token should remain stable.
4254	29719	warp-drive	app/src/drive/sharing/dialog/mod.rs	target-and-source-present	{PREFIX}{}{SUFFIX}	{PREFIX}{}{SUFFIX}	intentional-preserve-command-code-token	Command, placeholder, code, path, format, endpoint, or protocol token should remain stable.
4257	29740	warp-drive	app/src/drive/sharing/dialog/mod.rs	target-and-source-present	link_sharing_menu_button_{}	link_sharing_menu_button_{}	intentional-preserve-command-code-token	Command, placeholder, code, path, format, endpoint, or protocol token should remain stable.
4260	29761	warp-drive	app/src/drive/sharing/dialog/mod.rs	target-and-source-present	team_sharing_menu_button_{}	team_sharing_menu_button_{}	intentional-preserve-command-code-token	Command, placeholder, code, path, format, endpoint, or protocol token should remain stable.
4264	29789	warp-drive	app/src/drive/sharing/dialog/mod.rs	target-and-source-present	warp-session-qr-code-{session_id}.png	warp-session-qr-code-{session_id}.png	intentional-preserve-command-code-token	Command, placeholder, code, path, format, endpoint, or protocol token should remain stable.
4265	29796	warp-drive	app/src/drive/sharing/dialog/mod.rs	target-and-source-present	warp-session-qr-code.png	warp-session-qr-code.png	intentional-preserve-command-code-token	Command, placeholder, code, path, format, endpoint, or protocol token should remain stable.
4271	29838	warp-drive	app/src/drive/sharing/dialog/mod.rs	target-and-source-present	AI conversation {:?} has no server_id for link permission update	AI conversation {:?} has no server_id for link permission update	intentional-preserve-command-code-token	Command, placeholder, code, path, format, endpoint, or protocol token should remain stable.
4285	29936	warp-drive	app/src/drive/workflows/enum_creation_dialog.rs	missing-in-current-source	# Enter a shell command that generates variants, delimited by newlines.nngit branch -a	# Enter a shell command that generates variants, delimited by newlines.nngit branch -a	needs-owner-review-source-state	Current-source string did not match audit source exactly; treat as escaped/newline or source drift queue before editing.
4286	29943	warp-drive	app/src/drive/workflows/modal.rs	missing-in-current-source	"echo ""Hello {{your_name}}"" # insert arguments with curly bracesn# enter a single-line command or an entire shell script"	"echo ""Hello {{your_name}}"" # insert arguments with curly bracesn# enter a single-line command or an entire shell script"	needs-owner-review-source-state	Current-source string did not match audit source exactly; treat as escaped/newline or source drift queue before editing.
4288	29957	warp-drive	app/src/drive/workflows/modal.rs	target-and-source-present	{{{{{argument_name}}}}}	{{{{{argument_name}}}}}	intentional-preserve-command-code-token	Command, placeholder, code, path, format, endpoint, or protocol token should remain stable.
4291	29978	warp-drive	app/src/drive/workflows/workflow_arg_selector.rs	target-and-source-present	WorkflowArgSelector	WorkflowArgSelector	intentional-preserve-telemetry-feature-id	CamelCase action, telemetry, feature, or enum identifier should not be localized.
4293	29992	other-reviewed	app/src/tab_configs/branch_picker.rs	target-and-source-present	BranchPicker	BranchPicker	intentional-preserve-telemetry-feature-id	CamelCase action, telemetry, feature, or enum identifier should not be localized.
4294	29999	other-reviewed	app/src/tab_configs/new_worktree_modal.rs	target-and-source-present	my-feature-branch	my-feature-branch	intentional-preserve-command-code-token	Command, placeholder, code, path, format, endpoint, or protocol token should remain stable.
4295	30006	other-reviewed	app/src/tab_configs/params_modal.rs	target-and-source-present	tab_config_param_field_{index}	tab_config_param_field_{index}	intentional-preserve-command-code-token	Command, placeholder, code, path, format, endpoint, or protocol token should remain stable.
4296	30013	other-reviewed	app/src/tab_configs/repo_picker.rs	target-and-source-present	RepoPicker	RepoPicker	intentional-preserve-telemetry-feature-id	CamelCase action, telemetry, feature, or enum identifier should not be localized.
4297	30020	other-reviewed	app/src/tab_configs/session_config.rs	target-and-source-present	Claude	Claude	intentional-preserve-command-code-token	Command, placeholder, code, path, format, endpoint, or protocol token should remain stable.
4298	30027	other-reviewed	app/src/tab_configs/session_config.rs	target-and-source-present	Codex	Codex	intentional-preserve-command-code-token	Command, placeholder, code, path, format, endpoint, or protocol token should remain stable.
4299	30034	other-reviewed	app/src/tab_configs/session_config.rs	target-and-source-present	Gemini	Gemini	intentional-preserve-command-code-token	Command, placeholder, code, path, format, endpoint, or protocol token should remain stable.
4300	30041	other-reviewed	app/src/tab_configs/session_config.rs	target-and-source-present	my-feature-branch	my-feature-branch	intentional-preserve-command-code-token	Command, placeholder, code, path, format, endpoint, or protocol token should remain stable.
4301	30048	other-reviewed	app/src/tab_configs/session_config.rs	target-and-source-present	{{{{{name}}}}}	{{{{{name}}}}}	intentional-preserve-command-code-token	Command, placeholder, code, path, format, endpoint, or protocol token should remain stable.
4302	30055	other-reviewed	app/src/tab_configs/session_config.rs	target-and-source-present	{prefix}: {repo}	{prefix}: {repo}	intentional-preserve-command-code-token	Command, placeholder, code, path, format, endpoint, or protocol token should remain stable.
4303	30062	other-reviewed	app/src/tab_configs/session_config.rs	target-and-source-present	git worktree add -b {autogenerated_branch_name} {worktree_path}	git worktree add -b {autogenerated_branch_name} {worktree_path}	intentional-preserve-command-code-token	Command, placeholder, code, path, format, endpoint, or protocol token should remain stable.
4304	30069	other-reviewed	app/src/tab_configs/session_config.rs	target-and-source-present	cd {worktree_path}	cd {worktree_path}	intentional-preserve-command-code-token	Command, placeholder, code, path, format, endpoint, or protocol token should remain stable.
4305	30076	other-reviewed	app/src/tab_configs/session_config.rs	target-and-source-present	git worktree add -b {worktree_branch_name} {worktree_path}	git worktree add -b {worktree_branch_name} {worktree_path}	intentional-preserve-command-code-token	Command, placeholder, code, path, format, endpoint, or protocol token should remain stable.
4306	30083	other-reviewed	app/src/tab_configs/session_config.rs	target-and-source-present	.git	.git	intentional-preserve-command-code-token	Command, placeholder, code, path, format, endpoint, or protocol token should remain stable.
4308	30097	other-reviewed	app/src/tab_configs/session_config.rs	target-and-source-present	p{counter}	p{counter}	intentional-preserve-command-code-token	Command, placeholder, code, path, format, endpoint, or protocol token should remain stable.
4309	30104	other-reviewed	app/src/tab_configs/tab_config.rs	target-and-source-present	{{{{{name}}}}}	{{{{{name}}}}}	intentional-preserve-command-code-token	Command, placeholder, code, path, format, endpoint, or protocol token should remain stable.
4310	30111	other-reviewed	app/src/tab_configs/tab_config.rs	target-and-source-present	git worktree	git worktree	intentional-preserve-command-code-token	Command, placeholder, code, path, format, endpoint, or protocol token should remain stable.
4311	30118	other-reviewed	app/src/tab_configs/tab_config.rs	target-and-source-present	panes array is empty	panes array is empty	intentional-preserve-command-code-token	Command, placeholder, code, path, format, endpoint, or protocol token should remain stable.
4312	30125	other-reviewed	app/src/tab_configs/tab_config.rs	target-and-source-present	duplicate pane IDs detected	duplicate pane IDs detected	intentional-preserve-command-code-token	Command, placeholder, code, path, format, endpoint, or protocol token should remain stable.
4313	30132	other-reviewed	app/src/tab_configs/tab_config.rs	target-and-source-present	split node '{}' is missing 'children'	split node '{}' is missing 'children'	intentional-preserve-command-code-token	Command, placeholder, code, path, format, endpoint, or protocol token should remain stable.
4314	30139	other-reviewed	app/src/tab_configs/tab_config.rs	target-and-source-present	split node '{}' must have at least 2 children, got {}	split node '{}' must have at least 2 children, got {}	intentional-preserve-command-code-token	Command, placeholder, code, path, format, endpoint, or protocol token should remain stable.
4315	30146	other-reviewed	app/src/tab_configs/tab_config.rs	target-and-source-present	split node '{}' references unknown child '{}'	split node '{}' references unknown child '{}'	intentional-preserve-command-code-token	Command, placeholder, code, path, format, endpoint, or protocol token should remain stable.
4316	30153	other-reviewed	app/src/tab_configs/tab_config.rs	target-and-source-present	leaf pane '{}' is missing required 'type' field	leaf pane '{}' is missing required 'type' field	intentional-preserve-command-code-token	Command, placeholder, code, path, format, endpoint, or protocol token should remain stable.
4317	30160	other-reviewed	app/src/tab_configs/tab_config.rs	target-and-source-present	git worktree add -b {worktree_branch_name} {worktree_path} {base_branch}	git worktree add -b {worktree_branch_name} {worktree_path} {base_branch}	intentional-preserve-command-code-token	Command, placeholder, code, path, format, endpoint, or protocol token should remain stable.
4318	30167	other-reviewed	app/src/tab_configs/tab_config.rs	target-and-source-present	cd {worktree_path}	cd {worktree_path}	intentional-preserve-command-code-token	Command, placeholder, code, path, format, endpoint, or protocol token should remain stable.
4319	30174	other-reviewed	app/src/tab_configs/tab_config.rs	target-and-source-present	git worktree add -b {autogenerated_branch_name} {worktree_path} {base_branch}	git worktree add -b {autogenerated_branch_name} {worktree_path} {base_branch}	intentional-preserve-command-code-token	Command, placeholder, code, path, format, endpoint, or protocol token should remain stable.
4320	30181	other-reviewed	app/src/themes/default_themes.rs	target-and-source-present	Dark	Dark	intentional-preserve-short-token-or-label	Short product label, token, or non-sentence text preserved.
4321	30188	other-reviewed	app/src/themes/default_themes.rs	target-and-source-present	Light	Light	intentional-preserve-short-token-or-label	Short product label, token, or non-sentence text preserved.
4322	30195	other-reviewed	app/src/themes/default_themes.rs	target-and-source-present	Dracula	Dracula	intentional-preserve-short-token-or-label	Short product label, token, or non-sentence text preserved.
4323	30202	other-reviewed	app/src/themes/default_themes.rs	target-and-source-present	Solarized Light	Solarized Light	intentional-preserve-short-token-or-label	Short product label, token, or non-sentence text preserved.
4324	30209	other-reviewed	app/src/themes/default_themes.rs	target-and-source-present	Solarized Dark	Solarized Dark	intentional-preserve-short-token-or-label	Short product label, token, or non-sentence text preserved.
4325	30216	other-reviewed	app/src/themes/default_themes.rs	target-and-source-present	Gruvbox Dark	Gruvbox Dark	intentional-preserve-short-token-or-label	Short product label, token, or non-sentence text preserved.
4326	30223	other-reviewed	app/src/themes/default_themes.rs	target-and-source-present	Gruvbox Light	Gruvbox Light	intentional-preserve-short-token-or-label	Short product label, token, or non-sentence text preserved.
4327	30230	other-reviewed	app/src/themes/default_themes.rs	target-and-source-present	Cyber Wave	Cyber Wave	intentional-preserve-short-token-or-label	Short product label, token, or non-sentence text preserved.
4328	30237	other-reviewed	app/src/themes/default_themes.rs	target-and-source-present	Willow Dream	Willow Dream	intentional-preserve-short-token-or-label	Short product label, token, or non-sentence text preserved.
4329	30244	other-reviewed	app/src/themes/default_themes.rs	target-and-source-present	Fancy Dracula	Fancy Dracula	intentional-preserve-short-token-or-label	Short product label, token, or non-sentence text preserved.
4330	30251	other-reviewed	app/src/themes/default_themes.rs	target-and-source-present	Phenomenon	Phenomenon	intentional-preserve-short-token-or-label	Short product label, token, or non-sentence text preserved.
4331	30258	other-reviewed	app/src/themes/default_themes.rs	target-and-source-present	Jellyfish	Jellyfish	intentional-preserve-short-token-or-label	Short product label, token, or non-sentence text preserved.
4332	30265	other-reviewed	app/src/themes/default_themes.rs	target-and-source-present	Koi	Koi	intentional-preserve-short-token-or-label	Short product label, token, or non-sentence text preserved.
4333	30272	other-reviewed	app/src/themes/default_themes.rs	target-and-source-present	Leafy	Leafy	intentional-preserve-short-token-or-label	Short product label, token, or non-sentence text preserved.
4334	30279	other-reviewed	app/src/themes/default_themes.rs	target-and-source-present	Marble	Marble	intentional-preserve-short-token-or-label	Short product label, token, or non-sentence text preserved.
4335	30286	other-reviewed	app/src/themes/default_themes.rs	target-and-source-present	Pink City	Pink City	intentional-preserve-short-token-or-label	Short product label, token, or non-sentence text preserved.
4336	30293	other-reviewed	app/src/themes/default_themes.rs	target-and-source-present	Snowy	Snowy	intentional-preserve-short-token-or-label	Short product label, token, or non-sentence text preserved.
4337	30300	other-reviewed	app/src/themes/default_themes.rs	target-and-source-present	Red Rock	Red Rock	intentional-preserve-short-token-or-label	Short product label, token, or non-sentence text preserved.
4338	30307	other-reviewed	app/src/themes/default_themes.rs	target-and-source-present	Dark City	Dark City	intentional-preserve-short-token-or-label	Short product label, token, or non-sentence text preserved.
4339	30314	other-reviewed	app/src/themes/default_themes.rs	target-and-source-present	Warp Referral	Warp Referral	intentional-preserve-product-provider-term	Glossary/product/provider term is intentionally preserved.
4340	30321	other-reviewed	app/src/themes/default_themes.rs	target-and-source-present	Solar Flare	Solar Flare	intentional-preserve-short-token-or-label	Short product label, token, or non-sentence text preserved.
4341	30328	other-reviewed	app/src/themes/default_themes.rs	target-and-source-present	Adeberry	Adeberry	intentional-preserve-short-token-or-label	Short product label, token, or non-sentence text preserved.
4342	30335	other-reviewed	app/src/themes/default_themes.rs	target-and-source-present	Received Referral Reward	Received Referral Reward	needs-owner-review-internal-log-or-error	English diagnostic/error string may be internal or runtime-visible; needs owner visibility decision.
4343	30342	other-reviewed	app/src/themes/theme_chooser.rs	target-and-source-present	ThemeChooser	ThemeChooser	intentional-preserve-telemetry-feature-id	CamelCase action, telemetry, feature, or enum identifier should not be localized.
4344	30349	other-reviewed	app/src/themes/theme_creator.rs	target-and-source-present	#{:x}	#{:x}	intentional-preserve-command-code-token	Command, placeholder, code, path, format, endpoint, or protocol token should remain stable.
4345	30356	other-reviewed	app/src/themes/theme_creator_body.rs	target-and-source-present	{theme_name}.yaml	{theme_name}.yaml	intentional-preserve-command-code-token	Command, placeholder, code, path, format, endpoint, or protocol token should remain stable.
4346	30363	other-reviewed	app/src/themes/theme_creator_body.rs	target-and-source-present	{theme_name}.{image_extension}	{theme_name}.{image_extension}	intentional-preserve-command-code-token	Command, placeholder, code, path, format, endpoint, or protocol token should remain stable.
4347	30370	other-reviewed	app/src/themes/theme_creator_body.rs	target-and-source-present	ThemeCreatorBody	ThemeCreatorBody	intentional-preserve-telemetry-feature-id	CamelCase action, telemetry, feature, or enum identifier should not be localized.
4348	30377	other-reviewed	app/src/themes/theme_deletion_body.rs	target-and-source-present	ThemeDeletionBody	ThemeDeletionBody	intentional-preserve-telemetry-feature-id	CamelCase action, telemetry, feature, or enum identifier should not be localized.
4350	30391	onboarding	crates/onboarding/src/bin/main.rs	target-and-source-present	claude-sonnet	claude-sonnet	intentional-preserve-command-code-token	Command, placeholder, code, path, format, endpoint, or protocol token should remain stable.
4354	30421	onboarding	crates/onboarding/src/bin/main.rs	target-and-source-present	Claude Sonnet	Claude Sonnet	intentional-preserve-command-code-token	Command, placeholder, code, path, format, endpoint, or protocol token should remain stable.
4355	30428	onboarding	crates/onboarding/src/bin/main.rs	target-and-source-present	gpt-4o	gpt-4o	intentional-preserve-command-code-token	Command, placeholder, code, path, format, endpoint, or protocol token should remain stable.
4356	30435	onboarding	crates/onboarding/src/bin/main.rs	target-and-source-present	GPT-4o	GPT-4o	intentional-preserve-command-code-token	Command, placeholder, code, path, format, endpoint, or protocol token should remain stable.
4357	30442	onboarding	crates/onboarding/src/bin/main.rs	target-and-source-present	Phenomenon	Phenomenon	intentional-preserve-command-code-token	Command, placeholder, code, path, format, endpoint, or protocol token should remain stable.
4358	30449	onboarding	crates/onboarding/src/bin/main.rs	target-and-source-present	Dark	Dark	intentional-preserve-command-code-token	Command, placeholder, code, path, format, endpoint, or protocol token should remain stable.
4359	30456	onboarding	crates/onboarding/src/bin/main.rs	target-and-source-present	Light	Light	intentional-preserve-command-code-token	Command, placeholder, code, path, format, endpoint, or protocol token should remain stable.
4360	30463	onboarding	crates/onboarding/src/bin/main.rs	target-and-source-present	Adeberry	Adeberry	intentional-preserve-command-code-token	Command, placeholder, code, path, format, endpoint, or protocol token should remain stable.
4363	30484	onboarding	crates/onboarding/src/bin/main.rs	target-and-source-present	Segoe UI	Segoe UI	intentional-preserve-command-code-token	Command, placeholder, code, path, format, endpoint, or protocol token should remain stable.
4364	30491	onboarding	crates/onboarding/src/bin/main.rs	target-and-source-present	Roboto	Roboto	intentional-preserve-command-code-token	Command, placeholder, code, path, format, endpoint, or protocol token should remain stable.
4365	30498	onboarding	crates/onboarding/src/callout/model.rs	target-and-source-present	Skip action called in an unskippable state: {:?}	Skip action called in an unskippable state: {:?}	intentional-preserve-command-code-token	Command, placeholder, code, path, format, endpoint, or protocol token should remain stable.
4366	30505	onboarding	crates/onboarding/src/callout/model.rs	target-and-source-present	BackToTerminal action called in an invalid state: {:?}	BackToTerminal action called in an invalid state: {:?}	intentional-preserve-command-code-token	Command, placeholder, code, path, format, endpoint, or protocol token should remain stable.
4367	30512	onboarding	crates/onboarding/src/callout/model.rs	target-and-source-present	git status	git status	intentional-preserve-command-code-token	Command, placeholder, code, path, format, endpoint, or protocol token should remain stable.
4371	30540	onboarding	crates/onboarding/src/callout/model.rs	target-and-source-present	start_onboarding called with current state: {:?}	start_onboarding called with current state: {:?}	intentional-preserve-command-code-token	Command, placeholder, code, path, format, endpoint, or protocol token should remain stable.
4372	30547	onboarding	crates/onboarding/src/callout/view.rs	target-and-source-present	Onboarding callout view: onboarding is active but state has no callout options: {:?}	Onboarding callout view: onboarding is active but state has no callout options: {:?}	intentional-preserve-command-code-token	Command, placeholder, code, path, format, endpoint, or protocol token should remain stable.
4373	30554	onboarding	crates/onboarding/src/slides/agent_slide.rs	target-and-source-present	agent_slide_model_row_{index}	agent_slide_model_row_{index}	intentional-preserve-command-code-token	Command, placeholder, code, path, format, endpoint, or protocol token should remain stable.
4374	30561	onboarding	crates/onboarding/src/slides/free_user_no_ai_slide.rs	target-and-source-present	u{2022} {item_text}	u{2022} {item_text}	intentional-preserve-command-code-token	Command, placeholder, code, path, format, endpoint, or protocol token should remain stable.
4375	30568	onboarding	crates/onboarding/src/slides/theme_picker_slide.rs	target-and-source-present	Theme {}	Theme {}	intentional-preserve-command-code-token	Command, placeholder, code, path, format, endpoint, or protocol token should remain stable.
4376	30575	onboarding	crates/onboarding/src/slides/theme_picker_slide.rs	target-and-source-present	Phenomenon	Phenomenon	intentional-preserve-command-code-token	Command, placeholder, code, path, format, endpoint, or protocol token should remain stable.
4377	30582	onboarding	crates/onboarding/src/slides/theme_picker_slide.rs	target-and-source-present	Dark	Dark	intentional-preserve-command-code-token	Command, placeholder, code, path, format, endpoint, or protocol token should remain stable.
4378	30589	onboarding	crates/onboarding/src/slides/theme_picker_slide.rs	target-and-source-present	Light	Light	intentional-preserve-command-code-token	Command, placeholder, code, path, format, endpoint, or protocol token should remain stable.
4379	30596	onboarding	crates/onboarding/src/slides/theme_picker_slide.rs	target-and-source-present	Adeberry	Adeberry	intentional-preserve-command-code-token	Command, placeholder, code, path, format, endpoint, or protocol token should remain stable.
4388	30661	terminal-command	app/src/terminal/profile_model_selector.rs	target-and-source-present	{PROFILE_SELECTOR_POSITION_ID}_{llm_id}	{PROFILE_SELECTOR_POSITION_ID}_{llm_id}	intentional-preserve-command-code-token	Command, placeholder, code, path, format, endpoint, or protocol token should remain stable.
4392	30689	terminal-command	app/src/terminal/profile_model_selector.rs	target-and-source-present	auto (	auto (	intentional-preserve-command-code-token	Command, placeholder, code, path, format, endpoint, or protocol token should remain stable.
4393	30696	terminal-command	app/src/terminal/profile_model_selector.rs	target-and-source-present	Selecting base agent model {} (from model selector)	Selecting base agent model {} (from model selector)	intentional-preserve-command-code-token	Command, placeholder, code, path, format, endpoint, or protocol token should remain stable.
4404	30773	terminal-command	app/src/terminal/shared_session/viewer/network.rs	target-and-source-present	test warp prompt	test warp prompt	intentional-preserve-command-code-token	Command, placeholder, code, path, format, endpoint, or protocol token should remain stable.
4405	30780	terminal-command	app/src/terminal/shared_session/viewer/network.rs	target-and-source-present	Failed to reconnect to shared session as viewer, and retries exhausted: {e}	Failed to reconnect to shared session as viewer, and retries exhausted: {e}	intentional-preserve-command-code-token	Command, placeholder, code, path, format, endpoint, or protocol token should remain stable.
4406	30787	terminal-command	app/src/terminal/shared_session/viewer/network.rs	target-and-source-present	Received unexpected JoinedSuccessfully message when we've already joined	Received unexpected JoinedSuccessfully message when we've already joined	intentional-preserve-command-code-token	Command, placeholder, code, path, format, endpoint, or protocol token should remain stable.
4407	30794	terminal-command	app/src/terminal/shared_session/viewer/network.rs	target-and-source-present	Received OrderedTerminalEvent before event_loop was initialized. This can mean events were dropped.	Received OrderedTerminalEvent before event_loop was initialized. This can mean events were dropped.	intentional-preserve-command-code-token	Command, placeholder, code, path, format, endpoint, or protocol token should remain stable.
4408	30801	terminal-command	app/src/terminal/shared_session/viewer/network.rs	target-and-source-present	Failed to send message over selection_throttled_tx channel in viewer network: {e}	Failed to send message over selection_throttled_tx channel in viewer network: {e}	intentional-preserve-command-code-token	Command, placeholder, code, path, format, endpoint, or protocol token should remain stable.
4431	30962	terminal-command	app/src/terminal/ssh/error.rs	target-and-source-present	{SSH_GITHUB_ISSUE_URL}&warp-version={version}	{SSH_GITHUB_ISSUE_URL}&warp-version={version}	intentional-preserve-command-code-token	Command, placeholder, code, path, format, endpoint, or protocol token should remain stable.
4432	30969	terminal-command	app/src/terminal/ssh/error.rs	target-and-source-present	SSH tmux bug report: {title:?}	SSH tmux bug report: {title:?}	intentional-preserve-command-code-token	Command, placeholder, code, path, format, endpoint, or protocol token should remain stable.
4433	30976	terminal-command	app/src/terminal/ssh/error.rs	target-and-source-present	{url}&title={title}	{url}&title={title}	intentional-preserve-command-code-token	Command, placeholder, code, path, format, endpoint, or protocol token should remain stable.
4442	31039	terminal-command	app/src/terminal/ssh/error.rs	target-and-source-present	SshErrorBlockVisible	SshErrorBlockVisible	intentional-preserve-telemetry-feature-id	CamelCase action, telemetry, feature, or enum identifier should not be localized.
4443	31046	terminal-command	app/src/terminal/ssh/error.rs	target-and-source-present	SshErrorBlock	SshErrorBlock	intentional-preserve-telemetry-feature-id	CamelCase action, telemetry, feature, or enum identifier should not be localized.
4444	31053	terminal-command	app/src/terminal/ssh/error.rs	target-and-source-present	We are actively working on improving the stability of SSH in Warp. Please consider 	We are actively working on improving the stability of SSH in Warp. Please consider 	intentional-preserve-command-code-token	Command, placeholder, code, path, format, endpoint, or protocol token should remain stable.
4506	31487	terminal-command	app/src/terminal/view.rs	target-and-source-present	(?m)^channel (\d)+: open failed:	(?m)^channel (\d)+: open failed:	intentional-preserve-command-code-token	Command, placeholder, code, path, format, endpoint, or protocol token should remain stable.
4507	31494	terminal-command	app/src/terminal/view.rs	target-and-source-present	x1b[200~	x1b[200~	intentional-preserve-command-code-token	Command, placeholder, code, path, format, endpoint, or protocol token should remain stable.
4508	31501	terminal-command	app/src/terminal/view.rs	target-and-source-present	x1b[201~	x1b[201~	intentional-preserve-command-code-token	Command, placeholder, code, path, format, endpoint, or protocol token should remain stable.
4509	31508	terminal-command	app/src/terminal/view.rs	target-and-source-present	AliasExpansionBannerSeen	AliasExpansionBannerSeen	intentional-preserve-telemetry-feature-id	CamelCase action, telemetry, feature, or enum identifier should not be localized.
4511	31522	terminal-command	app/src/terminal/view.rs	target-and-source-present	WARP.md	WARP.md	intentional-preserve-command-code-token	Command, placeholder, code, path, format, endpoint, or protocol token should remain stable.
4513	31536	terminal-command	app/src/terminal/view.rs	target-and-source-present	Latest output: 	Latest output: 	intentional-preserve-command-code-token	Command, placeholder, code, path, format, endpoint, or protocol token should remain stable.
4515	31550	terminal-command	app/src/terminal/view.rs	target-and-source-present	{title_prefix}{title_suffix}	{title_prefix}{title_suffix}	intentional-preserve-command-code-token	Command, placeholder, code, path, format, endpoint, or protocol token should remain stable.
4516	31557	terminal-command	app/src/terminal/view.rs	target-and-source-present	{body_prefix}{body_suffix}	{body_prefix}{body_suffix}	intentional-preserve-command-code-token	Command, placeholder, code, path, format, endpoint, or protocol token should remain stable.
4517	31564	terminal-command	app/src/terminal/view.rs	target-and-source-present	InsertSelectedText	InsertSelectedText	intentional-preserve-telemetry-feature-id	CamelCase action, telemetry, feature, or enum identifier should not be localized.
4518	31571	terminal-command	app/src/terminal/view.rs	target-and-source-present	CopySelectedText	CopySelectedText	intentional-preserve-telemetry-feature-id	CamelCase action, telemetry, feature, or enum identifier should not be localized.
4519	31578	terminal-command	app/src/terminal/view.rs	target-and-source-present	CopyBlocks	CopyBlocks	intentional-preserve-telemetry-feature-id	CamelCase action, telemetry, feature, or enum identifier should not be localized.
4520	31585	terminal-command	app/src/terminal/view.rs	target-and-source-present	CopyBlockOutputs	CopyBlockOutputs	intentional-preserve-telemetry-feature-id	CamelCase action, telemetry, feature, or enum identifier should not be localized.
4521	31592	terminal-command	app/src/terminal/view.rs	target-and-source-present	OpenShareModal {{ block_index: {block_index} }}	OpenShareModal {{ block_index: {block_index} }}	intentional-preserve-command-code-token	Command, placeholder, code, path, format, endpoint, or protocol token should remain stable.
4522	31599	terminal-command	app/src/terminal/view.rs	target-and-source-present	FindWithinBlock	FindWithinBlock	intentional-preserve-telemetry-feature-id	CamelCase action, telemetry, feature, or enum identifier should not be localized.
4523	31606	terminal-command	app/src/terminal/view.rs	target-and-source-present	ScrollToBottomOfBlock	ScrollToBottomOfBlock	intentional-preserve-telemetry-feature-id	CamelCase action, telemetry, feature, or enum identifier should not be localized.
4524	31613	terminal-command	app/src/terminal/view.rs	target-and-source-present	ScrollToTopOfBlock	ScrollToTopOfBlock	intentional-preserve-telemetry-feature-id	CamelCase action, telemetry, feature, or enum identifier should not be localized.
4525	31620	terminal-command	app/src/terminal/view.rs	target-and-source-present	BookmarkBlock	BookmarkBlock	intentional-preserve-telemetry-feature-id	CamelCase action, telemetry, feature, or enum identifier should not be localized.
4526	31627	terminal-command	app/src/terminal/view.rs	target-and-source-present	CopyPrompt {{ position: {position:?}, part: {part:?} }}	CopyPrompt {{ position: {position:?}, part: {part:?} }}	intentional-preserve-command-code-token	Command, placeholder, code, path, format, endpoint, or protocol token should remain stable.
4527	31634	terminal-command	app/src/terminal/view.rs	target-and-source-present	CopyRprompt	CopyRprompt	intentional-preserve-telemetry-feature-id	CamelCase action, telemetry, feature, or enum identifier should not be localized.
4528	31641	terminal-command	app/src/terminal/view.rs	target-and-source-present	CopyUrl	CopyUrl	intentional-preserve-telemetry-feature-id	CamelCase action, telemetry, feature, or enum identifier should not be localized.
4529	31648	terminal-command	app/src/terminal/view.rs	target-and-source-present	EditPrompt	EditPrompt	intentional-preserve-telemetry-feature-id	CamelCase action, telemetry, feature, or enum identifier should not be localized.
4530	31655	terminal-command	app/src/terminal/view.rs	target-and-source-present	EditAgentToolbar	EditAgentToolbar	intentional-preserve-telemetry-feature-id	CamelCase action, telemetry, feature, or enum identifier should not be localized.
4531	31662	terminal-command	app/src/terminal/view.rs	target-and-source-present	EditCLIAgentToolbar	EditCLIAgentToolbar	intentional-preserve-telemetry-feature-id	CamelCase action, telemetry, feature, or enum identifier should not be localized.
4532	31669	terminal-command	app/src/terminal/view.rs	target-and-source-present	AskAIAssistant	AskAIAssistant	intentional-preserve-telemetry-feature-id	CamelCase action, telemetry, feature, or enum identifier should not be localized.
4533	31676	terminal-command	app/src/terminal/view.rs	target-and-source-present	CopyBlockFilteredOutput	CopyBlockFilteredOutput	intentional-preserve-telemetry-feature-id	CamelCase action, telemetry, feature, or enum identifier should not be localized.
4534	31683	terminal-command	app/src/terminal/view.rs	target-and-source-present	StopSharing	StopSharing	intentional-preserve-telemetry-feature-id	CamelCase action, telemetry, feature, or enum identifier should not be localized.
4535	31690	terminal-command	app/src/terminal/view.rs	target-and-source-present	CopyAIDebuggingLink	CopyAIDebuggingLink	intentional-preserve-telemetry-feature-id	CamelCase action, telemetry, feature, or enum identifier should not be localized.
4536	31697	terminal-command	app/src/terminal/view.rs	target-and-source-present	CopyAIBlockPrompt	CopyAIBlockPrompt	intentional-preserve-telemetry-feature-id	CamelCase action, telemetry, feature, or enum identifier should not be localized.
4537	31704	terminal-command	app/src/terminal/view.rs	target-and-source-present	CopyAIBlockOutput	CopyAIBlockOutput	intentional-preserve-telemetry-feature-id	CamelCase action, telemetry, feature, or enum identifier should not be localized.
4538	31711	terminal-command	app/src/terminal/view.rs	target-and-source-present	CopyAIBlockBoth	CopyAIBlockBoth	intentional-preserve-telemetry-feature-id	CamelCase action, telemetry, feature, or enum identifier should not be localized.
4539	31718	terminal-command	app/src/terminal/view.rs	target-and-source-present	CopyAIBlockConversation	CopyAIBlockConversation	intentional-preserve-telemetry-feature-id	CamelCase action, telemetry, feature, or enum identifier should not be localized.
4540	31725	terminal-command	app/src/terminal/view.rs	target-and-source-present	CopyAgentGitBranch	CopyAgentGitBranch	intentional-preserve-telemetry-feature-id	CamelCase action, telemetry, feature, or enum identifier should not be localized.
4541	31732	terminal-command	app/src/terminal/view.rs	target-and-source-present	CopyConversationShareLink	CopyConversationShareLink	intentional-preserve-telemetry-feature-id	CamelCase action, telemetry, feature, or enum identifier should not be localized.
4542	31739	terminal-command	app/src/terminal/view.rs	target-and-source-present	CopyConversationText	CopyConversationText	intentional-preserve-telemetry-feature-id	CamelCase action, telemetry, feature, or enum identifier should not be localized.
4543	31746	terminal-command	app/src/terminal/view.rs	target-and-source-present	ForkAIConversation	ForkAIConversation	intentional-preserve-telemetry-feature-id	CamelCase action, telemetry, feature, or enum identifier should not be localized.
4544	31753	terminal-command	app/src/terminal/view.rs	target-and-source-present	ForkAIConversationFromBlock	ForkAIConversationFromBlock	intentional-preserve-telemetry-feature-id	CamelCase action, telemetry, feature, or enum identifier should not be localized.
4545	31760	terminal-command	app/src/terminal/view.rs	target-and-source-present	ForkAIConversationFromExactExchange	ForkAIConversationFromExactExchange	intentional-preserve-telemetry-feature-id	CamelCase action, telemetry, feature, or enum identifier should not be localized.
4546	31767	terminal-command	app/src/terminal/view.rs	target-and-source-present	SavePromptAsAgentModeWorkflow	SavePromptAsAgentModeWorkflow	intentional-preserve-telemetry-feature-id	CamelCase action, telemetry, feature, or enum identifier should not be localized.
4547	31774	terminal-command	app/src/terminal/view.rs	target-and-source-present	CutSelectedText	CutSelectedText	intentional-preserve-telemetry-feature-id	CamelCase action, telemetry, feature, or enum identifier should not be localized.
4548	31781	terminal-command	app/src/terminal/view.rs	target-and-source-present	SelectAll	SelectAll	intentional-preserve-telemetry-feature-id	CamelCase action, telemetry, feature, or enum identifier should not be localized.
4550	31795	terminal-command	app/src/terminal/view.rs	target-and-source-present	AskWarpAI	AskWarpAI	intentional-preserve-telemetry-feature-id	CamelCase action, telemetry, feature, or enum identifier should not be localized.
4551	31802	terminal-command	app/src/terminal/view.rs	target-and-source-present	SaveAsWorkflow	SaveAsWorkflow	intentional-preserve-telemetry-feature-id	CamelCase action, telemetry, feature, or enum identifier should not be localized.
4552	31809	terminal-command	app/src/terminal/view.rs	target-and-source-present	ToggleInputHintText	ToggleInputHintText	intentional-preserve-telemetry-feature-id	CamelCase action, telemetry, feature, or enum identifier should not be localized.
4553	31816	terminal-command	app/src/terminal/view.rs	target-and-source-present	Block	Block	intentional-preserve-command-code-token	Command, placeholder, code, path, format, endpoint, or protocol token should remain stable.
4554	31823	terminal-command	app/src/terminal/view.rs	target-and-source-present	Prompt	Prompt	intentional-preserve-command-code-token	Command, placeholder, code, path, format, endpoint, or protocol token should remain stable.
4555	31830	terminal-command	app/src/terminal/view.rs	target-and-source-present	Input	Input	intentional-preserve-command-code-token	Command, placeholder, code, path, format, endpoint, or protocol token should remain stable.
4556	31837	terminal-command	app/src/terminal/view.rs	target-and-source-present	AltScreen	AltScreen	intentional-preserve-telemetry-feature-id	CamelCase action, telemetry, feature, or enum identifier should not be localized.
4557	31844	terminal-command	app/src/terminal/view.rs	target-and-source-present	AIBlockContextList	AIBlockContextList	intentional-preserve-telemetry-feature-id	CamelCase action, telemetry, feature, or enum identifier should not be localized.
4558	31851	terminal-command	app/src/terminal/view.rs	target-and-source-present	AIBlockOverflowMenu	AIBlockOverflowMenu	intentional-preserve-telemetry-feature-id	CamelCase action, telemetry, feature, or enum identifier should not be localized.
4559	31858	terminal-command	app/src/terminal/view.rs	target-and-source-present	AgentViewEntryConversation	AgentViewEntryConversation	intentional-preserve-telemetry-feature-id	CamelCase action, telemetry, feature, or enum identifier should not be localized.
4560	31865	terminal-command	app/src/terminal/view.rs	target-and-source-present	BlockOverflowButton	BlockOverflowButton	intentional-preserve-telemetry-feature-id	CamelCase action, telemetry, feature, or enum identifier should not be localized.
4561	31872	terminal-command	app/src/terminal/view.rs	target-and-source-present	Keybinding	Keybinding	intentional-preserve-command-code-token	Command, placeholder, code, path, format, endpoint, or protocol token should remain stable.
4562	31879	terminal-command	app/src/terminal/view.rs	target-and-source-present	RightClick	RightClick	intentional-preserve-telemetry-feature-id	CamelCase action, telemetry, feature, or enum identifier should not be localized.
4563	31886	terminal-command	app/src/terminal/view.rs	target-and-source-present	OutsideBlockRightClick	OutsideBlockRightClick	intentional-preserve-telemetry-feature-id	CamelCase action, telemetry, feature, or enum identifier should not be localized.
4564	31893	terminal-command	app/src/terminal/view.rs	target-and-source-present	AIBlockAttachedBlockChipLeftClick	AIBlockAttachedBlockChipLeftClick	intentional-preserve-telemetry-feature-id	CamelCase action, telemetry, feature, or enum identifier should not be localized.
4565	31900	terminal-command	app/src/terminal/view.rs	target-and-source-present	AIBlockOverflowMenuClick	AIBlockOverflowMenuClick	intentional-preserve-telemetry-feature-id	CamelCase action, telemetry, feature, or enum identifier should not be localized.
4566	31907	terminal-command	app/src/terminal/view.rs	target-and-source-present	Output	Output	intentional-preserve-command-code-token	Command, placeholder, code, path, format, endpoint, or protocol token should remain stable.
4567	31914	terminal-command	app/src/terminal/view.rs	target-and-source-present	Both	Both	intentional-preserve-command-code-token	Command, placeholder, code, path, format, endpoint, or protocol token should remain stable.
4568	31921	terminal-command	app/src/terminal/view.rs	target-and-source-present	FilteredOutput	FilteredOutput	intentional-preserve-telemetry-feature-id	CamelCase action, telemetry, feature, or enum identifier should not be localized.
4569	31928	terminal-command	app/src/terminal/view.rs	target-and-source-present	terminal_content_element_{}	terminal_content_element_{}	intentional-preserve-command-code-token	Command, placeholder, code, path, format, endpoint, or protocol token should remain stable.
4570	31935	terminal-command	app/src/terminal/view.rs	target-and-source-present	Seems like your shell is taking a while to start...  	Seems like your shell is taking a while to start...  	intentional-preserve-command-code-token	Command, placeholder, code, path, format, endpoint, or protocol token should remain stable.
4573	31956	terminal-command	app/src/terminal/view.rs	target-and-source-present	Seems like your completions are not working (	Seems like your completions are not working (	intentional-preserve-command-code-token	Command, placeholder, code, path, format, endpoint, or protocol token should remain stable.
4575	31970	terminal-command	app/src/terminal/view.rs	target-and-source-present	). Enabling the SSH extension in 	). Enabling the SSH extension in 	intentional-preserve-command-code-token	Command, placeholder, code, path, format, endpoint, or protocol token should remain stable.
4577	31984	terminal-command	app/src/terminal/view.rs	target-and-source-present	Your shell configuration is incompatible with Warp...  	Your shell configuration is incompatible with Warp...  	intentional-preserve-command-code-token	Command, placeholder, code, path, format, endpoint, or protocol token should remain stable.
4578	31991	terminal-command	app/src/terminal/view.rs	target-and-source-present	Did you intend 	Did you intend 	intentional-preserve-command-code-token	Command, placeholder, code, path, format, endpoint, or protocol token should remain stable.
4583	32026	terminal-command	app/src/terminal/view.rs	target-and-source-present	terminal_view_{}	terminal_view_{}	intentional-preserve-command-code-token	Command, placeholder, code, path, format, endpoint, or protocol token should remain stable.
4584	32033	terminal-command	app/src/terminal/view.rs	target-and-source-present	terminal_view:cursor_{}	terminal_view:cursor_{}	intentional-preserve-command-code-token	Command, placeholder, code, path, format, endpoint, or protocol token should remain stable.
4587	32054	terminal-command	app/src/terminal/view.rs	target-and-source-present	<plan:{ai_document_id}>	<plan:{ai_document_id}>	intentional-preserve-command-code-token	Command, placeholder, code, path, format, endpoint, or protocol token should remain stable.
4588	32061	terminal-command	app/src/terminal/view.rs	target-and-source-present	Error sending UpdateBlockAgentViewVisibility event: {e:?}	Error sending UpdateBlockAgentViewVisibility event: {e:?}	intentional-preserve-command-code-token	Command, placeholder, code, path, format, endpoint, or protocol token should remain stable.
4589	32068	terminal-command	app/src/terminal/view.rs	target-and-source-present	Failed to create model for AI block on AppendedExchange. {err}	Failed to create model for AI block on AppendedExchange. {err}	intentional-preserve-command-code-token	Command, placeholder, code, path, format, endpoint, or protocol token should remain stable.
4590	32075	terminal-command	app/src/terminal/view.rs	target-and-source-present	Failed to create model for AI block on ReassignedExchange. {err}	Failed to create model for AI block on ReassignedExchange. {err}	intentional-preserve-command-code-token	Command, placeholder, code, path, format, endpoint, or protocol token should remain stable.
4591	32082	terminal-command	app/src/terminal/view.rs	target-and-source-present	Failed to create model for AI block on UpdatedStreamingExchange. {err}	Failed to create model for AI block on UpdatedStreamingExchange. {err}	intentional-preserve-command-code-token	Command, placeholder, code, path, format, endpoint, or protocol token should remain stable.
4592	32089	terminal-command	app/src/terminal/view.rs	target-and-source-present	No conversation ID found for command with ID: {:?}	No conversation ID found for command with ID: {:?}	intentional-preserve-command-code-token	Command, placeholder, code, path, format, endpoint, or protocol token should remain stable.
4593	32096	terminal-command	app/src/terminal/view.rs	missing-in-current-source	No conversation ID found for requested command: ID: {:?}, command: {command}	No conversation ID found for requested command: ID: {:?}, command: {command}	needs-owner-review-source-state	Current-source string did not match audit source exactly; treat as escaped/newline or source drift queue before editing.
4594	32103	terminal-command	app/src/terminal/view.rs	target-and-source-present	. {{ {command} }}	. {{ {command} }}	intentional-preserve-command-code-token	Command, placeholder, code, path, format, endpoint, or protocol token should remain stable.
4602	32159	terminal-command	app/src/terminal/view.rs	missing-in-current-source	emit_long_running_command_agent_interaction_state_changed: agent_has_control={agent_has_control}, emitting state={state:?}	emit_long_running_command_agent_interaction_state_changed: agent_has_control={agent_has_control}, emitting state={state:?}	needs-owner-review-source-state	Current-source string did not match audit source exactly; treat as escaped/newline or source drift queue before editing.
4603	32166	terminal-command	app/src/terminal/view.rs	target-and-source-present	command not long-running. ignoring control seq on terminal.	command not long-running. ignoring control seq on terminal.	intentional-preserve-command-code-token	Command, placeholder, code, path, format, endpoint, or protocol token should remain stable.
4604	32173	terminal-command	app/src/terminal/view.rs	target-and-source-present	command not long-running. ignoring control seq on terminal: {:?}	command not long-running. ignoring control seq on terminal: {:?}	intentional-preserve-command-code-token	Command, placeholder, code, path, format, endpoint, or protocol token should remain stable.
4611	32222	terminal-command	app/src/terminal/view.rs	target-and-source-present	[passive-suggestions] accepting prompt suggestion: trigger={}, trigger_block_id={}	[passive-suggestions] accepting prompt suggestion: trigger={}, trigger_block_id={}	intentional-preserve-command-code-token	Command, placeholder, code, path, format, endpoint, or protocol token should remain stable.
4612	32229	terminal-command	app/src/terminal/view.rs	target-and-source-present	Some	Some	intentional-preserve-command-code-token	Command, placeholder, code, path, format, endpoint, or protocol token should remain stable.
4613	32236	terminal-command	app/src/terminal/view.rs	target-and-source-present	None	None	intentional-preserve-command-code-token	Command, placeholder, code, path, format, endpoint, or protocol token should remain stable.
4614	32243	terminal-command	app/src/terminal/view.rs	target-and-source-present	Failed to persist 'Codebase indexing speedbump banner dismissed' setting: {e}	Failed to persist 'Codebase indexing speedbump banner dismissed' setting: {e}	intentional-preserve-command-code-token	Command, placeholder, code, path, format, endpoint, or protocol token should remain stable.
4615	32250	terminal-command	app/src/terminal/view.rs	target-and-source-present	Failed to persist 'Codebase indexing speedbump banner globally dismissed' setting: {e}	Failed to persist 'Codebase indexing speedbump banner globally dismissed' setting: {e}	intentional-preserve-command-code-token	Command, placeholder, code, path, format, endpoint, or protocol token should remain stable.
4616	32257	terminal-command	app/src/terminal/view.rs	target-and-source-present	PtySpawnFailure	PtySpawnFailure	intentional-preserve-telemetry-feature-id	CamelCase action, telemetry, feature, or enum identifier should not be localized.
4617	32264	terminal-command	app/src/terminal/view.rs	target-and-source-present	Premature	Premature	intentional-preserve-command-code-token	Command, placeholder, code, path, format, endpoint, or protocol token should remain stable.
4618	32271	terminal-command	app/src/terminal/view.rs	target-and-source-present	Attempted to clean up and delete conversation for block with other blocks in the same conversation	Attempted to clean up and delete conversation for block with other blocks in the same conversation	intentional-preserve-command-code-token	Command, placeholder, code, path, format, endpoint, or protocol token should remain stable.
4619	32278	terminal-command	app/src/terminal/view.rs	target-and-source-present	for Orchestrator	for Orchestrator	intentional-preserve-command-code-token	Command, placeholder, code, path, format, endpoint, or protocol token should remain stable.
4620	32285	terminal-command	app/src/terminal/view.rs	target-and-source-present	{alias_value}{rest}	{alias_value}{rest}	intentional-preserve-command-code-token	Command, placeholder, code, path, format, endpoint, or protocol token should remain stable.
4621	32292	terminal-command	app/src/terminal/view.rs	target-and-source-present	Got a FinishUpdate event without AutoupdateState being UpdateReady!	Got a FinishUpdate event without AutoupdateState being UpdateReady!	intentional-preserve-command-code-token	Command, placeholder, code, path, format, endpoint, or protocol token should remain stable.
4629	32348	terminal-command	app/src/terminal/view.rs	missing-in-current-source	Could not find session {session_id:?} in sessions model after being notified that the session had bootstrapped!	Could not find session {session_id:?} in sessions model after being notified that the session had bootstrapped!	needs-owner-review-source-state	Current-source string did not match audit source exactly; treat as escaped/newline or source drift queue before editing.
4630	32355	terminal-command	app/src/terminal/view.rs	missing-in-current-source	"cd ""{path}"""	"cd ""{path}"""	needs-owner-review-source-state	Current-source string did not match audit source exactly; treat as escaped/newline or source drift queue before editing.
4632	32369	terminal-command	app/src/terminal/view.rs	target-and-source-present	Create environment using the supplied repos: {}	Create environment using the supplied repos: {}	intentional-preserve-command-code-token	Command, placeholder, code, path, format, endpoint, or protocol token should remain stable.
4633	32376	terminal-command	app/src/terminal/view.rs	target-and-source-present	Create environment using the current working dir as repo	Create environment using the current working dir as repo	intentional-preserve-command-code-token	Command, placeholder, code, path, format, endpoint, or protocol token should remain stable.
4634	32383	terminal-command	app/src/terminal/view.rs	target-and-source-present	Create environment without any repos	Create environment without any repos	intentional-preserve-command-code-token	Command, placeholder, code, path, format, endpoint, or protocol token should remain stable.
4635	32390	terminal-command	app/src/terminal/view.rs	target-and-source-present	⌘-I	⌘-I	intentional-preserve-command-code-token	Command, placeholder, code, path, format, endpoint, or protocol token should remain stable.
4640	32425	terminal-command	app/src/terminal/view.rs	target-and-source-present	Failed to enter agent view for passive code diff: {e:?}	Failed to enter agent view for passive code diff: {e:?}	intentional-preserve-command-code-token	Command, placeholder, code, path, format, endpoint, or protocol token should remain stable.
4641	32432	terminal-command	app/src/terminal/view.rs	target-and-source-present	{BRACKETED_PASTE_PREFIX}{copied}{BRACKETED_PASTE_SUFFIX}	{BRACKETED_PASTE_PREFIX}{copied}{BRACKETED_PASTE_SUFFIX}	intentional-preserve-command-code-token	Command, placeholder, code, path, format, endpoint, or protocol token should remain stable.
4650	32495	terminal-command	app/src/terminal/view.rs	target-and-source-present	⌃ ⇧ Space	⌃ ⇧ Space	intentional-preserve-command-code-token	Command, placeholder, code, path, format, endpoint, or protocol token should remain stable.
4689	32768	terminal-command	app/src/terminal/view.rs	missing-in-current-source	 &&n	 &&n	needs-owner-review-source-state	Current-source string did not match audit source exactly; treat as escaped/newline or source drift queue before editing.
4690	32775	terminal-command	app/src/terminal/view.rs	target-and-source-present	⌘-C	⌘-C	intentional-preserve-command-code-token	Command, placeholder, code, path, format, endpoint, or protocol token should remain stable.
4691	32782	terminal-command	app/src/terminal/view.rs	target-and-source-present	⌃-⇧-Space	⌃-⇧-Space	intentional-preserve-command-code-token	Command, placeholder, code, path, format, endpoint, or protocol token should remain stable.
4692	32789	terminal-command	app/src/terminal/view.rs	target-and-source-present	Attempted to open attachments menu for AI block with unknown conversation.	Attempted to open attachments menu for AI block with unknown conversation.	intentional-preserve-command-code-token	Command, placeholder, code, path, format, endpoint, or protocol token should remain stable.
4693	32796	terminal-command	app/src/terminal/view.rs	target-and-source-present	Failed to reveal secret with id {}	Failed to reveal secret with id {}	intentional-preserve-command-code-token	Command, placeholder, code, path, format, endpoint, or protocol token should remain stable.
4694	32803	terminal-command	app/src/terminal/view.rs	target-and-source-present	Failed to obfuscate secret with id {}	Failed to obfuscate secret with id {}	intentional-preserve-command-code-token	Command, placeholder, code, path, format, endpoint, or protocol token should remain stable.
4695	32810	terminal-command	app/src/terminal/view.rs	target-and-source-present	ToggleShowInputHintText	ToggleShowInputHintText	intentional-preserve-telemetry-feature-id	CamelCase action, telemetry, feature, or enum identifier should not be localized.
4697	32824	terminal-command	app/src/terminal/view.rs	missing-in-current-source	```n{}n```	```n{}n```	needs-owner-review-source-state	Current-source string did not match audit source exactly; treat as escaped/newline or source drift queue before editing.
4698	32831	terminal-command	app/src/terminal/view.rs	target-and-source-present	{query_prefix}{formatted_selection}	{query_prefix}{formatted_selection}	intentional-preserve-command-code-token	Command, placeholder, code, path, format, endpoint, or protocol token should remain stable.
4699	32838	terminal-command	app/src/terminal/view.rs	target-and-source-present	What is the command to: 	What is the command to: 	intentional-preserve-command-code-token	Command, placeholder, code, path, format, endpoint, or protocol token should remain stable.
4700	32845	terminal-command	app/src/terminal/view.rs	target-and-source-present	sudo {command_str}	sudo {command_str}	intentional-preserve-command-code-token	Command, placeholder, code, path, format, endpoint, or protocol token should remain stable.
4702	32859	terminal-command	app/src/terminal/view.rs	missing-in-current-source	{}n{}	{}n{}	needs-owner-review-source-state	Current-source string did not match audit source exactly; treat as escaped/newline or source drift queue before editing.
4705	32880	terminal-command	app/src/terminal/view.rs	target-and-source-present	ExitCloudModeAndStartLocalAgent received but cloud-mode pane has no parent terminal	ExitCloudModeAndStartLocalAgent received but cloud-mode pane has no parent terminal	intentional-preserve-command-code-token	Command, placeholder, code, path, format, endpoint, or protocol token should remain stable.
4706	32887	terminal-command	app/src/terminal/view.rs	target-and-source-present	ExitCloudModeAndStartLocalAgent received but no pane stack available; cannot start local agent without a parent terminal	ExitCloudModeAndStartLocalAgent received but no pane stack available; cannot start local agent without a parent terminal	intentional-preserve-command-code-token	Command, placeholder, code, path, format, endpoint, or protocol token should remain stable.
4707	32894	terminal-command	app/src/terminal/view.rs	target-and-source-present	Tried to update block filter query without active_filter_editor_block_index set	Tried to update block filter query without active_filter_editor_block_index set	intentional-preserve-command-code-token	Command, placeholder, code, path, format, endpoint, or protocol token should remain stable.
4708	32901	terminal-command	app/src/terminal/view.rs	target-and-source-present	Powerlevel10k now supports Warp!  	Powerlevel10k now supports Warp!  	intentional-preserve-command-code-token	Command, placeholder, code, path, format, endpoint, or protocol token should remain stable.
4709	32908	terminal-command	app/src/terminal/view.rs	target-and-source-present	You seem to be running an older (unsupported) version, please follow 	You seem to be running an older (unsupported) version, please follow 	intentional-preserve-command-code-token	Command, placeholder, code, path, format, endpoint, or protocol token should remain stable.
4712	32929	terminal-command	app/src/terminal/view.rs	missing-in-current-source	Pure is not yet supported in Warp. You might consider one of the supported prompts as an alternative.  	Pure is not yet supported in Warp. You might consider one of the supported prompts as an alternative.  	needs-owner-review-source-state	Current-source string did not match audit source exactly; treat as escaped/newline or source drift queue before editing.
4714	32943	terminal-command	app/src/terminal/view.rs	target-and-source-present	Control master error banner does not yet support handling terminal actions	Control master error banner does not yet support handling terminal actions	intentional-preserve-command-code-token	Command, placeholder, code, path, format, endpoint, or protocol token should remain stable.
4715	32950	terminal-command	app/src/terminal/view.rs	target-and-source-present	fake-id	fake-id	intentional-preserve-command-code-token	Command, placeholder, code, path, format, endpoint, or protocol token should remain stable.
4716	32957	terminal-command	app/src/terminal/view.rs	target-and-source-present	test_output_id_{}	test_output_id_{}	intentional-preserve-command-code-token	Command, placeholder, code, path, format, endpoint, or protocol token should remain stable.
4717	32964	terminal-command	app/src/terminal/view.rs	target-and-source-present	({b}) 	({b}) 	intentional-preserve-command-code-token	Command, placeholder, code, path, format, endpoint, or protocol token should remain stable.
4718	32971	terminal-command	app/src/terminal/view.rs	target-and-source-present	 (nld overridden)	 (nld overridden)	intentional-preserve-command-code-token	Command, placeholder, code, path, format, endpoint, or protocol token should remain stable.
4720	32985	terminal-command	app/src/terminal/view.rs	target-and-source-present	%a %b %-d at %-I:%M:%S %p	%a %b %-d at %-I:%M:%S %p	intentional-preserve-command-code-token	Command, placeholder, code, path, format, endpoint, or protocol token should remain stable.
4722	32999	terminal-command	app/src/terminal/view.rs	target-and-source-present	{start}{end}	{start}{end}	intentional-preserve-command-code-token	Command, placeholder, code, path, format, endpoint, or protocol token should remain stable.
4728	33041	terminal-command	app/src/terminal/view.rs	target-and-source-present	waterfall_background__{}	waterfall_background__{}	intentional-preserve-command-code-token	Command, placeholder, code, path, format, endpoint, or protocol token should remain stable.
4729	33048	terminal-command	app/src/terminal/view.rs	target-and-source-present	{}?request={}	{}?request={}	intentional-preserve-command-code-token	Command, placeholder, code, path, format, endpoint, or protocol token should remain stable.
4730	33055	terminal-command	app/src/terminal/view.rs	missing-in-current-source	"{{""request_id"":""{}"",""conversation_id"":""{}""}}"	"{{""request_id"":""{}"",""conversation_id"":""{}""}}"	needs-owner-review-source-state	Current-source string did not match audit source exactly; treat as escaped/newline or source drift queue before editing.
4731	33062	terminal-command	app/src/terminal/view.rs	missing-in-current-source	"{{""conversation_id"":""{}""}}"	"{{""conversation_id"":""{}""}}"	needs-owner-review-source-state	Current-source string did not match audit source exactly; treat as escaped/newline or source drift queue before editing.
4734	33083	terminal-command	app/src/terminal/view.rs	missing-in-current-source	Block {index}: {}, {}.n	Block {index}: {}, {}.n	needs-owner-review-source-state	Current-source string did not match audit source exactly; treat as escaped/newline or source drift queue before editing.
4736	33097	terminal-command	app/src/terminal/view.rs	target-and-source-present	Unknown error when requesting notification permissions. error_msg: {error_message}	Unknown error when requesting notification permissions. error_msg: {error_message}	intentional-preserve-command-code-token	Command, placeholder, code, path, format, endpoint, or protocol token should remain stable.
4737	33104	terminal-command	app/src/terminal/view.rs	target-and-source-present	u{0003}	u{0003}	intentional-preserve-command-code-token	Command, placeholder, code, path, format, endpoint, or protocol token should remain stable.
4747	33174	terminal-command	app/src/terminal/view.rs	missing-in-current-source	Block {}.nOutput: {}	Block {}.nOutput: {}	needs-owner-review-source-state	Current-source string did not match audit source exactly; treat as escaped/newline or source drift queue before editing.
4749	33188	terminal-command	app/src/terminal/view.rs	target-and-source-present	Block {}: {}. Output: {}	Block {}: {}. Output: {}	intentional-preserve-command-code-token	Command, placeholder, code, path, format, endpoint, or protocol token should remain stable.
4761	33272	terminal-command	app/src/terminal/view.rs	target-and-source-present	u{1b}	u{1b}	intentional-preserve-command-code-token	Command, placeholder, code, path, format, endpoint, or protocol token should remain stable.
4762	33279	terminal-command	app/src/terminal/view.rs	target-and-source-present	Could not find AI block view for exchange_id {:?} in conversation {:?}	Could not find AI block view for exchange_id {:?} in conversation {:?}	intentional-preserve-command-code-token	Command, placeholder, code, path, format, endpoint, or protocol token should remain stable.
4763	33286	terminal-command	app/src/terminal/view.rs	target-and-source-present	Subshell	Subshell	intentional-preserve-command-code-token	Command, placeholder, code, path, format, endpoint, or protocol token should remain stable.
4766	33307	terminal-command	app/src/terminal/view.rs	target-and-source-present	Failed to enter inline agent view for tag-in: {e}	Failed to enter inline agent view for tag-in: {e}	intentional-preserve-command-code-token	Command, placeholder, code, path, format, endpoint, or protocol token should remain stable.
4768	33321	terminal-command	app/src/terminal/view.rs	target-and-source-present	Failed to decode pending image attachment for lightbox: {error}	Failed to decode pending image attachment for lightbox: {error}	intentional-preserve-command-code-token	Command, placeholder, code, path, format, endpoint, or protocol token should remain stable.
4769	33328	terminal-command	app/src/terminal/view.rs	target-and-source-present	pending-attachment-lightbox-{attachment_index}	pending-attachment-lightbox-{attachment_index}	intentional-preserve-command-code-token	Command, placeholder, code, path, format, endpoint, or protocol token should remain stable.
4772	33349	terminal-command	app/src/terminal/view.rs	target-and-source-present	Failed to mark code toolbelt new feature popup as dismissed: {e}	Failed to mark code toolbelt new feature popup as dismissed: {e}	intentional-preserve-command-code-token	Command, placeholder, code, path, format, endpoint, or protocol token should remain stable.
4774	33363	terminal-command	app/src/terminal/view.rs	target-and-source-present	context_menu_button_{block_index}	context_menu_button_{block_index}	intentional-preserve-command-code-token	Command, placeholder, code, path, format, endpoint, or protocol token should remain stable.
4775	33370	terminal-command	app/src/terminal/view.rs	target-and-source-present	prompt_area_{}	prompt_area_{}	intentional-preserve-command-code-token	Command, placeholder, code, path, format, endpoint, or protocol token should remain stable.
4776	33377	terminal-command	app/src/terminal/view.rs	target-and-source-present	TerminalView_BlockSelectionCardinality	TerminalView_BlockSelectionCardinality	intentional-preserve-command-code-token	Command, placeholder, code, path, format, endpoint, or protocol token should remain stable.
4777	33384	terminal-command	app/src/terminal/view.rs	target-and-source-present	TerminalView_EmptyBlockList	TerminalView_EmptyBlockList	intentional-preserve-command-code-token	Command, placeholder, code, path, format, endpoint, or protocol token should remain stable.
4778	33391	terminal-command	app/src/terminal/view.rs	target-and-source-present	TerminalView_NonEmptyBlockList	TerminalView_NonEmptyBlockList	intentional-preserve-command-code-token	Command, placeholder, code, path, format, endpoint, or protocol token should remain stable.
4779	33398	terminal-command	app/src/terminal/view.rs	target-and-source-present	EditorFocused	EditorFocused	intentional-preserve-telemetry-feature-id	CamelCase action, telemetry, feature, or enum identifier should not be localized.
4780	33405	terminal-command	app/src/terminal/view.rs	target-and-source-present	ActiveBlockTextSelection	ActiveBlockTextSelection	intentional-preserve-telemetry-feature-id	CamelCase action, telemetry, feature, or enum identifier should not be localized.
4781	33412	terminal-command	app/src/terminal/view.rs	target-and-source-present	ActiveAltScreenSelection	ActiveAltScreenSelection	intentional-preserve-telemetry-feature-id	CamelCase action, telemetry, feature, or enum identifier should not be localized.
4782	33419	terminal-command	app/src/terminal/view.rs	target-and-source-present	SshWarpificationBanner	SshWarpificationBanner	intentional-preserve-telemetry-feature-id	CamelCase action, telemetry, feature, or enum identifier should not be localized.
4783	33426	terminal-command	app/src/terminal/view.rs	target-and-source-present	SubshellBanner	SubshellBanner	intentional-preserve-telemetry-feature-id	CamelCase action, telemetry, feature, or enum identifier should not be localized.
4784	33433	terminal-command	app/src/terminal/view.rs	target-and-source-present	OnboardingAgenticSuggestionsBlock	OnboardingAgenticSuggestionsBlock	intentional-preserve-telemetry-feature-id	CamelCase action, telemetry, feature, or enum identifier should not be localized.
4785	33440	terminal-command	app/src/terminal/view.rs	target-and-source-present	InsideRepository	InsideRepository	intentional-preserve-telemetry-feature-id	CamelCase action, telemetry, feature, or enum identifier should not be localized.
4786	33447	terminal-command	app/src/terminal/view.rs	target-and-source-present	{prompt_text} {input_text}	{prompt_text} {input_text}	intentional-preserve-command-code-token	Command, placeholder, code, path, format, endpoint, or protocol token should remain stable.
4787	33454	terminal-command	app/src/terminal/view.rs	target-and-source-present	Session abandoned before bootstrap for shell {pending_shell:?} on ssh {has_pending_ssh_session}	Session abandoned before bootstrap for shell {pending_shell:?} on ssh {has_pending_ssh_session}	intentional-preserve-command-code-token	Command, placeholder, code, path, format, endpoint, or protocol token should remain stable.
4791	33484	settings	app/src/settings_view/appearance_page.rs	target-and-source-present	Aurora	Aurora	intentional-preserve-command-code-token	Command, placeholder, code, path, format, endpoint, or protocol token should remain stable.
4792	33491	settings	app/src/settings_view/appearance_page.rs	target-and-source-present	Classic 1	Classic 1	intentional-preserve-command-code-token	Command, placeholder, code, path, format, endpoint, or protocol token should remain stable.
4793	33498	settings	app/src/settings_view/appearance_page.rs	target-and-source-present	Classic 2	Classic 2	intentional-preserve-command-code-token	Command, placeholder, code, path, format, endpoint, or protocol token should remain stable.
4794	33505	settings	app/src/settings_view/appearance_page.rs	target-and-source-present	Classic 3	Classic 3	intentional-preserve-command-code-token	Command, placeholder, code, path, format, endpoint, or protocol token should remain stable.
4795	33512	settings	app/src/settings_view/appearance_page.rs	target-and-source-present	Comets	Comets	intentional-preserve-command-code-token	Command, placeholder, code, path, format, endpoint, or protocol token should remain stable.
4796	33519	settings	app/src/settings_view/appearance_page.rs	target-and-source-present	Glass Sky	Glass Sky	intentional-preserve-command-code-token	Command, placeholder, code, path, format, endpoint, or protocol token should remain stable.
4797	33526	settings	app/src/settings_view/appearance_page.rs	target-and-source-present	Glitch	Glitch	intentional-preserve-command-code-token	Command, placeholder, code, path, format, endpoint, or protocol token should remain stable.
4798	33533	settings	app/src/settings_view/appearance_page.rs	target-and-source-present	Cow	Cow	intentional-preserve-command-code-token	Command, placeholder, code, path, format, endpoint, or protocol token should remain stable.
4799	33540	settings	app/src/settings_view/appearance_page.rs	target-and-source-present	Glow	Glow	intentional-preserve-command-code-token	Command, placeholder, code, path, format, endpoint, or protocol token should remain stable.
4800	33547	settings	app/src/settings_view/appearance_page.rs	target-and-source-present	Holographic	Holographic	intentional-preserve-command-code-token	Command, placeholder, code, path, format, endpoint, or protocol token should remain stable.
4801	33554	settings	app/src/settings_view/appearance_page.rs	target-and-source-present	Mono	Mono	intentional-preserve-command-code-token	Command, placeholder, code, path, format, endpoint, or protocol token should remain stable.
4802	33561	settings	app/src/settings_view/appearance_page.rs	target-and-source-present	Neon	Neon	intentional-preserve-command-code-token	Command, placeholder, code, path, format, endpoint, or protocol token should remain stable.
4803	33568	settings	app/src/settings_view/appearance_page.rs	target-and-source-present	Original	Original	intentional-preserve-command-code-token	Command, placeholder, code, path, format, endpoint, or protocol token should remain stable.
4804	33575	settings	app/src/settings_view/appearance_page.rs	target-and-source-present	Starburst	Starburst	intentional-preserve-command-code-token	Command, placeholder, code, path, format, endpoint, or protocol token should remain stable.
4805	33582	settings	app/src/settings_view/appearance_page.rs	target-and-source-present	Sticker	Sticker	intentional-preserve-command-code-token	Command, placeholder, code, path, format, endpoint, or protocol token should remain stable.
4806	33589	settings	app/src/settings_view/appearance_page.rs	target-and-source-present	Warp 1	Warp 1	intentional-preserve-command-code-token	Command, placeholder, code, path, format, endpoint, or protocol token should remain stable.
4807	33596	settings	app/src/settings_view/appearance_page.rs	target-and-source-present	{value}%	{value}%	intentional-preserve-command-code-token	Command, placeholder, code, path, format, endpoint, or protocol token should remain stable.
4817	33666	settings	app/src/settings_view/appearance_page.rs	target-and-source-present	Warp	Warp	intentional-preserve-command-code-token	Command, placeholder, code, path, format, endpoint, or protocol token should remain stable.
4818	33673	settings	app/src/settings_view/appearance_page.rs	target-and-source-present	Shell (PS1)	Shell (PS1)	intentional-preserve-command-code-token	Command, placeholder, code, path, format, endpoint, or protocol token should remain stable.
4860	33967	settings	app/src/settings_view/referrals_page.rs	target-and-source-present	Notebook	Notebook	intentional-preserve-short-token-or-label	Short product label, token, or non-sentence text preserved.
4873	34058	settings	app/src/settings_view/referrals_page.rs	target-and-source-present	{claimed_count}+	{claimed_count}+	intentional-preserve-command-code-token	Command, placeholder, code, path, format, endpoint, or protocol token should remain stable.
4945	34562	teams-ownership	app/src/settings_view/teams_page.rs	target-and-source-present	{body_prefix} {cta_sentence}	{body_prefix} {cta_sentence}	intentional-preserve-command-code-token	Command, placeholder, code, path, format, endpoint, or protocol token should remain stable.
4991	34884	teams-ownership	app/src/settings_view/teams_page.rs	target-and-source-present	@warp.dev	@warp.dev	intentional-preserve-command-code-token	Command, placeholder, code, path, format, endpoint, or protocol token should remain stable.
4992	34891	teams-ownership	app/src/settings_view/teams_page.rs	target-and-source-present	warp,	warp,	intentional-preserve-command-code-token	Command, placeholder, code, path, format, endpoint, or protocol token should remain stable.
4993	34898	teams-ownership	app/src/settings_view/teams_page.rs	target-and-source-present	.dev	.dev	intentional-preserve-command-code-token	Command, placeholder, code, path, format, endpoint, or protocol token should remain stable.
4994	34905	teams-ownership	app/src/settings_view/teams_page.rs	target-and-source-present	warp..dev	warp..dev	intentional-preserve-command-code-token	Command, placeholder, code, path, format, endpoint, or protocol token should remain stable.
4995	34912	teams-ownership	app/src/settings_view/teams_page.rs	target-and-source-present	warp!.dev	warp!.dev	intentional-preserve-command-code-token	Command, placeholder, code, path, format, endpoint, or protocol token should remain stable.
4996	34919	teams-ownership	app/src/settings_view/teams_page.rs	target-and-source-present	warp.dev>	warp.dev>	intentional-preserve-command-code-token	Command, placeholder, code, path, format, endpoint, or protocol token should remain stable.
4997	34926	teams-ownership	app/src/settings_view/teams_page.rs	target-and-source-present	warp.dev.	warp.dev.	intentional-preserve-command-code-token	Command, placeholder, code, path, format, endpoint, or protocol token should remain stable.
4998	34933	teams-ownership	app/src/settings_view/teams_page.rs	target-and-source-present	app.warp.dev	app.warp.dev	intentional-preserve-command-code-token	Command, placeholder, code, path, format, endpoint, or protocol token should remain stable.
4999	34940	teams-ownership	app/src/settings_view/teams_page.rs	target-and-source-present	warp0.dev0	warp0.dev0	intentional-preserve-command-code-token	Command, placeholder, code, path, format, endpoint, or protocol token should remain stable.
5000	34947	teams-ownership	app/src/settings_view/teams_page.rs	target-and-source-present	warp.dev	warp.dev	intentional-preserve-command-code-token	Command, placeholder, code, path, format, endpoint, or protocol token should remain stable.
5001	34954	teams-ownership	app/src/settings_view/teams_page.rs	target-and-source-present	miniclip.com	miniclip.com	intentional-preserve-command-code-token	Command, placeholder, code, path, format, endpoint, or protocol token should remain stable.
5027	35136	workspace	app/src/workspace/view/global_search/view.rs	target-and-source-present	<unknown>	<unknown>	intentional-preserve-command-code-token	Command, placeholder, code, path, format, endpoint, or protocol token should remain stable.
5028	35143	workspace	app/src/workspace/view/global_search/view.rs	target-and-source-present	RowIndex.directory_index {} out of bounds	RowIndex.directory_index {} out of bounds	intentional-preserve-command-code-token	Command, placeholder, code, path, format, endpoint, or protocol token should remain stable.
5047	35276	workspace	app/src/workspace/view/right_panel.rs	target-and-source-present	{display_path}:	{display_path}:	intentional-preserve-command-code-token	Command, placeholder, code, path, format, endpoint, or protocol token should remain stable.
5048	35283	workspace	app/src/workspace/view/right_panel.rs	target-and-source-present	<none>	<none>	intentional-preserve-command-code-token	Command, placeholder, code, path, format, endpoint, or protocol token should remain stable.
5049	35290	workspace	app/src/workspace/view/right_panel.rs	target-and-source-present	Active code review view: repo_path={}, has_active_comment_model={}, review_destination={:?}, total_comments={}, sendable_comments={}, is_collapsed={}, is_outdated_section_collapsed={:?}, ai_available={}, ai_enabled={}, send_button_tooltip={}	Active code review view: repo_path={}, has_active_comment_model={}, review_destination={:?}, total_comments={}, sendable_comments={}, is_collapsed={}, is_outdated_section_collapsed={:?}, ai_available={}, ai_enabled={}, send_button_tooltip={}	intentional-preserve-command-code-token	Command, placeholder, code, path, format, endpoint, or protocol token should remain stable.
5050	35297	workspace	app/src/workspace/view/right_panel.rs	target-and-source-present	Review comment send status for active tab: no active pane group, selected_repo_path={}, ai_enabled={}	Review comment send status for active tab: no active pane group, selected_repo_path={}, ai_enabled={}	intentional-preserve-command-code-token	Command, placeholder, code, path, format, endpoint, or protocol token should remain stable.
5051	35304	workspace	app/src/workspace/view/right_panel.rs	target-and-source-present	Review comment send status for active tab: pane_group_id={pane_group_id}, selected_repo_path={}, ai_enabled={}, focused_pane_id={focused_pane_id}, preferred_terminal_id={preferred_terminal_id:?}, chosen_terminal_id={chosen_terminal_id:?}, visible_pane_count={}	Review comment send status for active tab: pane_group_id={pane_group_id}, selected_repo_path={}, ai_enabled={}, focused_pane_id={focused_pane_id}, preferred_terminal_id={preferred_terminal_id:?}, chosen_terminal_id={chosen_terminal_id:?}, visible_pane_count={}	intentional-preserve-command-code-token	Command, placeholder, code, path, format, endpoint, or protocol token should remain stable.
5052	35311	workspace	app/src/workspace/view/right_panel.rs	target-and-source-present	Pane #{index}: pane_id={pane_id}, pane_type={}, focused={is_focused}, skipped=not a terminal pane	Pane #{index}: pane_id={pane_id}, pane_type={}, focused={is_focused}, skipped=not a terminal pane	intentional-preserve-command-code-token	Command, placeholder, code, path, format, endpoint, or protocol token should remain stable.
5053	35318	workspace	app/src/workspace/view/right_panel.rs	target-and-source-present	Pane #{index}: pane_id={pane_id}, pane_type={}, focused={is_focused}, skipped=terminal view missing	Pane #{index}: pane_id={pane_id}, pane_type={}, focused={is_focused}, skipped=terminal view missing	intentional-preserve-command-code-token	Command, placeholder, code, path, format, endpoint, or protocol token should remain stable.
5054	35325	workspace	app/src/workspace/view/right_panel.rs	target-and-source-present	Pane #{index}: pane_id={pane_id}, pane_type={}, terminal_view_id={terminal_id}, focused={is_focused}, preferred={}, chosen={}, available={}, active_session_path={}, current_repo_path={}, active_cli_agent={}, is_executing={}, is_input_box_visible={}, unavailable_reasons={}	Pane #{index}: pane_id={pane_id}, pane_type={}, terminal_view_id={terminal_id}, focused={is_focused}, preferred={}, chosen={}, available={}, active_session_path={}, current_repo_path={}, active_cli_agent={}, is_executing={}, is_input_box_visible={}, unavailable_reasons={}	intentional-preserve-command-code-token	Command, placeholder, code, path, format, endpoint, or protocol token should remain stable.
5058	35353	workspace	app/src/workspace/view.rs	target-and-source-present	tab_config_error:{}	tab_config_error:{}	intentional-preserve-command-code-token	Command, placeholder, code, path, format, endpoint, or protocol token should remain stable.
5060	35367	workspace	app/src/workspace/view.rs	target-and-source-present	Workspace should have at least one tab upon configuration	Workspace should have at least one tab upon configuration	intentional-preserve-command-code-token	Command, placeholder, code, path, format, endpoint, or protocol token should remain stable.
5061	35374	workspace	app/src/workspace/view.rs	target-and-source-present	Attempted to set active tab index {index} but only {} tabs exist, clamping	Attempted to set active tab index {index} but only {} tabs exist, clamping	intentional-preserve-command-code-token	Command, placeholder, code, path, format, endpoint, or protocol token should remain stable.
5062	35381	workspace	app/src/workspace/view.rs	target-and-source-present	Tried to update window title but active tab index ({}) was out of range 0..{}	Tried to update window title but active tab index ({}) was out of range 0..{}	intentional-preserve-command-code-token	Command, placeholder, code, path, format, endpoint, or protocol token should remain stable.
5063	35388	workspace	app/src/workspace/view.rs	target-and-source-present	Tried to set active tab name but active tab index ({}) was out of range 0..{}	Tried to set active tab name but active tab index ({}) was out of range 0..{}	intentional-preserve-command-code-token	Command, placeholder, code, path, format, endpoint, or protocol token should remain stable.
5064	35395	workspace	app/src/workspace/view.rs	target-and-source-present	Not setting tab color: index was {index} but len is {}	Not setting tab color: index was {index} but len is {}	intentional-preserve-command-code-token	Command, placeholder, code, path, format, endpoint, or protocol token should remain stable.
5065	35402	workspace	app/src/workspace/view.rs	target-and-source-present	Not toggling tab color: index was {index} but len is {}	Not toggling tab color: index was {index} but len is {}	intentional-preserve-command-code-token	Command, placeholder, code, path, format, endpoint, or protocol token should remain stable.
5066	35409	workspace	app/src/workspace/view.rs	target-and-source-present	Could not get terminal view handle for new pane when attempting to open file with $EDITOR.	Could not get terminal view handle for new pane when attempting to open file with $EDITOR.	intentional-preserve-command-code-token	Command, placeholder, code, path, format, endpoint, or protocol token should remain stable.
5067	35416	workspace	app/src/workspace/view.rs	target-and-source-present	Failed to create log bundle: {err}	Failed to create log bundle: {err}	intentional-preserve-command-code-token	Command, placeholder, code, path, format, endpoint, or protocol token should remain stable.
5068	35423	workspace	app/src/workspace/view.rs	target-and-source-present	Triggering agent onboarding callout flow but not during initial login. This should not normally happen.	Triggering agent onboarding callout flow but not during initial login. This should not normally happen.	intentional-preserve-command-code-token	Command, placeholder, code, path, format, endpoint, or protocol token should remain stable.
5069	35430	workspace	app/src/workspace/view.rs	target-and-source-present	cd {}	cd {}	intentional-preserve-command-code-token	Command, placeholder, code, path, format, endpoint, or protocol token should remain stable.
5070	35437	workspace	app/src/workspace/view.rs	target-and-source-present	{exec} {}	{exec} {}	intentional-preserve-command-code-token	Command, placeholder, code, path, format, endpoint, or protocol token should remain stable.
5071	35444	workspace	app/src/workspace/view.rs	target-and-source-present	New-session sidecar closed: worktree_active={}, via_select_item={via_select_item}	New-session sidecar closed: worktree_active={}, via_select_item={via_select_item}	intentional-preserve-command-code-token	Command, placeholder, code, path, format, endpoint, or protocol token should remain stable.
5072	35451	workspace	app/src/workspace/view.rs	target-and-source-present	Configuring worktree sidecar: hovered_index={hovered_index}, query={:?}, repo_count={repo_count}	Configuring worktree sidecar: hovered_index={hovered_index}, query={:?}, repo_count={repo_count}	intentional-preserve-command-code-token	Command, placeholder, code, path, format, endpoint, or protocol token should remain stable.
5073	35458	workspace	app/src/workspace/view.rs	target-and-source-present	Worktree sidecar safe-zone target from previous frame available: {}	Worktree sidecar safe-zone target from previous frame available: {}	intentional-preserve-command-code-token	Command, placeholder, code, path, format, endpoint, or protocol token should remain stable.
5077	35486	workspace	app/src/workspace/view.rs	target-and-source-present	Materializing default worktree config: repo_path={repo_path:?}, branch_name={branch_name:?}, pane_type={pane_type}	Materializing default worktree config: repo_path={repo_path:?}, branch_name={branch_name:?}, pane_type={pane_type}	intentional-preserve-command-code-token	Command, placeholder, code, path, format, endpoint, or protocol token should remain stable.
5078	35493	workspace	app/src/workspace/view.rs	target-and-source-present	Failed to materialize default worktree config from {config_path:?}: {e}	Failed to materialize default worktree config from {config_path:?}: {e}	intentional-preserve-command-code-token	Command, placeholder, code, path, format, endpoint, or protocol token should remain stable.
5079	35500	workspace	app/src/workspace/view.rs	target-and-source-present	Saved default worktree config to {saved_config_path:?}: config_name={:?}	Saved default worktree config to {saved_config_path:?}: config_name={:?}	intentional-preserve-command-code-token	Command, placeholder, code, path, format, endpoint, or protocol token should remain stable.
5080	35507	workspace	app/src/workspace/view.rs	target-and-source-present	Failed to find terminal view with id {terminal_view_id} to set pending query state	Failed to find terminal view with id {terminal_view_id} to set pending query state	intentional-preserve-command-code-token	Command, placeholder, code, path, format, endpoint, or protocol token should remain stable.
5085	35542	workspace	app/src/workspace/view.rs	target-and-source-present	start_local_to_cloud_handoff: failed to push fresh cloud-mode pane over the active session	start_local_to_cloud_handoff: failed to push fresh cloud-mode pane over the active session	intentional-preserve-command-code-token	Command, placeholder, code, path, format, endpoint, or protocol token should remain stable.
5086	35549	workspace	app/src/workspace/view.rs	target-and-source-present	start_local_to_cloud_handoff: no active session view in the active tab to hand off	start_local_to_cloud_handoff: no active session view in the active tab to hand off	intentional-preserve-command-code-token	Command, placeholder, code, path, format, endpoint, or protocol token should remain stable.
5087	35556	workspace	app/src/workspace/view.rs	target-and-source-present	start_local_to_cloud_handoff: no non-empty source conversation found; starting a fresh cloud launch	start_local_to_cloud_handoff: no non-empty source conversation found; starting a fresh cloud launch	intentional-preserve-command-code-token	Command, placeholder, code, path, format, endpoint, or protocol token should remain stable.
5088	35563	workspace	app/src/workspace/view.rs	target-and-source-present	start_local_to_cloud_handoff: fork_conversation RPC failed: {err:#}	start_local_to_cloud_handoff: fork_conversation RPC failed: {err:#}	intentional-preserve-command-code-token	Command, placeholder, code, path, format, endpoint, or protocol token should remain stable.
5089	35570	workspace	app/src/workspace/view.rs	target-and-source-present	complete_local_to_cloud_handoff_open: failed to materialize local fork of conversation {:?} for handoff: {err:#}	complete_local_to_cloud_handoff_open: failed to materialize local fork of conversation {:?} for handoff: {err:#}	intentional-preserve-command-code-token	Command, placeholder, code, path, format, endpoint, or protocol token should remain stable.
5090	35577	workspace	app/src/workspace/view.rs	target-and-source-present	complete_local_to_cloud_handoff_open: failed to push cloud-mode pane after forking conversation	complete_local_to_cloud_handoff_open: failed to push cloud-mode pane after forking conversation	intentional-preserve-command-code-token	Command, placeholder, code, path, format, endpoint, or protocol token should remain stable.
5092	35591	workspace	app/src/workspace/view.rs	target-and-source-present	{prefix}update-tab-config Update {} to...	{prefix}update-tab-config Update {} to...	intentional-preserve-command-code-token	Command, placeholder, code, path, format, endpoint, or protocol token should remain stable.
5093	35598	workspace	app/src/workspace/view.rs	target-and-source-present	# {query}	# {query}	intentional-preserve-command-code-token	Command, placeholder, code, path, format, endpoint, or protocol token should remain stable.
5094	35605	workspace	app/src/workspace/view.rs	target-and-source-present	Hello, Agent Mode x Codex!	Hello, Agent Mode x Codex!	intentional-preserve-command-code-token	Command, placeholder, code, path, format, endpoint, or protocol token should remain stable.
5095	35612	workspace	app/src/workspace/view.rs	target-and-source-present	Linear Issue	Linear Issue	intentional-preserve-command-code-token	Command, placeholder, code, path, format, endpoint, or protocol token should remain stable.
5096	35619	workspace	app/src/workspace/view.rs	target-and-source-present	{prefix}{value}	{prefix}{value}	intentional-preserve-command-code-token	Command, placeholder, code, path, format, endpoint, or protocol token should remain stable.
5097	35626	workspace	app/src/workspace/view.rs	target-and-source-present	{heading} {}	{heading} {}	intentional-preserve-command-code-token	Command, placeholder, code, path, format, endpoint, or protocol token should remain stable.
5098	35633	workspace	app/src/workspace/view.rs	missing-in-current-source	is_right_panel_open() returned true, but neither the resource center nor AI assistant are open	is_right_panel_open() returned true, but neither the resource center nor AI assistant are open	needs-owner-review-source-state	Current-source string did not match audit source exactly; treat as escaped/newline or source drift queue before editing.
5100	35647	workspace	app/src/workspace/view.rs	target-and-source-present	{verbosity:?} accessibility announcements set	{verbosity:?} accessibility announcements set	intentional-preserve-command-code-token	Command, placeholder, code, path, format, endpoint, or protocol token should remain stable.
5101	35654	workspace	app/src/workspace/view.rs	target-and-source-present	Skipping automatic local-to-cloud handoff via {:?}: terminal view {:?} is no longer open	Skipping automatic local-to-cloud handoff via {:?}: terminal view {:?} is no longer open	intentional-preserve-command-code-token	Command, placeholder, code, path, format, endpoint, or protocol token should remain stable.
5102	35661	workspace	app/src/workspace/view.rs	target-and-source-present	modify-settings	modify-settings	intentional-preserve-command-code-token	Command, placeholder, code, path, format, endpoint, or protocol token should remain stable.
5103	35668	workspace	app/src/workspace/view.rs	target-and-source-present	Failed to reset build plan migration modal dismissed setting: {e}	Failed to reset build plan migration modal dismissed setting: {e}	intentional-preserve-command-code-token	Command, placeholder, code, path, format, endpoint, or protocol token should remain stable.
5104	35675	workspace	app/src/workspace/view.rs	target-and-source-present	Failed to reset AWS Bedrock login banner dismissed setting: {e}	Failed to reset AWS Bedrock login banner dismissed setting: {e}	intentional-preserve-command-code-token	Command, placeholder, code, path, format, endpoint, or protocol token should remain stable.
5105	35682	workspace	app/src/workspace/view.rs	target-and-source-present	Oz launch modal state: old={}, new={}, feature_flag_enabled={}	Oz launch modal state: old={}, new={}, feature_flag_enabled={}	intentional-preserve-command-code-token	Command, placeholder, code, path, format, endpoint, or protocol token should remain stable.
5106	35689	workspace	app/src/workspace/view.rs	target-and-source-present	OpenWarp launch modal state: old={}, new={}, feature_flag_enabled={}	OpenWarp launch modal state: old={}, new={}, feature_flag_enabled={}	intentional-preserve-command-code-token	Command, placeholder, code, path, format, endpoint, or protocol token should remain stable.
5107	35696	workspace	app/src/workspace/view.rs	target-and-source-present	Failed to reset orchestration launch modal dismissed setting: {e}	Failed to reset orchestration launch modal dismissed setting: {e}	intentional-preserve-command-code-token	Command, placeholder, code, path, format, endpoint, or protocol token should remain stable.
5108	35703	workspace	app/src/workspace/view.rs	target-and-source-present	Orchestration launch modal state: old={old_value}, new={new_value}, feature_flag_enabled={}	Orchestration launch modal state: old={old_value}, new={new_value}, feature_flag_enabled={}	intentional-preserve-command-code-token	Command, placeholder, code, path, format, endpoint, or protocol token should remain stable.
5110	35717	workspace	app/src/workspace/view.rs	target-and-source-present	warp_sample_{timestamp}.txt	warp_sample_{timestamp}.txt	intentional-preserve-command-code-token	Command, placeholder, code, path, format, endpoint, or protocol token should remain stable.
5112	35731	workspace	app/src/workspace/view.rs	target-and-source-present	-file	-file	intentional-preserve-command-code-token	Command, placeholder, code, path, format, endpoint, or protocol token should remain stable.
5113	35738	workspace	app/src/workspace/view.rs	target-and-source-present	process_sample.txt	process_sample.txt	intentional-preserve-command-code-token	Command, placeholder, code, path, format, endpoint, or protocol token should remain stable.
5114	35745	workspace	app/src/workspace/view.rs	target-and-source-present	[FOR PERFORMANCE BOT] Dev took performance sample with results: 	[FOR PERFORMANCE BOT] Dev took performance sample with results: 	intentional-preserve-command-code-token	Command, placeholder, code, path, format, endpoint, or protocol token should remain stable.
5118	35773	workspace	app/src/workspace/view.rs	target-and-source-present	IsOnline	IsOnline	intentional-preserve-telemetry-feature-id	CamelCase action, telemetry, feature, or enum identifier should not be localized.
5119	35780	workspace	app/src/workspace/view.rs	target-and-source-present	Workspace_PaneDragging	Workspace_PaneDragging	intentional-preserve-command-code-token	Command, placeholder, code, path, format, endpoint, or protocol token should remain stable.
5120	35787	workspace	app/src/workspace/view.rs	target-and-source-present	Workspace_TextOpen	Workspace_TextOpen	intentional-preserve-command-code-token	Command, placeholder, code, path, format, endpoint, or protocol token should remain stable.
5121	35794	workspace	app/src/workspace/view.rs	target-and-source-present	AutoupdateState_UpdateReady	AutoupdateState_UpdateReady	intentional-preserve-command-code-token	Command, placeholder, code, path, format, endpoint, or protocol token should remain stable.
5122	35801	workspace	app/src/workspace/view.rs	target-and-source-present	AccessibilityVerbosity_Verbose	AccessibilityVerbosity_Verbose	intentional-preserve-command-code-token	Command, placeholder, code, path, format, endpoint, or protocol token should remain stable.
5123	35808	workspace	app/src/workspace/view.rs	target-and-source-present	Workspace_CloseWindow	Workspace_CloseWindow	intentional-preserve-command-code-token	Command, placeholder, code, path, format, endpoint, or protocol token should remain stable.
5124	35815	workspace	app/src/workspace/view.rs	target-and-source-present	Workspace_SingleTab	Workspace_SingleTab	intentional-preserve-command-code-token	Command, placeholder, code, path, format, endpoint, or protocol token should remain stable.
5125	35822	workspace	app/src/workspace/view.rs	target-and-source-present	Workspace_MultipleTabs	Workspace_MultipleTabs	intentional-preserve-command-code-token	Command, placeholder, code, path, format, endpoint, or protocol token should remain stable.
5126	35829	workspace	app/src/workspace/view.rs	target-and-source-present	Workspace_LeftmostTabActive	Workspace_LeftmostTabActive	intentional-preserve-command-code-token	Command, placeholder, code, path, format, endpoint, or protocol token should remain stable.
5127	35836	workspace	app/src/workspace/view.rs	target-and-source-present	Workspace_RightmostTabActive	Workspace_RightmostTabActive	intentional-preserve-command-code-token	Command, placeholder, code, path, format, endpoint, or protocol token should remain stable.
5128	35843	workspace	app/src/workspace/view.rs	target-and-source-present	IsAnonymousUser	IsAnonymousUser	intentional-preserve-telemetry-feature-id	CamelCase action, telemetry, feature, or enum identifier should not be localized.
5129	35850	workspace	app/src/workspace/view.rs	target-and-source-present	UpdateToastVisible	UpdateToastVisible	intentional-preserve-telemetry-feature-id	CamelCase action, telemetry, feature, or enum identifier should not be localized.
5130	35857	workspace	app/src/workspace/view.rs	target-and-source-present	Workspace_ViewOnlySharedSession	Workspace_ViewOnlySharedSession	intentional-preserve-command-code-token	Command, placeholder, code, path, format, endpoint, or protocol token should remain stable.
5131	35864	workspace	app/src/workspace/view.rs	target-and-source-present	LongRunningCommand	LongRunningCommand	intentional-preserve-telemetry-feature-id	CamelCase action, telemetry, feature, or enum identifier should not be localized.
5132	35871	workspace	app/src/workspace/view.rs	target-and-source-present	Workspace_CloudConversationWebViewer	Workspace_CloudConversationWebViewer	intentional-preserve-command-code-token	Command, placeholder, code, path, format, endpoint, or protocol token should remain stable.
5133	35878	workspace	app/src/workspace/view.rs	target-and-source-present	adopt_transferred_pane_group called without pending transfer	adopt_transferred_pane_group called without pending transfer	intentional-preserve-command-code-token	Command, placeholder, code, path, format, endpoint, or protocol token should remain stable.
5134	35885	workspace	app/src/workspace/view.rs	target-and-source-present	adopt_transferred_pane_group missing placeholder tab	adopt_transferred_pane_group missing placeholder tab	intentional-preserve-command-code-token	Command, placeholder, code, path, format, endpoint, or protocol token should remain stable.
5135	35892	workspace	app/src/workspace/view.rs	target-and-source-present	tab_drag: perform_handoff caller_wid={caller_window_id} target_wid={} insertion_index={} has_dedicated_preview={has_dedicated_preview} source_tab_index={source_tab_index} source_was_single_tab={source_was_single_tab}	tab_drag: perform_handoff caller_wid={caller_window_id} target_wid={} insertion_index={} has_dedicated_preview={has_dedicated_preview} source_tab_index={source_tab_index} source_was_single_tab={source_was_single_tab}	intentional-preserve-command-code-token	Command, placeholder, code, path, format, endpoint, or protocol token should remain stable.
5136	35899	workspace	app/src/workspace/view.rs	target-and-source-present	tab_drag: perform_handoff branch=target==caller (put-back) caller_wid={caller_window_id}	tab_drag: perform_handoff branch=target==caller (put-back) caller_wid={caller_window_id}	intentional-preserve-command-code-token	Command, placeholder, code, path, format, endpoint, or protocol token should remain stable.
5137	35906	workspace	app/src/workspace/view.rs	target-and-source-present	tab_drag: perform_handoff target==caller without dedicated preview -> reset_to_floating (no-op)	tab_drag: perform_handoff target==caller without dedicated preview -> reset_to_floating (no-op)	intentional-preserve-command-code-token	Command, placeholder, code, path, format, endpoint, or protocol token should remain stable.
5138	35913	workspace	app/src/workspace/view.rs	target-and-source-present	tab_drag: perform_handoff target==caller called with source_placeholder_consumed=true -> reset_to_floating	tab_drag: perform_handoff target==caller called with source_placeholder_consumed=true -> reset_to_floating	intentional-preserve-command-code-token	Command, placeholder, code, path, format, endpoint, or protocol token should remain stable.
5139	35920	workspace	app/src/workspace/view.rs	target-and-source-present	tab_drag: perform_handoff branch=single_tab_source->other target_wid={} caller_wid={caller_window_id}	tab_drag: perform_handoff branch=single_tab_source->other target_wid={} caller_wid={caller_window_id}	intentional-preserve-command-code-token	Command, placeholder, code, path, format, endpoint, or protocol token should remain stable.
5140	35927	workspace	app/src/workspace/view.rs	target-and-source-present	tab_drag: perform_handoff single_tab could not get transfer info source_tab_index={source_tab_index} -> reset_to_floating	tab_drag: perform_handoff single_tab could not get transfer info source_tab_index={source_tab_index} -> reset_to_floating	intentional-preserve-command-code-token	Command, placeholder, code, path, format, endpoint, or protocol token should remain stable.
5141	35934	workspace	app/src/workspace/view.rs	target-and-source-present	tab_drag: perform_handoff branch=multi_tab_source->other target_wid={} caller_wid={caller_window_id}	tab_drag: perform_handoff branch=multi_tab_source->other target_wid={} caller_wid={caller_window_id}	intentional-preserve-command-code-token	Command, placeholder, code, path, format, endpoint, or protocol token should remain stable.
5142	35941	workspace	app/src/workspace/view.rs	target-and-source-present	opencode.json	opencode.json	intentional-preserve-command-code-token	Command, placeholder, code, path, format, endpoint, or protocol token should remain stable.
5143	35948	workspace	app/src/workspace/view.rs	target-and-source-present	Failed to parse opencode.json: {e}	Failed to parse opencode.json: {e}	intentional-preserve-command-code-token	Command, placeholder, code, path, format, endpoint, or protocol token should remain stable.
5144	35955	workspace	app/src/workspace/view.rs	target-and-source-present	Failed to read opencode.json: {e}	Failed to read opencode.json: {e}	intentional-preserve-command-code-token	Command, placeholder, code, path, format, endpoint, or protocol token should remain stable.
5145	35962	workspace	app/src/workspace/view.rs	target-and-source-present	$schema	$schema	intentional-preserve-command-code-token	Command, placeholder, code, path, format, endpoint, or protocol token should remain stable.
5146	35969	workspace	app/src/workspace/view.rs	target-and-source-present	opencode.json has unexpected structure (plugin is not an array)	opencode.json has unexpected structure (plugin is not an array)	intentional-preserve-command-code-token	Command, placeholder, code, path, format, endpoint, or protocol token should remain stable.
5147	35976	workspace	app/src/workspace/view.rs	target-and-source-present	opencode-warp	opencode-warp	intentional-preserve-command-code-token	Command, placeholder, code, path, format, endpoint, or protocol token should remain stable.
5148	35983	workspace	app/src/workspace/view.rs	target-and-source-present	Failed to create config directory: {e}	Failed to create config directory: {e}	intentional-preserve-command-code-token	Command, placeholder, code, path, format, endpoint, or protocol token should remain stable.
5149	35990	workspace	app/src/workspace/view.rs	missing-in-current-source	{json_str}n	{json_str}n	needs-owner-review-source-state	Current-source string did not match audit source exactly; treat as escaped/newline or source drift queue before editing.
5150	35997	workspace	app/src/workspace/view.rs	target-and-source-present	OpenCode plugin set to: {new_entry}	OpenCode plugin set to: {new_entry}	intentional-preserve-command-code-token	Command, placeholder, code, path, format, endpoint, or protocol token should remain stable.
5151	36004	workspace	app/src/workspace/view.rs	target-and-source-present	Failed to write opencode.json: {e}	Failed to write opencode.json: {e}	intentional-preserve-command-code-token	Command, placeholder, code, path, format, endpoint, or protocol token should remain stable.
5152	36011	workspace	app/src/workspace/view.rs	target-and-source-present	Failed to serialize opencode.json: {e}	Failed to serialize opencode.json: {e}	intentional-preserve-command-code-token	Command, placeholder, code, path, format, endpoint, or protocol token should remain stable.
5156	36041	ai-agent	app/src/ai/agent/conversation.rs	target-and-source-present	Existing response stream info for stream id {stream_id:?}: {request_info:?}	Existing response stream info for stream id {stream_id:?}: {request_info:?}	intentional-preserve-command-code-token	Command, placeholder, code, path, format, endpoint, or protocol token should remain stable.
5157	36048	ai-agent	app/src/ai/agent/conversation.rs	target-and-source-present	===== Exchange {exchange_number} - token_usage={}	===== Exchange {exchange_number} - token_usage={}	intentional-preserve-command-code-token	Command, placeholder, code, path, format, endpoint, or protocol token should remain stable.
5158	36055	ai-agent	app/src/ai/agent/conversation.rs	target-and-source-present	Attempted to create task with parent id {parent_id} but no parent task found	Attempted to create task with parent id {parent_id} but no parent task found	intentional-preserve-command-code-token	Command, placeholder, code, path, format, endpoint, or protocol token should remain stable.
5159	36062	ai-agent	app/src/ai/agent/conversation.rs	target-and-source-present	Upgrading optimistically created subtask with ID {:?} to server task with ID {:?}	Upgrading optimistically created subtask with ID {:?} to server task with ID {:?}	intentional-preserve-command-code-token	Command, placeholder, code, path, format, endpoint, or protocol token should remain stable.
5160	36069	ai-agent	app/src/ai/agent/conversation.rs	target-and-source-present	Received an UpdateReviewComments message but there's no active code review state	Received an UpdateReviewComments message but there's no active code review state	needs-owner-review-internal-log-or-error	English diagnostic/error string may be internal or runtime-visible; needs owner visibility decision.
5161	36076	ai-agent	app/src/ai/agent/conversation.rs	target-and-source-present	Tried to optimistically create new subtask for CLI agent when one exists already.	Tried to optimistically create new subtask for CLI agent when one exists already.	intentional-preserve-command-code-token	Command, placeholder, code, path, format, endpoint, or protocol token should remain stable.
5162	36083	ai-agent	app/src/ai/agent/conversation.rs	target-and-source-present	Failed to serialize artifacts when persisting conversation data: {e}	Failed to serialize artifacts when persisting conversation data: {e}	intentional-preserve-command-code-token	Command, placeholder, code, path, format, endpoint, or protocol token should remain stable.
5163	36090	ai-agent	app/src/ai/agent/conversation.rs	target-and-source-present	RunShellCommand tool call message has no timestamp (message_id: {message_id})	RunShellCommand tool call message has no timestamp (message_id: {message_id})	intentional-preserve-command-code-token	Command, placeholder, code, path, format, endpoint, or protocol token should remain stable.
5164	36097	ai-agent	app/src/ai/agent/conversation.rs	target-and-source-present	Extracted {} command blocks for conversation {}	Extracted {} command blocks for conversation {}	intentional-preserve-command-code-token	Command, placeholder, code, path, format, endpoint, or protocol token should remain stable.
5165	36104	ai-agent	app/src/ai/agent/conversation.rs	target-and-source-present	Failed to clean up conversation search temp dir {}: {e}	Failed to clean up conversation search temp dir {}: {e}	intentional-preserve-command-code-token	Command, placeholder, code, path, format, endpoint, or protocol token should remain stable.
5166	36111	ai-agent	app/src/ai/agent/conversation.rs	target-and-source-present	Cleaned up conversation search temp dir: {}	Cleaned up conversation search temp dir: {}	intentional-preserve-command-code-token	Command, placeholder, code, path, format, endpoint, or protocol token should remain stable.
5186	36251	ai-agent	app/src/ai/agent_sdk/ambient.rs	target-and-source-present	Invalid OZ_RUN_ID	Invalid OZ_RUN_ID	intentional-preserve-command-code-token	Command, placeholder, code, path, format, endpoint, or protocol token should remain stable.
5187	36258	ai-agent	app/src/ai/agent_sdk/ambient.rs	target-and-source-present	{} is set but is not valid Unicode	{} is set but is not valid Unicode	intentional-preserve-command-code-token	Command, placeholder, code, path, format, endpoint, or protocol token should remain stable.
5188	36265	ai-agent	app/src/ai/agent_sdk/ambient.rs	target-and-source-present	Failed to send agent message (sender_run_id={:?}, task_id={:?}, target_agent_ids={:?})	Failed to send agent message (sender_run_id={:?}, task_id={:?}, target_agent_ids={:?})	intentional-preserve-command-code-token	Command, placeholder, code, path, format, endpoint, or protocol token should remain stable.
5189	36272	ai-agent	app/src/ai/agent_sdk/ambient.rs	target-and-source-present	Sending ambient agent message: sender_run_id={:?} task_id={:?} target_agent_ids={:?} subject={:?} body_len={}	Sending ambient agent message: sender_run_id={:?} task_id={:?} target_agent_ids={:?} subject={:?} body_len={}	intentional-preserve-command-code-token	Command, placeholder, code, path, format, endpoint, or protocol token should remain stable.
5190	36279	ai-agent	app/src/ai/agent_sdk/ambient.rs	target-and-source-present	Sent ambient agent message: sender_run_id={:?} task_id={:?} target_agent_ids={:?} subject={:?} body_len={} message_ids={:?}	Sent ambient agent message: sender_run_id={:?} task_id={:?} target_agent_ids={:?} subject={:?} body_len={} message_ids={:?}	intentional-preserve-command-code-token	Command, placeholder, code, path, format, endpoint, or protocol token should remain stable.
5191	36286	ai-agent	app/src/ai/agent_sdk/ambient.rs	target-and-source-present	Failed to send ambient agent message: sender_run_id={:?} task_id={:?} target_agent_ids={:?} subject={:?} body_len={} error={err:#}	Failed to send ambient agent message: sender_run_id={:?} task_id={:?} target_agent_ids={:?} subject={:?} body_len={} error={err:#}	intentional-preserve-command-code-token	Command, placeholder, code, path, format, endpoint, or protocol token should remain stable.
5192	36293	ai-agent	app/src/ai/agent_sdk/ambient.rs	target-and-source-present	Reconnected message watch for run {run_id} at sequence {last_seen_sequence}.	Reconnected message watch for run {run_id} at sequence {last_seen_sequence}.	intentional-preserve-command-code-token	Command, placeholder, code, path, format, endpoint, or protocol token should remain stable.
5193	36300	ai-agent	app/src/ai/agent_sdk/ambient.rs	target-and-source-present	Message watch reconnect failed: {err:#}. Retrying in {}s.	Message watch reconnect failed: {err:#}. Retrying in {}s.	intentional-preserve-command-code-token	Command, placeholder, code, path, format, endpoint, or protocol token should remain stable.
5194	36307	ai-agent	app/src/ai/agent_sdk/ambient.rs	target-and-source-present	Skipping new_message event without ref_id at sequence {}.	Skipping new_message event without ref_id at sequence {}.	intentional-preserve-command-code-token	Command, placeholder, code, path, format, endpoint, or protocol token should remain stable.
5195	36314	ai-agent	app/src/ai/agent_sdk/ambient.rs	target-and-source-present	Failed to hydrate message {message_id}: {err:#}. Retrying in {}s.	Failed to hydrate message {message_id}: {err:#}. Retrying in {}s.	intentional-preserve-command-code-token	Command, placeholder, code, path, format, endpoint, or protocol token should remain stable.
5196	36321	ai-agent	app/src/ai/agent_sdk/ambient.rs	target-and-source-present	Message watch disconnected: {err}. Retrying in {}s.	Message watch disconnected: {err}. Retrying in {}s.	intentional-preserve-command-code-token	Command, placeholder, code, path, format, endpoint, or protocol token should remain stable.
5197	36328	ai-agent	app/src/ai/agent_sdk/ambient.rs	target-and-source-present	Message watch stream closed. Reconnecting in {}s.	Message watch stream closed. Reconnecting in {}s.	intentional-preserve-command-code-token	Command, placeholder, code, path, format, endpoint, or protocol token should remain stable.
5200	36349	ai-agent	app/src/ai/agent_sdk/ambient.rs	target-and-source-present	- {message_id}	- {message_id}	intentional-preserve-command-code-token	Command, placeholder, code, path, format, endpoint, or protocol token should remain stable.
5206	36391	ai-agent	app/src/ai/agent_sdk/ambient.rs	target-and-source-present	MESSAGE ID	MESSAGE ID	intentional-preserve-command-code-token	Command, placeholder, code, path, format, endpoint, or protocol token should remain stable.
5207	36398	ai-agent	app/src/ai/agent_sdk/ambient.rs	target-and-source-present	SENT AT	SENT AT	intentional-preserve-command-code-token	Command, placeholder, code, path, format, endpoint, or protocol token should remain stable.
5208	36405	ai-agent	app/src/ai/agent_sdk/ambient.rs	target-and-source-present	DELIVERED AT	DELIVERED AT	intentional-preserve-command-code-token	Command, placeholder, code, path, format, endpoint, or protocol token should remain stable.
5209	36412	ai-agent	app/src/ai/agent_sdk/ambient.rs	target-and-source-present	READ AT	READ AT	intentional-preserve-command-code-token	Command, placeholder, code, path, format, endpoint, or protocol token should remain stable.
5215	36454	ai-agent	app/src/ai/agent_sdk/driver/environment.rs	target-and-source-present	export CI=true	export CI=true	intentional-preserve-command-code-token	Command, placeholder, code, path, format, endpoint, or protocol token should remain stable.
5221	36496	ai-agent	app/src/ai/agent_sdk/driver/environment.rs	target-and-source-present	unset CI	unset CI	intentional-preserve-command-code-token	Command, placeholder, code, path, format, endpoint, or protocol token should remain stable.
5225	36524	ai-agent	app/src/ai/agent_sdk/driver/environment.rs	target-and-source-present	git clone --filter=tree:0 '{escaped_url}'	git clone --filter=tree:0 '{escaped_url}'	intentional-preserve-command-code-token	Command, placeholder, code, path, format, endpoint, or protocol token should remain stable.
5244	36657	ai-agent	app/src/ai/agent_sdk/driver/environment.rs	target-and-source-present	test -d '{escaped}'	test -d '{escaped}'	intentional-preserve-command-code-token	Command, placeholder, code, path, format, endpoint, or protocol token should remain stable.
5245	36664	ai-agent	app/src/ai/agent_sdk/driver/harness/codex.rs	target-and-source-present	{cli} login status	{cli} login status	intentional-preserve-command-code-token	Command, placeholder, code, path, format, endpoint, or protocol token should remain stable.
5248	36685	ai-agent	app/src/ai/agent_sdk/driver/harness/codex.rs	target-and-source-present	unexpected status 401	unexpected status 401	intentional-preserve-short-token-or-label	Short product label, token, or non-sentence text preserved.
5250	36699	ai-agent	app/src/ai/agent_sdk/driver/harness/codex.rs	target-and-source-present	could not be refreshed	could not be refreshed	needs-owner-review-internal-log-or-error	English diagnostic/error string may be internal or runtime-visible; needs owner visibility decision.
5251	36706	ai-agent	app/src/ai/agent_sdk/driver/harness/codex.rs	missing-in-current-source	"{cli_name} resume --dangerously-bypass-approvals-and-sandbox {session_id} ""$(cat '{prompt_path}')"""	"{cli_name} resume --dangerously-bypass-approvals-and-sandbox {session_id} ""$(cat '{prompt_path}')"""	needs-owner-review-source-state	Current-source string did not match audit source exactly; treat as escaped/newline or source drift queue before editing.
5252	36713	ai-agent	app/src/ai/agent_sdk/driver/harness/codex.rs	missing-in-current-source	"{cli_name} --dangerously-bypass-approvals-and-sandbox ""$(cat '{prompt_path}')"""	"{cli_name} --dangerously-bypass-approvals-and-sandbox ""$(cat '{prompt_path}')"""	needs-owner-review-source-state	Current-source string did not match audit source exactly; treat as escaped/newline or source drift queue before editing.
5253	36720	ai-agent	app/src/ai/agent_sdk/driver/harness/codex.rs	target-and-source-present	.txt	.txt	intentional-preserve-short-token-or-label	Short product label, token, or non-sentence text preserved.
5256	36741	ai-agent	app/src/ai/agent_sdk/driver/harness/codex.rs	target-and-source-present	.codex	.codex	intentional-preserve-short-token-or-label	Short product label, token, or non-sentence text preserved.
5257	36748	ai-agent	app/src/ai/agent_sdk/driver/harness/codex.rs	target-and-source-present	AGENTS.override.md	AGENTS.override.md	intentional-preserve-command-code-token	Command, placeholder, code, path, format, endpoint, or protocol token should remain stable.
5258	36755	ai-agent	app/src/ai/agent_sdk/driver/harness/codex.rs	target-and-source-present	auth.json	auth.json	intentional-preserve-command-code-token	Command, placeholder, code, path, format, endpoint, or protocol token should remain stable.
5259	36762	ai-agent	app/src/ai/agent_sdk/driver/harness/codex.rs	target-and-source-present	config.toml	config.toml	intentional-preserve-command-code-token	Command, placeholder, code, path, format, endpoint, or protocol token should remain stable.
5260	36769	ai-agent	app/src/ai/agent_sdk/driver/harness/codex.rs	target-and-source-present	gpt-5.4	gpt-5.4	intentional-preserve-short-token-or-label	Short product label, token, or non-sentence text preserved.
5267	36818	ai-agent	app/src/ai/agent_sdk/driver/harness/codex.rs	target-and-source-present	.git	.git	intentional-preserve-short-token-or-label	Short product label, token, or non-sentence text preserved.
5269	36832	ai-agent	app/src/ai/agent_sdk/environment.rs	missing-in-current-source	All Warp dev images contain Python and Node. For more information, see: {}n	All Warp dev images contain Python and Node. For more information, see: {}n	needs-owner-review-source-state	Current-source string did not match audit source exactly; treat as escaped/newline or source drift queue before editing.
5274	36867	ai-agent	app/src/ai/agent_sdk/environment.rs	missing-in-current-source	All warpdotdev images contain Python and Node, in addition to language-specific tooling. For more info: {}n	All warpdotdev images contain Python and Node, in addition to language-specific tooling. For more info: {}n	needs-owner-review-source-state	Current-source string did not match audit source exactly; treat as escaped/newline or source drift queue before editing.
5279	36902	ai-agent	app/src/ai/agent_sdk/environment.rs	missing-in-current-source	All private repositories in an environment must belong to the same owner. Found multiple owners: {}.nIf you need support for private repos from multiple owners, please submit a GitHub issue.	All private repositories in an environment must belong to the same owner. Found multiple owners: {}.nIf you need support for private repos from multiple owners, please submit a GitHub issue.	needs-owner-review-source-state	Current-source string did not match audit source exactly; treat as escaped/newline or source drift queue before editing.
5299	37042	ai-agent	app/src/ai/agent_sdk/integration_output.rs	target-and-source-present	{label}: {wline}	{label}: {wline}	intentional-preserve-command-code-token	Command, placeholder, code, path, format, endpoint, or protocol token should remain stable.
5300	37049	ai-agent	app/src/ai/agent_sdk/integration_output.rs	target-and-source-present	{name}: {url}	{name}: {url}	intentional-preserve-command-code-token	Command, placeholder, code, path, format, endpoint, or protocol token should remain stable.
5301	37056	ai-agent	app/src/ai/agent_sdk/integration_output.rs	target-and-source-present	{name}: {command}	{name}: {command}	intentional-preserve-command-code-token	Command, placeholder, code, path, format, endpoint, or protocol token should remain stable.
5302	37063	ai-agent	app/src/ai/agent_sdk/integration_output.rs	target-and-source-present	{name}: {command} {}	{name}: {command} {}	intentional-preserve-command-code-token	Command, placeholder, code, path, format, endpoint, or protocol token should remain stable.
5303	37070	ai-agent	app/src/ai/agent_sdk/integration_output.rs	target-and-source-present	{name}: warp_id={warp_id}	{name}: warp_id={warp_id}	intentional-preserve-command-code-token	Command, placeholder, code, path, format, endpoint, or protocol token should remain stable.
5304	37077	ai-agent	app/src/ai/agent_sdk/integration_output.rs	target-and-source-present	{emoji} {explanation}	{emoji} {explanation}	intentional-preserve-command-code-token	Command, placeholder, code, path, format, endpoint, or protocol token should remain stable.
5306	37091	ai-agent	app/src/ai/agent_sdk/integration_output.rs	target-and-source-present	(none)	(none)	intentional-preserve-short-token-or-label	Short product label, token, or non-sentence text preserved.
5317	37168	ai-agent	app/src/ai/agent_sdk/integration_output.rs	target-and-source-present	Provider	Provider	intentional-preserve-command-code-token	Command, placeholder, code, path, format, endpoint, or protocol token should remain stable.
5325	37224	ai-agent	app/src/ai/agent_sdk/mod.rs	missing-in-current-source	- {}n	- {}n	needs-owner-review-source-state	Current-source string did not match audit source exactly; treat as escaped/newline or source drift queue before editing.
5329	37252	ai-agent	app/src/ai/agent_sdk/mod.rs	target-and-source-present	unexpected argument '--conversation' found	unexpected argument '--conversation' found	intentional-preserve-command-code-token	Command, placeholder, code, path, format, endpoint, or protocol token should remain stable.
5331	37266	ai-agent	app/src/ai/agent_sdk/mod.rs	target-and-source-present	--claude-auth-secret is only valid with --harness claude.	--claude-auth-secret is only valid with --harness claude.	intentional-preserve-command-code-token	Command, placeholder, code, path, format, endpoint, or protocol token should remain stable.
5332	37273	ai-agent	app/src/ai/agent_sdk/mod.rs	missing-in-current-source	{base_prompt}nn{user_prompt}	{base_prompt}nn{user_prompt}	needs-owner-review-source-state	Current-source string did not match audit source exactly; treat as escaped/newline or source drift queue before editing.
5336	37301	ai-agent	app/src/ai/agent_sdk/mod.rs	target-and-source-present	--bedrock-role-region is required when --bedrock-inference-role is set	--bedrock-role-region is required when --bedrock-inference-role is set	intentional-preserve-command-code-token	Command, placeholder, code, path, format, endpoint, or protocol token should remain stable.
5338	37315	ai-agent	app/src/ai/agent_sdk/mod.rs	target-and-source-present	Resolved skill '{}' from {}	Resolved skill '{}' from {}	intentional-preserve-command-code-token	Command, placeholder, code, path, format, endpoint, or protocol token should remain stable.
5344	37357	ai-agent	app/src/ai/agent_sdk/mod.rs	target-and-source-present	WarpTerminal	WarpTerminal	intentional-preserve-telemetry-feature-id	CamelCase action, telemetry, feature, or enum identifier should not be localized.
5345	37364	ai-agent	app/src/ai/agent_sdk/mod.rs	target-and-source-present	n=> {cause}	n=> {cause}	intentional-preserve-command-code-token	Command, placeholder, code, path, format, endpoint, or protocol token should remain stable.
5357	37448	ai-agent	app/src/ai/agent_sdk/secret.rs	target-and-source-present	Bedrock secrets should not go through make_simple_secret_value	Bedrock secrets should not go through make_simple_secret_value	intentional-preserve-command-code-token	Command, placeholder, code, path, format, endpoint, or protocol token should remain stable.
5371	37546	ai-agent	app/src/ai/agent_sdk/secret.rs	target-and-source-present	Anthropic Bedrock Access Key	Anthropic Bedrock Access Key	intentional-preserve-command-code-token	Command, placeholder, code, path, format, endpoint, or protocol token should remain stable.
5374	37567	ai-agent	app/src/ai/blocklist/action_model/execute/request_file_edits/diff_application.rs	target-and-source-present	{err:#}	{err:#}	intentional-preserve-command-code-token	Command, placeholder, code, path, format, endpoint, or protocol token should remain stable.
5421	37896	ai-agent	app/src/ai/blocklist/inline_action/requested_command.rs	target-and-source-present	RequestedCommandViewEditModeOpen	RequestedCommandViewEditModeOpen	intentional-preserve-telemetry-feature-id	CamelCase action, telemetry, feature, or enum identifier should not be localized.
5424	37917	ai-agent	app/src/ai/blocklist/inline_action/requested_command.rs	target-and-source-present	RequestedCommandView-{prefix}-accept-split	RequestedCommandView-{prefix}-accept-split	intentional-preserve-command-code-token	Command, placeholder, code, path, format, endpoint, or protocol token should remain stable.
5432	37973	ai-agent	app/src/ai/blocklist/inline_action/requested_command.rs	missing-in-current-source	{command_text}nnResponse: {result_text}	{command_text}nnResponse: {result_text}	needs-owner-review-source-state	Current-source string did not match audit source exactly; treat as escaped/newline or source drift queue before editing.
5433	37980	ai-agent	app/src/ai/blocklist/inline_action/requested_command.rs	target-and-source-present	{first_line}…	{first_line}…	intentional-preserve-command-code-token	Command, placeholder, code, path, format, endpoint, or protocol token should remain stable.
5445	38064	ai-agent	app/src/ai/execution_profiles/editor/mod.rs	target-and-source-present	e.g. ls .*	e.g. ls .*	intentional-preserve-short-token-or-label	Short product label, token, or non-sentence text preserved.
5446	38071	ai-agent	app/src/ai/execution_profiles/editor/mod.rs	target-and-source-present	e.g. rm .*	e.g. rm .*	intentional-preserve-short-token-or-label	Short product label, token, or non-sentence text preserved.
5447	38078	ai-agent	app/src/ai/execution_profiles/editor/mod.rs	target-and-source-present	e.g. ~/code-repos/repo	e.g. ~/code-repos/repo	intentional-preserve-short-token-or-label	Short product label, token, or non-sentence text preserved.
5448	38085	ai-agent	app/src/ai/execution_profiles/editor/mod.rs	missing-in-current-source	"e.g. ""YOLO code"""	"e.g. ""YOLO code"""	needs-owner-review-source-state	Current-source string did not match audit source exactly; treat as escaped/newline or source drift queue before editing.
5488	38367	terminal-command	app/src/terminal/available_shells.rs	target-and-source-present	Bash	Bash	intentional-preserve-command-code-token	Command, placeholder, code, path, format, endpoint, or protocol token should remain stable.
5489	38374	terminal-command	app/src/terminal/available_shells.rs	target-and-source-present	Zsh	Zsh	intentional-preserve-command-code-token	Command, placeholder, code, path, format, endpoint, or protocol token should remain stable.
5490	38381	terminal-command	app/src/terminal/available_shells.rs	target-and-source-present	Fish	Fish	intentional-preserve-command-code-token	Command, placeholder, code, path, format, endpoint, or protocol token should remain stable.
5491	38388	terminal-command	app/src/terminal/available_shells.rs	target-and-source-present	pwsh.exe	pwsh.exe	intentional-preserve-command-code-token	Command, placeholder, code, path, format, endpoint, or protocol token should remain stable.
5492	38395	terminal-command	app/src/terminal/available_shells.rs	target-and-source-present	PowerShell	PowerShell	intentional-preserve-telemetry-feature-id	CamelCase action, telemetry, feature, or enum identifier should not be localized.
5493	38402	terminal-command	app/src/terminal/available_shells.rs	target-and-source-present	powershell.exe	powershell.exe	intentional-preserve-command-code-token	Command, placeholder, code, path, format, endpoint, or protocol token should remain stable.
5494	38409	terminal-command	app/src/terminal/available_shells.rs	target-and-source-present	Windows PowerShell	Windows PowerShell	intentional-preserve-command-code-token	Command, placeholder, code, path, format, endpoint, or protocol token should remain stable.
5497	38430	terminal-command	app/src/terminal/available_shells.rs	target-and-source-present	bash.exe	bash.exe	intentional-preserve-command-code-token	Command, placeholder, code, path, format, endpoint, or protocol token should remain stable.
5498	38437	terminal-command	app/src/terminal/available_shells.rs	target-and-source-present	fish.exe	fish.exe	intentional-preserve-command-code-token	Command, placeholder, code, path, format, endpoint, or protocol token should remain stable.
5499	38444	terminal-command	app/src/terminal/available_shells.rs	target-and-source-present	zsh.exe	zsh.exe	intentional-preserve-command-code-token	Command, placeholder, code, path, format, endpoint, or protocol token should remain stable.
5500	38451	terminal-command	app/src/terminal/available_shells.rs	target-and-source-present	LocalAppData	LocalAppData	intentional-preserve-telemetry-feature-id	CamelCase action, telemetry, feature, or enum identifier should not be localized.
5501	38458	terminal-command	app/src/terminal/available_shells.rs	target-and-source-present	Programs	Programs	intentional-preserve-command-code-token	Command, placeholder, code, path, format, endpoint, or protocol token should remain stable.
5502	38465	terminal-command	app/src/terminal/available_shells.rs	target-and-source-present	Git	Git	intentional-preserve-command-code-token	Command, placeholder, code, path, format, endpoint, or protocol token should remain stable.
5503	38472	terminal-command	app/src/terminal/available_shells.rs	target-and-source-present	ProgramFiles	ProgramFiles	intentional-preserve-telemetry-feature-id	CamelCase action, telemetry, feature, or enum identifier should not be localized.
5504	38479	terminal-command	app/src/terminal/available_shells.rs	target-and-source-present	SystemDrive	SystemDrive	intentional-preserve-telemetry-feature-id	CamelCase action, telemetry, feature, or enum identifier should not be localized.
5505	38486	terminal-command	app/src/terminal/available_shells.rs	target-and-source-present	.exe	.exe	intentional-preserve-command-code-token	Command, placeholder, code, path, format, endpoint, or protocol token should remain stable.
5506	38493	terminal-command	app/src/terminal/cli_agent.rs	target-and-source-present	BdVbYjy9LRZcZrYBemSfAF	BdVbYjy9LRZcZrYBemSfAF	intentional-preserve-telemetry-feature-id	CamelCase action, telemetry, feature, or enum identifier should not be localized.
5507	38500	terminal-command	app/src/terminal/cli_agent.rs	target-and-source-present	Claude Code	Claude Code	intentional-preserve-command-code-token	Command, placeholder, code, path, format, endpoint, or protocol token should remain stable.
5508	38507	terminal-command	app/src/terminal/cli_agent.rs	target-and-source-present	Gemini	Gemini	intentional-preserve-command-code-token	Command, placeholder, code, path, format, endpoint, or protocol token should remain stable.
5509	38514	terminal-command	app/src/terminal/cli_agent.rs	target-and-source-present	Codex	Codex	intentional-preserve-command-code-token	Command, placeholder, code, path, format, endpoint, or protocol token should remain stable.
5510	38521	terminal-command	app/src/terminal/cli_agent.rs	target-and-source-present	Amp	Amp	intentional-preserve-command-code-token	Command, placeholder, code, path, format, endpoint, or protocol token should remain stable.
5511	38528	terminal-command	app/src/terminal/cli_agent.rs	target-and-source-present	Droid	Droid	intentional-preserve-command-code-token	Command, placeholder, code, path, format, endpoint, or protocol token should remain stable.
5512	38535	terminal-command	app/src/terminal/cli_agent.rs	target-and-source-present	OpenCode	OpenCode	intentional-preserve-telemetry-feature-id	CamelCase action, telemetry, feature, or enum identifier should not be localized.
5513	38542	terminal-command	app/src/terminal/cli_agent.rs	target-and-source-present	Copilot	Copilot	intentional-preserve-command-code-token	Command, placeholder, code, path, format, endpoint, or protocol token should remain stable.
5514	38549	terminal-command	app/src/terminal/cli_agent.rs	target-and-source-present	Pi	Pi	intentional-preserve-command-code-token	Command, placeholder, code, path, format, endpoint, or protocol token should remain stable.
5515	38556	terminal-command	app/src/terminal/cli_agent.rs	target-and-source-present	Auggie	Auggie	intentional-preserve-command-code-token	Command, placeholder, code, path, format, endpoint, or protocol token should remain stable.
5516	38563	terminal-command	app/src/terminal/cli_agent.rs	target-and-source-present	Cursor	Cursor	intentional-preserve-command-code-token	Command, placeholder, code, path, format, endpoint, or protocol token should remain stable.
5517	38570	terminal-command	app/src/terminal/cli_agent.rs	target-and-source-present	Goose	Goose	intentional-preserve-command-code-token	Command, placeholder, code, path, format, endpoint, or protocol token should remain stable.
5518	38577	terminal-command	app/src/terminal/cli_agent.rs	target-and-source-present	Hermes	Hermes	intentional-preserve-command-code-token	Command, placeholder, code, path, format, endpoint, or protocol token should remain stable.
5519	38584	terminal-command	app/src/terminal/cli_agent.rs	target-and-source-present	Mistral Vibe	Mistral Vibe	intentional-preserve-command-code-token	Command, placeholder, code, path, format, endpoint, or protocol token should remain stable.
5520	38591	terminal-command	app/src/terminal/cli_agent.rs	target-and-source-present	CLI Agent	CLI Agent	intentional-preserve-command-code-token	Command, placeholder, code, path, format, endpoint, or protocol token should remain stable.
5521	38598	terminal-command	app/src/terminal/cli_agent.rs	target-and-source-present	vibe-acp	vibe-acp	intentional-preserve-command-code-token	Command, placeholder, code, path, format, endpoint, or protocol token should remain stable.
5522	38605	terminal-command	app/src/terminal/cli_agent.rs	target-and-source-present	aifx agent run claude	aifx agent run claude	intentional-preserve-command-code-token	Command, placeholder, code, path, format, endpoint, or protocol token should remain stable.
5524	38619	terminal-command	app/src/terminal/cli_agent.rs	target-and-source-present	{path} L{n}	{path} L{n}	intentional-preserve-command-code-token	Command, placeholder, code, path, format, endpoint, or protocol token should remain stable.
5525	38626	terminal-command	app/src/terminal/cli_agent.rs	target-and-source-present	{path} (deleted, was L{n} — see `git diff`)	{path} (deleted, was L{n} — see `git diff`)	intentional-preserve-command-code-token	Command, placeholder, code, path, format, endpoint, or protocol token should remain stable.
5526	38633	terminal-command	app/src/terminal/cli_agent.rs	target-and-source-present	{path} (collapsed hunk, L{start}-L{end} — see `git diff`)	{path} (collapsed hunk, L{start}-L{end} — see `git diff`)	intentional-preserve-command-code-token	Command, placeholder, code, path, format, endpoint, or protocol token should remain stable.
5527	38640	terminal-command	app/src/terminal/cli_agent.rs	target-and-source-present	{path} (deleted file — see `git diff`)	{path} (deleted file — see `git diff`)	intentional-preserve-command-code-token	Command, placeholder, code, path, format, endpoint, or protocol token should remain stable.
5529	38654	terminal-command	app/src/terminal/cli_agent.rs	target-and-source-present	n- {location}: {body}	n- {location}: {body}	intentional-preserve-command-code-token	Command, placeholder, code, path, format, endpoint, or protocol token should remain stable.
5530	38661	terminal-command	app/src/terminal/cli_agent.rs	missing-in-current-source	{file_path} L{start_line}-L{end_line} (+{lines_added} -{lines_removed}) -- run `git diff` to see the full context.	{file_path} L{start_line}-L{end_line} (+{lines_added} -{lines_removed}) -- run `git diff` to see the full context.	needs-owner-review-source-state	Current-source string did not match audit source exactly; treat as escaped/newline or source drift queue before editing.
5531	38668	terminal-command	app/src/terminal/cli_agent.rs	target-and-source-present	{file_key} L{start}-L{end} (+{} -{})	{file_key} L{start}-L{end} (+{} -{})	intentional-preserve-command-code-token	Command, placeholder, code, path, format, endpoint, or protocol token should remain stable.
5532	38675	terminal-command	app/src/terminal/cli_agent.rs	target-and-source-present	{file_path} L{line}: {text}	{file_path} L{line}: {text}	intentional-preserve-command-code-token	Command, placeholder, code, path, format, endpoint, or protocol token should remain stable.
5533	38682	terminal-command	app/src/terminal/cli_agent.rs	target-and-source-present	{file_path} L{start_line}-L{end_line}	{file_path} L{start_line}-L{end_line}	intentional-preserve-command-code-token	Command, placeholder, code, path, format, endpoint, or protocol token should remain stable.
5534	38689	terminal-command	app/src/terminal/cli_agent_sessions/plugin_manager/claude.rs	target-and-source-present	warp@claude-code-warp	warp@claude-code-warp	intentional-preserve-command-code-token	Command, placeholder, code, path, format, endpoint, or protocol token should remain stable.
5535	38696	terminal-command	app/src/terminal/cli_agent_sessions/plugin_manager/claude.rs	target-and-source-present	claude-code-warp	claude-code-warp	intentional-preserve-command-code-token	Command, placeholder, code, path, format, endpoint, or protocol token should remain stable.
5536	38703	terminal-command	app/src/terminal/cli_agent_sessions/plugin_manager/claude.rs	target-and-source-present	oz-harness-support@claude-code-warp	oz-harness-support@claude-code-warp	intentional-preserve-command-code-token	Command, placeholder, code, path, format, endpoint, or protocol token should remain stable.
5542	38745	terminal-command	app/src/terminal/cli_agent_sessions/plugin_manager/claude.rs	target-and-source-present	claude plugin marketplace add warpdotdev/claude-code-warp	claude plugin marketplace add warpdotdev/claude-code-warp	intentional-preserve-command-code-token	Command, placeholder, code, path, format, endpoint, or protocol token should remain stable.
5544	38759	terminal-command	app/src/terminal/cli_agent_sessions/plugin_manager/claude.rs	target-and-source-present	claude plugin install warp@claude-code-warp	claude plugin install warp@claude-code-warp	intentional-preserve-command-code-token	Command, placeholder, code, path, format, endpoint, or protocol token should remain stable.
5550	38801	terminal-command	app/src/terminal/cli_agent_sessions/plugin_manager/claude.rs	target-and-source-present	claude plugin marketplace remove claude-code-warp	claude plugin marketplace remove claude-code-warp	intentional-preserve-command-code-token	Command, placeholder, code, path, format, endpoint, or protocol token should remain stable.
5554	38829	terminal-command	app/src/terminal/cli_agent_sessions/plugin_manager/claude.rs	target-and-source-present	installed_plugins.json	installed_plugins.json	intentional-preserve-command-code-token	Command, placeholder, code, path, format, endpoint, or protocol token should remain stable.
5555	38836	terminal-command	app/src/terminal/cli_agent_sessions/plugin_manager/claude.rs	target-and-source-present	.claude	.claude	intentional-preserve-command-code-token	Command, placeholder, code, path, format, endpoint, or protocol token should remain stable.
5557	38850	terminal-command	app/src/terminal/cli_agent_sessions/plugin_manager/gemini.rs	target-and-source-present	gemini-warp	gemini-warp	intentional-preserve-command-code-token	Command, placeholder, code, path, format, endpoint, or protocol token should remain stable.
5558	38857	terminal-command	app/src/terminal/cli_agent_sessions/plugin_manager/gemini.rs	target-and-source-present	--consent	--consent	intentional-preserve-command-code-token	Command, placeholder, code, path, format, endpoint, or protocol token should remain stable.
5566	38913	terminal-command	app/src/terminal/cli_agent_sessions/plugin_manager/gemini.rs	target-and-source-present	gemini extensions install https://github.com/warpdotdev/gemini-cli-warp --consent	gemini extensions install https://github.com/warpdotdev/gemini-cli-warp --consent	intentional-preserve-command-code-token	Command, placeholder, code, path, format, endpoint, or protocol token should remain stable.
5570	38941	terminal-command	app/src/terminal/cli_agent_sessions/plugin_manager/gemini.rs	target-and-source-present	gemini extensions update gemini-warp	gemini extensions update gemini-warp	intentional-preserve-command-code-token	Command, placeholder, code, path, format, endpoint, or protocol token should remain stable.
5572	38955	terminal-command	app/src/terminal/cli_agent_sessions/plugin_manager/gemini.rs	target-and-source-present	gemini-extension.json	gemini-extension.json	intentional-preserve-command-code-token	Command, placeholder, code, path, format, endpoint, or protocol token should remain stable.
5573	38962	terminal-command	app/src/terminal/cli_agent_sessions/plugin_manager/gemini.rs	target-and-source-present	.gemini	.gemini	intentional-preserve-command-code-token	Command, placeholder, code, path, format, endpoint, or protocol token should remain stable.
5578	38997	terminal-command	app/src/terminal/event.rs	target-and-source-present	CompletionsFinished	CompletionsFinished	intentional-preserve-telemetry-feature-id	CamelCase action, telemetry, feature, or enum identifier should not be localized.
5579	39004	terminal-command	app/src/terminal/event.rs	target-and-source-present	MouseCursorDirty	MouseCursorDirty	intentional-preserve-telemetry-feature-id	CamelCase action, telemetry, feature, or enum identifier should not be localized.
5580	39011	terminal-command	app/src/terminal/event.rs	target-and-source-present	BlockCompleted	BlockCompleted	intentional-preserve-telemetry-feature-id	CamelCase action, telemetry, feature, or enum identifier should not be localized.
5581	39018	terminal-command	app/src/terminal/event.rs	target-and-source-present	AfterBlockCompleted	AfterBlockCompleted	intentional-preserve-telemetry-feature-id	CamelCase action, telemetry, feature, or enum identifier should not be localized.
5582	39025	terminal-command	app/src/terminal/event.rs	target-and-source-present	BlockStarted({:?}, Done bootstrapping: {:?})	BlockStarted({:?}, Done bootstrapping: {:?})	intentional-preserve-command-code-token	Command, placeholder, code, path, format, endpoint, or protocol token should remain stable.
5583	39032	terminal-command	app/src/terminal/event.rs	target-and-source-present	BlockWorkingDirectoryUpdated({:?}, Done bootstrapping: {:?})	BlockWorkingDirectoryUpdated({:?}, Done bootstrapping: {:?})	intentional-preserve-command-code-token	Command, placeholder, code, path, format, endpoint, or protocol token should remain stable.
5584	39039	terminal-command	app/src/terminal/event.rs	target-and-source-present	BlockExecutionStarted	BlockExecutionStarted	intentional-preserve-telemetry-feature-id	CamelCase action, telemetry, feature, or enum identifier should not be localized.
5585	39046	terminal-command	app/src/terminal/event.rs	target-and-source-present	BackgroundBlockStarted	BackgroundBlockStarted	intentional-preserve-telemetry-feature-id	CamelCase action, telemetry, feature, or enum identifier should not be localized.
5586	39053	terminal-command	app/src/terminal/event.rs	target-and-source-present	VisibleBootstrapBlock	VisibleBootstrapBlock	intentional-preserve-telemetry-feature-id	CamelCase action, telemetry, feature, or enum identifier should not be localized.
5587	39060	terminal-command	app/src/terminal/event.rs	target-and-source-present	Title({title})	Title({title})	intentional-preserve-command-code-token	Command, placeholder, code, path, format, endpoint, or protocol token should remain stable.
5588	39067	terminal-command	app/src/terminal/event.rs	target-and-source-present	ClipboardStore({text})	ClipboardStore({text})	intentional-preserve-command-code-token	Command, placeholder, code, path, format, endpoint, or protocol token should remain stable.
5589	39074	terminal-command	app/src/terminal/event.rs	target-and-source-present	ClipboardLoad()	ClipboardLoad()	intentional-preserve-command-code-token	Command, placeholder, code, path, format, endpoint, or protocol token should remain stable.
5590	39081	terminal-command	app/src/terminal/event.rs	target-and-source-present	TerminalClear	TerminalClear	intentional-preserve-telemetry-feature-id	CamelCase action, telemetry, feature, or enum identifier should not be localized.
5591	39088	terminal-command	app/src/terminal/event.rs	target-and-source-present	Bell	Bell	intentional-preserve-command-code-token	Command, placeholder, code, path, format, endpoint, or protocol token should remain stable.
5592	39095	terminal-command	app/src/terminal/event.rs	target-and-source-present	Exit({reason:?})	Exit({reason:?})	intentional-preserve-command-code-token	Command, placeholder, code, path, format, endpoint, or protocol token should remain stable.
5593	39102	terminal-command	app/src/terminal/event.rs	target-and-source-present	CursorBlinking({blinking})	CursorBlinking({blinking})	intentional-preserve-command-code-token	Command, placeholder, code, path, format, endpoint, or protocol token should remain stable.
5595	39116	terminal-command	app/src/terminal/event.rs	target-and-source-present	SSH(remote shell: {remote_shell}	SSH(remote shell: {remote_shell}	intentional-preserve-command-code-token	Command, placeholder, code, path, format, endpoint, or protocol token should remain stable.
5598	39137	terminal-command	app/src/terminal/event.rs	target-and-source-present	TmuxControlModeReady(primary_pane: {primary_pane})	TmuxControlModeReady(primary_pane: {primary_pane})	intentional-preserve-command-code-token	Command, placeholder, code, path, format, endpoint, or protocol token should remain stable.
5599	39144	terminal-command	app/src/terminal/event.rs	target-and-source-present	RemoteWarpificationIsUnavailable	RemoteWarpificationIsUnavailable	intentional-preserve-telemetry-feature-id	CamelCase action, telemetry, feature, or enum identifier should not be localized.
5600	39151	terminal-command	app/src/terminal/event.rs	target-and-source-present	SshTmuxInstaller({installer:?})	SshTmuxInstaller({installer:?})	intentional-preserve-command-code-token	Command, placeholder, code, path, format, endpoint, or protocol token should remain stable.
5601	39158	terminal-command	app/src/terminal/event.rs	target-and-source-present	TmuxInstallFailed(line: {line}, command: {command})	TmuxInstallFailed(line: {line}, command: {command})	intentional-preserve-command-code-token	Command, placeholder, code, path, format, endpoint, or protocol token should remain stable.
5603	39172	terminal-command	app/src/terminal/event.rs	target-and-source-present	InitSubshell({event:?})	InitSubshell({event:?})	intentional-preserve-command-code-token	Command, placeholder, code, path, format, endpoint, or protocol token should remain stable.
5604	39179	terminal-command	app/src/terminal/event.rs	target-and-source-present	SourcedRcFileInSubshell({event:?})	SourcedRcFileInSubshell({event:?})	intentional-preserve-command-code-token	Command, placeholder, code, path, format, endpoint, or protocol token should remain stable.
5605	39186	terminal-command	app/src/terminal/event.rs	target-and-source-present	InitSsh({event:?})	InitSsh({event:?})	intentional-preserve-command-code-token	Command, placeholder, code, path, format, endpoint, or protocol token should remain stable.
5606	39193	terminal-command	app/src/terminal/event.rs	target-and-source-present	PromptUpdated	PromptUpdated	intentional-preserve-telemetry-feature-id	CamelCase action, telemetry, feature, or enum identifier should not be localized.
5607	39200	terminal-command	app/src/terminal/event.rs	target-and-source-present	HonorPS1OutOfSync	HonorPS1OutOfSync	intentional-preserve-telemetry-feature-id	CamelCase action, telemetry, feature, or enum identifier should not be localized.
5608	39207	terminal-command	app/src/terminal/event.rs	target-and-source-present	Typeahead	Typeahead	intentional-preserve-command-code-token	Command, placeholder, code, path, format, endpoint, or protocol token should remain stable.
5609	39214	terminal-command	app/src/terminal/event.rs	target-and-source-present	AgentTaggedInChanged(is_tagged_in: {is_tagged_in})	AgentTaggedInChanged(is_tagged_in: {is_tagged_in})	intentional-preserve-command-code-token	Command, placeholder, code, path, format, endpoint, or protocol token should remain stable.
5610	39221	terminal-command	app/src/terminal/event.rs	target-and-source-present	Handler({handler_event:?}))	Handler({handler_event:?}))	intentional-preserve-command-code-token	Command, placeholder, code, path, format, endpoint, or protocol token should remain stable.
5611	39228	terminal-command	app/src/terminal/event.rs	target-and-source-present	RemoteServerReady(session: {session_id:?})	RemoteServerReady(session: {session_id:?})	intentional-preserve-command-code-token	Command, placeholder, code, path, format, endpoint, or protocol token should remain stable.
5612	39235	terminal-command	app/src/terminal/event.rs	target-and-source-present	RemoteServerFailed(session: {session_id:?}, error: {error})	RemoteServerFailed(session: {session_id:?}, error: {error})	intentional-preserve-command-code-token	Command, placeholder, code, path, format, endpoint, or protocol token should remain stable.
5613	39242	terminal-command	app/src/terminal/event.rs	target-and-source-present	FinishUpdate({})	FinishUpdate({})	intentional-preserve-command-code-token	Command, placeholder, code, path, format, endpoint, or protocol token should remain stable.
5614	39249	terminal-command	app/src/terminal/event.rs	target-and-source-present	TextSelectionChanged	TextSelectionChanged	intentional-preserve-telemetry-feature-id	CamelCase action, telemetry, feature, or enum identifier should not be localized.
5615	39256	terminal-command	app/src/terminal/event.rs	target-and-source-present	ShellSpawned({shell_type:?})	ShellSpawned({shell_type:?})	intentional-preserve-command-code-token	Command, placeholder, code, path, format, endpoint, or protocol token should remain stable.
5616	39263	terminal-command	app/src/terminal/event.rs	target-and-source-present	SendCompletionsPrompt	SendCompletionsPrompt	intentional-preserve-telemetry-feature-id	CamelCase action, telemetry, feature, or enum identifier should not be localized.
5617	39270	terminal-command	app/src/terminal/event.rs	target-and-source-present	ImageReceived(image_id: {image_id})	ImageReceived(image_id: {image_id})	intentional-preserve-command-code-token	Command, placeholder, code, path, format, endpoint, or protocol token should remain stable.
5618	39277	terminal-command	app/src/terminal/event.rs	target-and-source-present	BootstrapPrecmdDone	BootstrapPrecmdDone	intentional-preserve-telemetry-feature-id	CamelCase action, telemetry, feature, or enum identifier should not be localized.
5619	39284	terminal-command	app/src/terminal/event.rs	target-and-source-present	PluggableNotification(title: {title:?}, body: {body})	PluggableNotification(title: {title:?}, body: {body})	intentional-preserve-command-code-token	Command, placeholder, code, path, format, endpoint, or protocol token should remain stable.
5620	39291	terminal-command	app/src/terminal/event.rs	target-and-source-present	ExitShell(session: {session_id:?})	ExitShell(session: {session_id:?})	intentional-preserve-command-code-token	Command, placeholder, code, path, format, endpoint, or protocol token should remain stable.
5621	39298	terminal-command	app/src/terminal/input.rs	target-and-source-present	prefixed history up	prefixed history up	intentional-preserve-command-code-token	Command, placeholder, code, path, format, endpoint, or protocol token should remain stable.
5622	39305	terminal-command	app/src/terminal/input.rs	target-and-source-present	regular history up (no query)	regular history up (no query)	intentional-preserve-command-code-token	Command, placeholder, code, path, format, endpoint, or protocol token should remain stable.
5623	39312	terminal-command	app/src/terminal/input.rs	target-and-source-present	regular history up (with query)	regular history up (with query)	intentional-preserve-command-code-token	Command, placeholder, code, path, format, endpoint, or protocol token should remain stable.
5624	39319	terminal-command	app/src/terminal/input.rs	target-and-source-present	history up	history up	intentional-preserve-command-code-token	Command, placeholder, code, path, format, endpoint, or protocol token should remain stable.
5625	39326	terminal-command	app/src/terminal/input.rs	target-and-source-present	prompt_area_{}	prompt_area_{}	intentional-preserve-command-code-token	Command, placeholder, code, path, format, endpoint, or protocol token should remain stable.
5626	39333	terminal-command	app/src/terminal/input.rs	target-and-source-present	terminal_content_element_{terminal_view_id}	terminal_content_element_{terminal_view_id}	intentional-preserve-command-code-token	Command, placeholder, code, path, format, endpoint, or protocol token should remain stable.
5627	39340	terminal-command	app/src/terminal/input.rs	target-and-source-present	status_free_input_{}	status_free_input_{}	intentional-preserve-command-code-token	Command, placeholder, code, path, format, endpoint, or protocol token should remain stable.
5628	39347	terminal-command	app/src/terminal/input.rs	target-and-source-present	cd '{path_str}'	cd '{path_str}'	intentional-preserve-command-code-token	Command, placeholder, code, path, format, endpoint, or protocol token should remain stable.
5629	39354	terminal-command	app/src/terminal/input.rs	target-and-source-present	%Y%m%d_%H%M%S	%Y%m%d_%H%M%S	intentional-preserve-command-code-token	Command, placeholder, code, path, format, endpoint, or protocol token should remain stable.
5630	39361	terminal-command	app/src/terminal/input.rs	target-and-source-present	{timestamp}-{title}.md	{timestamp}-{title}.md	intentional-preserve-command-code-token	Command, placeholder, code, path, format, endpoint, or protocol token should remain stable.
5631	39368	terminal-command	app/src/terminal/input.rs	target-and-source-present	.md	.md	intentional-preserve-command-code-token	Command, placeholder, code, path, format, endpoint, or protocol token should remain stable.
5632	39375	terminal-command	app/src/terminal/input.rs	target-and-source-present	{filename}.md	{filename}.md	intentional-preserve-command-code-token	Command, placeholder, code, path, format, endpoint, or protocol token should remain stable.
5633	39382	terminal-command	app/src/terminal/input.rs	target-and-source-present	No CWD from active_block_metadata, falling back to std::env::current_dir()	No CWD from active_block_metadata, falling back to std::env::current_dir()	intentional-preserve-command-code-token	Command, placeholder, code, path, format, endpoint, or protocol token should remain stable.
5634	39389	terminal-command	app/src/terminal/input.rs	target-and-source-present	Tried to open file in code editor without a session id	Tried to open file in code editor without a session id	intentional-preserve-command-code-token	Command, placeholder, code, path, format, endpoint, or protocol token should remain stable.
5635	39396	terminal-command	app/src/terminal/input.rs	target-and-source-present	Tried to open file in code editor without a session	Tried to open file in code editor without a session	intentional-preserve-command-code-token	Command, placeholder, code, path, format, endpoint, or protocol token should remain stable.
5636	39403	terminal-command	app/src/terminal/input.rs	target-and-source-present	Tried to open file in code editor for a remote session	Tried to open file in code editor for a remote session	intentional-preserve-command-code-token	Command, placeholder, code, path, format, endpoint, or protocol token should remain stable.
5637	39410	terminal-command	app/src/terminal/input.rs	target-and-source-present	Failed to get current working directory	Failed to get current working directory	intentional-preserve-command-code-token	Command, placeholder, code, path, format, endpoint, or protocol token should remain stable.
5638	39417	terminal-command	app/src/terminal/input.rs	target-and-source-present	{buffer_text} ◌	{buffer_text} ◌	intentional-preserve-command-code-token	Command, placeholder, code, path, format, endpoint, or protocol token should remain stable.
5639	39424	terminal-command	app/src/terminal/input.rs	missing-in-current-source	# Environment variablesn{}nn	# Environment variablesn{}nn	needs-owner-review-source-state	Current-source string did not match audit source exactly; treat as escaped/newline or source drift queue before editing.
5640	39431	terminal-command	app/src/terminal/input.rs	target-and-source-present	<{object_type}:{object_uid}>	<{object_type}:{object_uid}>	intentional-preserve-command-code-token	Command, placeholder, code, path, format, endpoint, or protocol token should remain stable.
5641	39438	terminal-command	app/src/terminal/input.rs	target-and-source-present	<plan:{ai_document_uid}>	<plan:{ai_document_uid}>	intentional-preserve-command-code-token	Command, placeholder, code, path, format, endpoint, or protocol token should remain stable.
5642	39445	terminal-command	app/src/terminal/input.rs	target-and-source-present	<convo:{conversation_id}>	<convo:{conversation_id}>	intentional-preserve-command-code-token	Command, placeholder, code, path, format, endpoint, or protocol token should remain stable.
5643	39452	terminal-command	app/src/terminal/input.rs	target-and-source-present	pasted-image-{timestamp}.{ext}	pasted-image-{timestamp}.{ext}	intentional-preserve-command-code-token	Command, placeholder, code, path, format, endpoint, or protocol token should remain stable.
5644	39459	terminal-command	app/src/terminal/input.rs	target-and-source-present	ForceNativeShellCompletions	ForceNativeShellCompletions	intentional-preserve-telemetry-feature-id	CamelCase action, telemetry, feature, or enum identifier should not be localized.
5645	39466	terminal-command	app/src/terminal/input.rs	target-and-source-present	Tried to get the current argument when no workflow is loaded into the input	Tried to get the current argument when no workflow is loaded into the input	intentional-preserve-command-code-token	Command, placeholder, code, path, format, endpoint, or protocol token should remain stable.
5646	39473	terminal-command	app/src/terminal/input.rs	target-and-source-present	{TERMINAL_INPUT_PREFIX}{text}	{TERMINAL_INPUT_PREFIX}{text}	intentional-preserve-command-code-token	Command, placeholder, code, path, format, endpoint, or protocol token should remain stable.
5647	39480	terminal-command	app/src/terminal/input.rs	target-and-source-present	local-to-cloud-handoff-not-ready	local-to-cloud-handoff-not-ready	intentional-preserve-command-code-token	Command, placeholder, code, path, format, endpoint, or protocol token should remain stable.
5648	39487	terminal-command	app/src/terminal/input.rs	target-and-source-present	Tried to execute workflow for id {:?} but it does not exist	Tried to execute workflow for id {:?} but it does not exist	intentional-preserve-command-code-token	Command, placeholder, code, path, format, endpoint, or protocol token should remain stable.
5649	39494	terminal-command	app/src/terminal/input.rs	target-and-source-present	Failed to fetch predicted queries, could not find block with ID: {:?}	Failed to fetch predicted queries, could not find block with ID: {:?}	intentional-preserve-command-code-token	Command, placeholder, code, path, format, endpoint, or protocol token should remain stable.
5652	39515	terminal-command	app/src/terminal/input.rs	target-and-source-present	Content-Type	Content-Type	intentional-preserve-command-code-token	Command, placeholder, code, path, format, endpoint, or protocol token should remain stable.
5655	39536	terminal-command	app/src/terminal/input.rs	target-and-source-present	{AI_COMMAND_SEARCH_TRIGGER} {}	{AI_COMMAND_SEARCH_TRIGGER} {}	intentional-preserve-command-code-token	Command, placeholder, code, path, format, endpoint, or protocol token should remain stable.
5656	39543	terminal-command	app/src/terminal/input.rs	target-and-source-present	input_{}	input_{}	intentional-preserve-command-code-token	Command, placeholder, code, path, format, endpoint, or protocol token should remain stable.
5657	39550	terminal-command	app/src/terminal/input.rs	target-and-source-present	input_editor_{}	input_editor_{}	intentional-preserve-command-code-token	Command, placeholder, code, path, format, endpoint, or protocol token should remain stable.
5659	39564	terminal-command	app/src/terminal/input.rs	target-and-source-present	VoltronActive	VoltronActive	intentional-preserve-telemetry-feature-id	CamelCase action, telemetry, feature, or enum identifier should not be localized.
5660	39571	terminal-command	app/src/terminal/input.rs	target-and-source-present	AIInput	AIInput	intentional-preserve-telemetry-feature-id	CamelCase action, telemetry, feature, or enum identifier should not be localized.
5661	39578	terminal-command	app/src/terminal/input.rs	target-and-source-present	UniversalDeveloperInput	UniversalDeveloperInput	intentional-preserve-telemetry-feature-id	CamelCase action, telemetry, feature, or enum identifier should not be localized.
5662	39585	terminal-command	app/src/terminal/input.rs	target-and-source-present	WorkflowInfoBox	WorkflowInfoBox	intentional-preserve-telemetry-feature-id	CamelCase action, telemetry, feature, or enum identifier should not be localized.
5663	39592	terminal-command	app/src/terminal/input.rs	target-and-source-present	PromptChipMenuOpen	PromptChipMenuOpen	intentional-preserve-telemetry-feature-id	CamelCase action, telemetry, feature, or enum identifier should not be localized.
5664	39599	terminal-command	app/src/terminal/input.rs	target-and-source-present	ActiveAIConversationHasHistory	ActiveAIConversationHasHistory	intentional-preserve-telemetry-feature-id	CamelCase action, telemetry, feature, or enum identifier should not be localized.
5665	39606	terminal-command	app/src/terminal/input.rs	target-and-source-present	VimModeEnabled	VimModeEnabled	intentional-preserve-telemetry-feature-id	CamelCase action, telemetry, feature, or enum identifier should not be localized.
5666	39613	terminal-command	app/src/terminal/input.rs	target-and-source-present	VimNormalMode	VimNormalMode	intentional-preserve-telemetry-feature-id	CamelCase action, telemetry, feature, or enum identifier should not be localized.
5667	39620	terminal-command	app/src/terminal/input.rs	target-and-source-present	AIContextMenuOpen	AIContextMenuOpen	intentional-preserve-telemetry-feature-id	CamelCase action, telemetry, feature, or enum identifier should not be localized.
5668	39627	terminal-command	app/src/terminal/input.rs	target-and-source-present	BuyCreditsBannerOpen	BuyCreditsBannerOpen	intentional-preserve-telemetry-feature-id	CamelCase action, telemetry, feature, or enum identifier should not be localized.
5669	39634	terminal-command	app/src/terminal/input.rs	target-and-source-present	LongRunningCommand	LongRunningCommand	intentional-preserve-telemetry-feature-id	CamelCase action, telemetry, feature, or enum identifier should not be localized.
5670	39641	terminal-command	app/src/terminal/input.rs	target-and-source-present	TerminalView_EmptyBlockList	TerminalView_EmptyBlockList	intentional-preserve-command-code-token	Command, placeholder, code, path, format, endpoint, or protocol token should remain stable.
5671	39648	terminal-command	app/src/terminal/input.rs	target-and-source-present	TerminalView_NonEmptyBlockList	TerminalView_NonEmptyBlockList	intentional-preserve-command-code-token	Command, placeholder, code, path, format, endpoint, or protocol token should remain stable.
5672	39655	terminal-command	app/src/terminal/local_tty/shell.rs	target-and-source-present	Git Bash	Git Bash	intentional-preserve-command-code-token	Command, placeholder, code, path, format, endpoint, or protocol token should remain stable.
5673	39662	terminal-command	app/src/terminal/local_tty/shell.rs	target-and-source-present	Windows PowerShell	Windows PowerShell	intentional-preserve-command-code-token	Command, placeholder, code, path, format, endpoint, or protocol token should remain stable.
5674	39669	terminal-command	app/src/terminal/local_tty/shell.rs	target-and-source-present	PowerShell Core	PowerShell Core	intentional-preserve-command-code-token	Command, placeholder, code, path, format, endpoint, or protocol token should remain stable.
5675	39676	terminal-command	app/src/terminal/local_tty/shell.rs	target-and-source-present	--distribution	--distribution	intentional-preserve-command-code-token	Command, placeholder, code, path, format, endpoint, or protocol token should remain stable.
5676	39683	terminal-command	app/src/terminal/local_tty/shell.rs	target-and-source-present	--shell-type	--shell-type	intentional-preserve-command-code-token	Command, placeholder, code, path, format, endpoint, or protocol token should remain stable.
5677	39690	terminal-command	app/src/terminal/local_tty/shell.rs	target-and-source-present	-c	-c	intentional-preserve-command-code-token	Command, placeholder, code, path, format, endpoint, or protocol token should remain stable.
5678	39697	terminal-command	app/src/terminal/local_tty/shell.rs	target-and-source-present	exec -a -zsh '{resolved_shell_path}' -g --no-rcs	exec -a -zsh '{resolved_shell_path}' -g --no-rcs	intentional-preserve-command-code-token	Command, placeholder, code, path, format, endpoint, or protocol token should remain stable.
5679	39704	terminal-command	app/src/terminal/local_tty/shell.rs	target-and-source-present	exec -a bash '{}' --rcfile <(echo '{}')	exec -a bash '{}' --rcfile <(echo '{}')	intentional-preserve-command-code-token	Command, placeholder, code, path, format, endpoint, or protocol token should remain stable.
5680	39711	terminal-command	app/src/terminal/local_tty/shell.rs	target-and-source-present	--no-config	--no-config	intentional-preserve-command-code-token	Command, placeholder, code, path, format, endpoint, or protocol token should remain stable.
5681	39718	terminal-command	app/src/terminal/local_tty/shell.rs	target-and-source-present	exec '{}' -f no-mark-prompt --login --init-command '{}'	exec '{}' -f no-mark-prompt --login --init-command '{}'	intentional-preserve-command-code-token	Command, placeholder, code, path, format, endpoint, or protocol token should remain stable.
5682	39725	terminal-command	app/src/terminal/local_tty/shell.rs	target-and-source-present	-NoLogo	-NoLogo	intentional-preserve-command-code-token	Command, placeholder, code, path, format, endpoint, or protocol token should remain stable.
5683	39732	terminal-command	app/src/terminal/local_tty/shell.rs	target-and-source-present	-NoProfile	-NoProfile	intentional-preserve-command-code-token	Command, placeholder, code, path, format, endpoint, or protocol token should remain stable.
5684	39739	terminal-command	app/src/terminal/local_tty/shell.rs	target-and-source-present	-NoExit	-NoExit	intentional-preserve-command-code-token	Command, placeholder, code, path, format, endpoint, or protocol token should remain stable.
5685	39746	terminal-command	app/src/terminal/local_tty/shell.rs	target-and-source-present	-Command	-Command	intentional-preserve-command-code-token	Command, placeholder, code, path, format, endpoint, or protocol token should remain stable.
5686	39753	terminal-command	app/src/terminal/local_tty/shell.rs	target-and-source-present	--exec	--exec	intentional-preserve-command-code-token	Command, placeholder, code, path, format, endpoint, or protocol token should remain stable.
5688	39767	terminal-command	app/src/terminal/local_tty/shell.rs	target-and-source-present	-g	-g	intentional-preserve-command-code-token	Command, placeholder, code, path, format, endpoint, or protocol token should remain stable.
5689	39774	terminal-command	app/src/terminal/local_tty/shell.rs	target-and-source-present	--no-rcs	--no-rcs	intentional-preserve-command-code-token	Command, placeholder, code, path, format, endpoint, or protocol token should remain stable.
5690	39781	terminal-command	app/src/terminal/local_tty/shell.rs	target-and-source-present	--noprofile	--noprofile	intentional-preserve-command-code-token	Command, placeholder, code, path, format, endpoint, or protocol token should remain stable.
5691	39788	terminal-command	app/src/terminal/local_tty/shell.rs	target-and-source-present	--norc	--norc	intentional-preserve-command-code-token	Command, placeholder, code, path, format, endpoint, or protocol token should remain stable.
5692	39795	terminal-command	app/src/terminal/local_tty/shell.rs	target-and-source-present	--login	--login	intentional-preserve-command-code-token	Command, placeholder, code, path, format, endpoint, or protocol token should remain stable.
5697	39830	terminal-command	app/src/terminal/model/session.rs	target-and-source-present	Failed to send ExecutedExecutorCommandEvent to InBandCommandExecutor: {e:?}	Failed to send ExecutedExecutorCommandEvent to InBandCommandExecutor: {e:?}	intentional-preserve-command-code-token	Command, placeholder, code, path, format, endpoint, or protocol token should remain stable.
5698	39837	terminal-command	app/src/terminal/model/session.rs	target-and-source-present	Windows	Windows	intentional-preserve-command-code-token	Command, placeholder, code, path, format, endpoint, or protocol token should remain stable.
5704	39879	terminal-command	app/src/terminal/model/session.rs	target-and-source-present	-NoProfile	-NoProfile	intentional-preserve-command-code-token	Command, placeholder, code, path, format, endpoint, or protocol token should remain stable.
5705	39886	terminal-command	app/src/terminal/model/session.rs	target-and-source-present	-NoLogo	-NoLogo	intentional-preserve-command-code-token	Command, placeholder, code, path, format, endpoint, or protocol token should remain stable.
5706	39893	terminal-command	app/src/terminal/model/session.rs	target-and-source-present	-Command	-Command	intentional-preserve-command-code-token	Command, placeholder, code, path, format, endpoint, or protocol token should remain stable.
5707	39900	terminal-command	app/src/terminal/model/session.rs	target-and-source-present	[System.IO.File]::ReadAllText('{history_file_path}')	[System.IO.File]::ReadAllText('{history_file_path}')	intentional-preserve-command-code-token	Command, placeholder, code, path, format, endpoint, or protocol token should remain stable.
5710	39921	terminal-command	app/src/terminal/model/session.rs	target-and-source-present	cat {history_file}	cat {history_file}	intentional-preserve-command-code-token	Command, placeholder, code, path, format, endpoint, or protocol token should remain stable.
5711	39928	terminal-command	app/src/terminal/model/session.rs	target-and-source-present	git --no-optional-locks branch --no-color	git --no-optional-locks branch --no-color	intentional-preserve-command-code-token	Command, placeholder, code, path, format, endpoint, or protocol token should remain stable.
5712	39935	terminal-command	app/src/terminal/model/session.rs	target-and-source-present	the output for git_branches_for_command_corrections was unparseable	the output for git_branches_for_command_corrections was unparseable	intentional-preserve-command-code-token	Command, placeholder, code, path, format, endpoint, or protocol token should remain stable.
5716	39963	terminal-command	app/src/terminal/model/terminal_model.rs	target-and-source-present	Expected to merge block selections but 'position_of_next/prior_index_in_ranges' were both None.	Expected to merge block selections but 'position_of_next/prior_index_in_ranges' were both None.	intentional-preserve-command-code-token	Command, placeholder, code, path, format, endpoint, or protocol token should remain stable.
5717	39970	terminal-command	app/src/terminal/model/terminal_model.rs	target-and-source-present	No response initiator tracked for agent response event.	No response initiator tracked for agent response event.	intentional-preserve-command-code-token	Command, placeholder, code, path, format, endpoint, or protocol token should remain stable.
5721	39998	terminal-command	app/src/terminal/model/terminal_model.rs	target-and-source-present	Received ExitShell hook from shell for session_id: {:?}	Received ExitShell hook from shell for session_id: {:?}	intentional-preserve-command-code-token	Command, placeholder, code, path, format, endpoint, or protocol token should remain stable.
5722	40005	terminal-command	app/src/terminal/model/terminal_model.rs	target-and-source-present	Received invalid shell name in init_subshell: {} | is_tmux_ssh: {}	Received invalid shell name in init_subshell: {} | is_tmux_ssh: {}	intentional-preserve-command-code-token	Command, placeholder, code, path, format, endpoint, or protocol token should remain stable.
5723	40012	terminal-command	app/src/terminal/model/terminal_model.rs	target-and-source-present	Received invalid shell name in SourcedRCFileForWarpValue: {}	Received invalid shell name in SourcedRCFileForWarpValue: {}	intentional-preserve-command-code-token	Command, placeholder, code, path, format, endpoint, or protocol token should remain stable.
5724	40019	terminal-command	app/src/terminal/model/terminal_model.rs	target-and-source-present	Parsed generator output for command {}	Parsed generator output for command {}	intentional-preserve-command-code-token	Command, placeholder, code, path, format, endpoint, or protocol token should remain stable.
5725	40026	terminal-command	app/src/terminal/model/terminal_model.rs	missing-in-current-source	$$$rn	$$$rn	needs-owner-review-source-state	Current-source string did not match audit source exactly; treat as escaped/newline or source drift queue before editing.
5726	40033	terminal-command	app/src/terminal/model/terminal_model.rs	target-and-source-present	Could not parse tmux generator output: {:?}	Could not parse tmux generator output: {:?}	intentional-preserve-command-code-token	Command, placeholder, code, path, format, endpoint, or protocol token should remain stable.
5727	40040	terminal-command	app/src/terminal/model/terminal_model.rs	target-and-source-present	Received typed completion result but expected to be in raw completions mode	Received typed completion result but expected to be in raw completions mode	intentional-preserve-command-code-token	Command, placeholder, code, path, format, endpoint, or protocol token should remain stable.
5732	40075	terminal-command	app/src/terminal/shared_session/sharer/network.rs	target-and-source-present	reason=scrollback_too_large	reason=scrollback_too_large	intentional-preserve-command-code-token	Command, placeholder, code, path, format, endpoint, or protocol token should remain stable.
5733	40082	terminal-command	app/src/terminal/shared_session/sharer/network.rs	target-and-source-present	Shared session sharer lifecycle: event={event} session_id={:?} source_type={source_type} source_task_id={source_task_id:?} {details}	Shared session sharer lifecycle: event={event} session_id={:?} source_type={source_type} source_task_id={source_task_id:?} {details}	intentional-preserve-command-code-token	Command, placeholder, code, path, format, endpoint, or protocol token should remain stable.
5734	40089	terminal-command	app/src/terminal/shared_session/sharer/network.rs	target-and-source-present	reason={reason:?}	reason={reason:?}	intentional-preserve-command-code-token	Command, placeholder, code, path, format, endpoint, or protocol token should remain stable.
5735	40096	terminal-command	app/src/terminal/shared_session/sharer/network.rs	target-and-source-present	trigger=heartbeat_idle_timeout	trigger=heartbeat_idle_timeout	intentional-preserve-command-code-token	Command, placeholder, code, path, format, endpoint, or protocol token should remain stable.
5736	40103	terminal-command	app/src/terminal/shared_session/sharer/network.rs	target-and-source-present	Failed to send message over selection_throttled_tx channel in sharer network: {e}	Failed to send message over selection_throttled_tx channel in sharer network: {e}	intentional-preserve-command-code-token	Command, placeholder, code, path, format, endpoint, or protocol token should remain stable.
5737	40110	terminal-command	app/src/terminal/shared_session/sharer/network.rs	target-and-source-present	outcome=transport_error	outcome=transport_error	intentional-preserve-command-code-token	Command, placeholder, code, path, format, endpoint, or protocol token should remain stable.
5739	40124	terminal-command	app/src/terminal/shared_session/sharer/network.rs	target-and-source-present	outcome=attempting_transport_recovery	outcome=attempting_transport_recovery	intentional-preserve-command-code-token	Command, placeholder, code, path, format, endpoint, or protocol token should remain stable.
5740	40131	terminal-command	app/src/terminal/shared_session/sharer/network.rs	target-and-source-present	Shared session sharer lifecycle: event=reconnect_attempt session_id={session_id:?} source_type={source_type} source_task_id={source_task_id:?}	Shared session sharer lifecycle: event=reconnect_attempt session_id={session_id:?} source_type={source_type} source_task_id={source_task_id:?}	intentional-preserve-command-code-token	Command, placeholder, code, path, format, endpoint, or protocol token should remain stable.
5741	40138	terminal-command	app/src/terminal/shared_session/sharer/network.rs	target-and-source-present	outcome=waiting_for_server_confirmation	outcome=waiting_for_server_confirmation	intentional-preserve-command-code-token	Command, placeholder, code, path, format, endpoint, or protocol token should remain stable.
5742	40145	terminal-command	app/src/terminal/shared_session/sharer/network.rs	target-and-source-present	outcome=retry_pending	outcome=retry_pending	intentional-preserve-command-code-token	Command, placeholder, code, path, format, endpoint, or protocol token should remain stable.
5743	40152	terminal-command	app/src/terminal/shared_session/sharer/network.rs	target-and-source-present	outcome=transport_retries_exhausted	outcome=transport_retries_exhausted	intentional-preserve-command-code-token	Command, placeholder, code, path, format, endpoint, or protocol token should remain stable.
5745	40166	terminal-command	app/src/terminal/shared_session/sharer/network.rs	target-and-source-present	direction=downstream	direction=downstream	intentional-preserve-command-code-token	Command, placeholder, code, path, format, endpoint, or protocol token should remain stable.
5746	40173	terminal-command	app/src/terminal/shared_session/sharer/network.rs	target-and-source-present	stage={stage}	stage={stage}	intentional-preserve-command-code-token	Command, placeholder, code, path, format, endpoint, or protocol token should remain stable.
5747	40180	terminal-command	app/src/terminal/shared_session/sharer/network.rs	target-and-source-present	trigger=websocket_closed	trigger=websocket_closed	intentional-preserve-command-code-token	Command, placeholder, code, path, format, endpoint, or protocol token should remain stable.
5749	40194	terminal-command	app/src/terminal/shared_session/sharer/network.rs	target-and-source-present	outcome=active_sharer	outcome=active_sharer	intentional-preserve-command-code-token	Command, placeholder, code, path, format, endpoint, or protocol token should remain stable.
5750	40201	terminal-command	app/src/terminal/shared_session/sharer/network.rs	target-and-source-present	outcome=session_resumed	outcome=session_resumed	intentional-preserve-command-code-token	Command, placeholder, code, path, format, endpoint, or protocol token should remain stable.
5751	40208	terminal-command	app/src/terminal/shared_session/sharer/network.rs	target-and-source-present	outcome=server_rejected_resume	outcome=server_rejected_resume	intentional-preserve-command-code-token	Command, placeholder, code, path, format, endpoint, or protocol token should remain stable.
5752	40215	terminal-command	app/src/terminal/shared_session/sharer/network.rs	target-and-source-present	reason={reason_label}	reason={reason_label}	intentional-preserve-command-code-token	Command, placeholder, code, path, format, endpoint, or protocol token should remain stable.
5753	40222	terminal-command	app/src/terminal/shared_session/sharer/network.rs	target-and-source-present	reason=exceeded_size_limit	reason=exceeded_size_limit	intentional-preserve-command-code-token	Command, placeholder, code, path, format, endpoint, or protocol token should remain stable.
5754	40229	terminal-command	app/src/terminal/view/init.rs	target-and-source-present	CanResumeConversation	CanResumeConversation	intentional-preserve-telemetry-feature-id	CamelCase action, telemetry, feature, or enum identifier should not be localized.
5755	40236	terminal-command	app/src/terminal/view/init.rs	target-and-source-present	InputVisible	InputVisible	intentional-preserve-telemetry-feature-id	CamelCase action, telemetry, feature, or enum identifier should not be localized.
5756	40243	terminal-command	app/src/terminal/view/init.rs	target-and-source-present	KeyboardProtocolEnabled	KeyboardProtocolEnabled	intentional-preserve-telemetry-feature-id	CamelCase action, telemetry, feature, or enum identifier should not be localized.
5757	40250	terminal-command	app/src/terminal/view/init.rs	target-and-source-present	CLIAgentSessionActive	CLIAgentSessionActive	intentional-preserve-telemetry-feature-id	CamelCase action, telemetry, feature, or enum identifier should not be localized.
5758	40257	terminal-command	app/src/terminal/view/init.rs	target-and-source-present	RootCloudModePane	RootCloudModePane	intentional-preserve-telemetry-feature-id	CamelCase action, telemetry, feature, or enum identifier should not be localized.
5759	40264	terminal-command	app/src/terminal/view/init.rs	target-and-source-present	CanShowConversationDetails	CanShowConversationDetails	intentional-preserve-telemetry-feature-id	CamelCase action, telemetry, feature, or enum identifier should not be localized.
5760	40271	terminal-command	app/src/terminal/view/init.rs	target-and-source-present	x1b[2~	x1b[2~	intentional-preserve-command-code-token	Command, placeholder, code, path, format, endpoint, or protocol token should remain stable.
5761	40278	terminal-command	app/src/terminal/view/init.rs	target-and-source-present	x1b[3~	x1b[3~	intentional-preserve-command-code-token	Command, placeholder, code, path, format, endpoint, or protocol token should remain stable.
5762	40285	terminal-command	app/src/terminal/view/init.rs	target-and-source-present	TerminalView_BlockSelectionCardinality	TerminalView_BlockSelectionCardinality	intentional-preserve-command-code-token	Command, placeholder, code, path, format, endpoint, or protocol token should remain stable.
5792	40495	ai-agent	app/src/ai/agent_sdk/api_key.rs	target-and-source-present	%Y-%m-%d %H:%M:%S UTC	%Y-%m-%d %H:%M:%S UTC	intentional-preserve-command-code-token	Command, placeholder, code, path, format, endpoint, or protocol token should remain stable.
5793	40502	ai-agent	app/src/ai/agent_sdk/api_key.rs	target-and-source-present	{name} ({uid}, created {created_at})	{name} ({uid}, created {created_at})	intentional-preserve-command-code-token	Command, placeholder, code, path, format, endpoint, or protocol token should remain stable.
5800	40551	ai-agent	app/src/ai/agent_sdk/api_key.rs	target-and-source-present	wk-**{}	wk-**{}	intentional-preserve-command-code-token	Command, placeholder, code, path, format, endpoint, or protocol token should remain stable.
5811	40628	ai-agent	app/src/ai/agent_sdk/artifact.rs	missing-in-current-source	Artifact UIDtArtifact typetCreated attDownload URLtExpires attContent typetFilepathtFilenametDescriptiontSize bytes	Artifact UIDtArtifact typetCreated attDownload URLtExpires attContent typetFilepathtFilenametDescriptiontSize bytes	needs-owner-review-source-state	Current-source string did not match audit source exactly; treat as escaped/newline or source drift queue before editing.
5812	40635	ai-agent	app/src/ai/agent_sdk/artifact.rs	missing-in-current-source	{}t{}t{}t{}t{}t{}t{}t{}t{}t{}	{}t{}t{}t{}t{}t{}t{}t{}t{}t{}	needs-owner-review-source-state	Current-source string did not match audit source exactly; treat as escaped/newline or source drift queue before editing.
5814	40649	ai-agent	app/src/ai/agent_sdk/artifact.rs	missing-in-current-source	Artifact UIDtArtifact typetPath	Artifact UIDtArtifact typetPath	needs-owner-review-source-state	Current-source string did not match audit source exactly; treat as escaped/newline or source drift queue before editing.
5815	40656	ai-agent	app/src/ai/agent_sdk/artifact.rs	missing-in-current-source	{}t{}t{}	{}t{}t{}	needs-owner-review-source-state	Current-source string did not match audit source exactly; treat as escaped/newline or source drift queue before editing.
5819	40684	ai-agent	app/src/ai/agent_sdk/artifact.rs	missing-in-current-source	Artifact UIDtFilepathtDescriptiontMIME typetSize bytes	Artifact UIDtFilepathtDescriptiontMIME typetSize bytes	needs-owner-review-source-state	Current-source string did not match audit source exactly; treat as escaped/newline or source drift queue before editing.
5820	40691	ai-agent	app/src/ai/agent_sdk/artifact.rs	missing-in-current-source	{}t{}t{}t{}t{}	{}t{}t{}t{}t{}	needs-owner-review-source-state	Current-source string did not match audit source exactly; treat as escaped/newline or source drift queue before editing.
5829	40754	ai-agent	app/src/ai/agent_sdk/common.rs	missing-in-current-source	No environments are configured for this account.nYou can create an environment with `{cli_name} environment create`.nOr, re-run this command with `--no-environment` to not use an environment.nWithout an environment, the agent will not be able to access private repositories or create pull requests.	No environments are configured for this account.nYou can create an environment with `{cli_name} environment create`.nOr, re-run this command with `--no-environment` to not use an environment.nWithout an environment, the agent will not be able to access private repositories or create pull requests.	needs-owner-review-source-state	Current-source string did not match audit source exactly; treat as escaped/newline or source drift queue before editing.
5833	40782	ai-agent	app/src/ai/agent_sdk/common.rs	target-and-source-present	{name} ({id})	{name} ({id})	intentional-preserve-command-code-token	Command, placeholder, code, path, format, endpoint, or protocol token should remain stable.
5834	40789	ai-agent	app/src/ai/agent_sdk/common.rs	target-and-source-present	550e8400-e29b-41d4-a716-446655440000	550e8400-e29b-41d4-a716-446655440000	intentional-preserve-command-code-token	Command, placeholder, code, path, format, endpoint, or protocol token should remain stable.
5835	40796	ai-agent	app/src/ai/agent_sdk/common.rs	target-and-source-present	not-a-run-id	not-a-run-id	intentional-preserve-command-code-token	Command, placeholder, code, path, format, endpoint, or protocol token should remain stable.
5836	40803	ai-agent	app/src/ai/agent_sdk/common.rs	target-and-source-present	Invalid run ID 'not-a-run-id'	Invalid run ID 'not-a-run-id'	intentional-preserve-command-code-token	Command, placeholder, code, path, format, endpoint, or protocol token should remain stable.
5837	40810	ai-agent	app/src/ai/agent_sdk/driver/git_credentials.rs	target-and-source-present	Oz	Oz	intentional-preserve-command-code-token	Command, placeholder, code, path, format, endpoint, or protocol token should remain stable.
5838	40817	ai-agent	app/src/ai/agent_sdk/driver/git_credentials.rs	target-and-source-present	oz-agent@warp.dev	oz-agent@warp.dev	intentional-preserve-command-code-token	Command, placeholder, code, path, format, endpoint, or protocol token should remain stable.
5839	40824	ai-agent	app/src/ai/agent_sdk/driver/git_credentials.rs	target-and-source-present	hosts.yml	hosts.yml	intentional-preserve-command-code-token	Command, placeholder, code, path, format, endpoint, or protocol token should remain stable.
5840	40831	ai-agent	app/src/ai/agent_sdk/driver/git_credentials.rs	target-and-source-present	.git-credentials	.git-credentials	intentional-preserve-command-code-token	Command, placeholder, code, path, format, endpoint, or protocol token should remain stable.
5841	40838	ai-agent	app/src/ai/agent_sdk/driver/git_credentials.rs	target-and-source-present	.git-credentials.tmp	.git-credentials.tmp	intentional-preserve-command-code-token	Command, placeholder, code, path, format, endpoint, or protocol token should remain stable.
5842	40845	ai-agent	app/src/ai/agent_sdk/driver/git_credentials.rs	target-and-source-present	{username}:{}	{username}:{}	intentional-preserve-command-code-token	Command, placeholder, code, path, format, endpoint, or protocol token should remain stable.
5844	40859	ai-agent	app/src/ai/agent_sdk/driver/git_credentials.rs	target-and-source-present	.config	.config	intentional-preserve-command-code-token	Command, placeholder, code, path, format, endpoint, or protocol token should remain stable.
5845	40866	ai-agent	app/src/ai/agent_sdk/driver/git_credentials.rs	target-and-source-present	{GH_HOSTS_FILENAME}.tmp	{GH_HOSTS_FILENAME}.tmp	intentional-preserve-command-code-token	Command, placeholder, code, path, format, endpoint, or protocol token should remain stable.
5846	40873	ai-agent	app/src/ai/agent_sdk/driver/git_credentials.rs	missing-in-current-source	{}:n	{}:n	needs-owner-review-source-state	Current-source string did not match audit source exactly; treat as escaped/newline or source drift queue before editing.
5847	40880	ai-agent	app/src/ai/agent_sdk/driver/git_credentials.rs	missing-in-current-source	    oauth_token: {}n	    oauth_token: {}n	needs-owner-review-source-state	Current-source string did not match audit source exactly; treat as escaped/newline or source drift queue before editing.
5848	40887	ai-agent	app/src/ai/agent_sdk/driver/git_credentials.rs	missing-in-current-source	    git_protocol: httpsn	    git_protocol: httpsn	needs-owner-review-source-state	Current-source string did not match audit source exactly; treat as escaped/newline or source drift queue before editing.
5849	40894	ai-agent	app/src/ai/agent_sdk/driver/git_credentials.rs	target-and-source-present	--global	--global	intentional-preserve-command-code-token	Command, placeholder, code, path, format, endpoint, or protocol token should remain stable.
5851	40908	ai-agent	app/src/ai/agent_sdk/driver/git_credentials.rs	target-and-source-present	--add	--add	intentional-preserve-command-code-token	Command, placeholder, code, path, format, endpoint, or protocol token should remain stable.
5853	40922	ai-agent	app/src/ai/agent_sdk/driver/git_credentials.rs	target-and-source-present	credential.helper	credential.helper	intentional-preserve-command-code-token	Command, placeholder, code, path, format, endpoint, or protocol token should remain stable.
5854	40929	ai-agent	app/src/ai/agent_sdk/driver/git_credentials.rs	target-and-source-present	git@{host}:	git@{host}:	intentional-preserve-command-code-token	Command, placeholder, code, path, format, endpoint, or protocol token should remain stable.
5855	40936	ai-agent	app/src/ai/agent_sdk/driver/git_credentials.rs	target-and-source-present	user.name	user.name	intentional-preserve-command-code-token	Command, placeholder, code, path, format, endpoint, or protocol token should remain stable.
5856	40943	ai-agent	app/src/ai/agent_sdk/driver/git_credentials.rs	target-and-source-present	user.email	user.email	intentional-preserve-command-code-token	Command, placeholder, code, path, format, endpoint, or protocol token should remain stable.
5859	40964	ai-agent	app/src/ai/agent_sdk/driver/harness/claude_code/parent_bridge.rs	target-and-source-present	event-cursor.json	event-cursor.json	intentional-preserve-command-code-token	Command, placeholder, code, path, format, endpoint, or protocol token should remain stable.
5860	40971	ai-agent	app/src/ai/agent_sdk/driver/harness/claude_code/parent_bridge.rs	target-and-source-present	pending-hook-output.json	pending-hook-output.json	intentional-preserve-command-code-token	Command, placeholder, code, path, format, endpoint, or protocol token should remain stable.
5861	40978	ai-agent	app/src/ai/agent_sdk/driver/harness/claude_code/parent_bridge.rs	target-and-source-present	pending-hook-output.ack	pending-hook-output.ack	intentional-preserve-command-code-token	Command, placeholder, code, path, format, endpoint, or protocol token should remain stable.
5862	40985	ai-agent	app/src/ai/agent_sdk/driver/harness/claude_code/parent_bridge.rs	missing-in-current-source	Lead-agent updates arrived from Oz. Treat the latest lead-agent instructions below as authoritative.n	Lead-agent updates arrived from Oz. Treat the latest lead-agent instructions below as authoritative.n	needs-owner-review-source-state	Current-source string did not match audit source exactly; treat as escaped/newline or source drift queue before editing.
5863	40992	ai-agent	app/src/ai/agent_sdk/driver/harness/claude_code/parent_bridge.rs	missing-in-current-source	nnMore lead-agent messages are still staged and will be surfaced on a later turn.	nnMore lead-agent messages are still staged and will be surfaced on a later turn.	needs-owner-review-source-state	Current-source string did not match audit source exactly; treat as escaped/newline or source drift queue before editing.
5864	40999	ai-agent	app/src/ai/agent_sdk/driver/harness/claude_code/parent_bridge.rs	target-and-source-present	Failed to stage Claude lead-agent message {message_id} at sequence {}: {err:#}	Failed to stage Claude lead-agent message {message_id} at sequence {}: {err:#}	intentional-preserve-command-code-token	Command, placeholder, code, path, format, endpoint, or protocol token should remain stable.
5865	41006	ai-agent	app/src/ai/agent_sdk/driver/harness/claude_code/parent_bridge.rs	target-and-source-present	Claude message bridge stopped for {}: {err:#}	Claude message bridge stopped for {}: {err:#}	intentional-preserve-command-code-token	Command, placeholder, code, path, format, endpoint, or protocol token should remain stable.
5866	41013	ai-agent	app/src/ai/agent_sdk/driver/harness/claude_code/parent_bridge.rs	target-and-source-present	Failed to remove Claude message bridge state dir {}	Failed to remove Claude message bridge state dir {}	intentional-preserve-command-code-token	Command, placeholder, code, path, format, endpoint, or protocol token should remain stable.
5867	41020	ai-agent	app/src/ai/agent_sdk/driver/harness/claude_code/parent_bridge.rs	target-and-source-present	{sequence:020}-{message_id}.json	{sequence:020}-{message_id}.json	intentional-preserve-command-code-token	Command, placeholder, code, path, format, endpoint, or protocol token should remain stable.
5868	41027	ai-agent	app/src/ai/agent_sdk/driver/harness/claude_code/parent_bridge.rs	target-and-source-present	(no subject)	(no subject)	intentional-preserve-command-code-token	Command, placeholder, code, path, format, endpoint, or protocol token should remain stable.
5869	41034	ai-agent	app/src/ai/agent_sdk/driver/harness/claude_code/parent_bridge.rs	missing-in-current-source	---nLead-agent message	---nLead-agent message	needs-owner-review-source-state	Current-source string did not match audit source exactly; treat as escaped/newline or source drift queue before editing.
5870	41041	ai-agent	app/src/ai/agent_sdk/driver/harness/claude_code/parent_bridge.rs	target-and-source-present	 from {}	 from {}	intentional-preserve-command-code-token	Command, placeholder, code, path, format, endpoint, or protocol token should remain stable.
5871	41048	ai-agent	app/src/ai/agent_sdk/driver/harness/claude_code/parent_bridge.rs	target-and-source-present	Failed to move message bridge record {} to {}	Failed to move message bridge record {} to {}	intentional-preserve-command-code-token	Command, placeholder, code, path, format, endpoint, or protocol token should remain stable.
5872	41055	ai-agent	app/src/ai/agent_sdk/driver/harness/claude_code/parent_bridge.rs	target-and-source-present	Failed to mark Claude message bridge message {message_id} as delivered: {err:#}	Failed to mark Claude message bridge message {message_id} as delivered: {err:#}	intentional-preserve-command-code-token	Command, placeholder, code, path, format, endpoint, or protocol token should remain stable.
5873	41062	ai-agent	app/src/ai/agent_sdk/driver/harness/claude_code/parent_bridge.rs	target-and-source-present	Failed to read server-backed event cursor for Claude message bridge run {run_id}: {err:#}	Failed to read server-backed event cursor for Claude message bridge run {run_id}: {err:#}	intentional-preserve-command-code-token	Command, placeholder, code, path, format, endpoint, or protocol token should remain stable.
5874	41069	ai-agent	app/src/ai/agent_sdk/driver/harness/claude_code/parent_bridge.rs	target-and-source-present	parent-bridge	parent-bridge	intentional-preserve-command-code-token	Command, placeholder, code, path, format, endpoint, or protocol token should remain stable.
5875	41076	ai-agent	app/src/ai/agent_sdk/driver/harness/claude_code.rs	target-and-source-present	{cli} auth status --json	{cli} auth status --json	intentional-preserve-command-code-token	Command, placeholder, code, path, format, endpoint, or protocol token should remain stable.
5876	41083	ai-agent	app/src/ai/agent_sdk/driver/harness/claude_code.rs	target-and-source-present	Credit balance too low	Credit balance too low	intentional-preserve-command-code-token	Command, placeholder, code, path, format, endpoint, or protocol token should remain stable.
5877	41090	ai-agent	app/src/ai/agent_sdk/driver/harness/claude_code.rs	target-and-source-present	You've hit your	You've hit your	intentional-preserve-command-code-token	Command, placeholder, code, path, format, endpoint, or protocol token should remain stable.
5878	41097	ai-agent	app/src/ai/agent_sdk/driver/harness/claude_code.rs	target-and-source-present	This organization has been disabled	This organization has been disabled	intentional-preserve-command-code-token	Command, placeholder, code, path, format, endpoint, or protocol token should remain stable.
5879	41104	ai-agent	app/src/ai/agent_sdk/driver/harness/claude_code.rs	target-and-source-present	belongs to a disabled organization	belongs to a disabled organization	intentional-preserve-command-code-token	Command, placeholder, code, path, format, endpoint, or protocol token should remain stable.
5880	41111	ai-agent	app/src/ai/agent_sdk/driver/harness/claude_code.rs	target-and-source-present	Not logged in	Not logged in	intentional-preserve-command-code-token	Command, placeholder, code, path, format, endpoint, or protocol token should remain stable.
5881	41118	ai-agent	app/src/ai/agent_sdk/driver/harness/claude_code.rs	target-and-source-present	OAuth token revoked	OAuth token revoked	intentional-preserve-command-code-token	Command, placeholder, code, path, format, endpoint, or protocol token should remain stable.
5882	41125	ai-agent	app/src/ai/agent_sdk/driver/harness/claude_code.rs	target-and-source-present	OAuth token has expired	OAuth token has expired	intentional-preserve-command-code-token	Command, placeholder, code, path, format, endpoint, or protocol token should remain stable.
5883	41132	ai-agent	app/src/ai/agent_sdk/driver/harness/claude_code.rs	target-and-source-present	Routines are disabled by your organization's policy	Routines are disabled by your organization's policy	intentional-preserve-command-code-token	Command, placeholder, code, path, format, endpoint, or protocol token should remain stable.
5884	41139	ai-agent	app/src/ai/agent_sdk/driver/harness/claude_code.rs	target-and-source-present	API Error: Request rejected (429)	API Error: Request rejected (429)	intentional-preserve-command-code-token	Command, placeholder, code, path, format, endpoint, or protocol token should remain stable.
5885	41146	ai-agent	app/src/ai/agent_sdk/driver/harness/claude_code.rs	target-and-source-present	--resume	--resume	intentional-preserve-command-code-token	Command, placeholder, code, path, format, endpoint, or protocol token should remain stable.
5886	41153	ai-agent	app/src/ai/agent_sdk/driver/harness/claude_code.rs	target-and-source-present	--session-id	--session-id	intentional-preserve-command-code-token	Command, placeholder, code, path, format, endpoint, or protocol token should remain stable.
5887	41160	ai-agent	app/src/ai/agent_sdk/driver/harness/claude_code.rs	target-and-source-present	{cli_name} {flag} {session_id} --dangerously-skip-permissions	{cli_name} {flag} {session_id} --dangerously-skip-permissions	intentional-preserve-command-code-token	Command, placeholder, code, path, format, endpoint, or protocol token should remain stable.
5888	41167	ai-agent	app/src/ai/agent_sdk/driver/harness/claude_code.rs	target-and-source-present	 --append-system-prompt-file '{sp_path}'	 --append-system-prompt-file '{sp_path}'	intentional-preserve-command-code-token	Command, placeholder, code, path, format, endpoint, or protocol token should remain stable.
5889	41174	ai-agent	app/src/ai/agent_sdk/driver/harness/claude_code.rs	target-and-source-present	 --mcp-config '{mcp_path}'	 --mcp-config '{mcp_path}'	intentional-preserve-command-code-token	Command, placeholder, code, path, format, endpoint, or protocol token should remain stable.
5890	41181	ai-agent	app/src/ai/agent_sdk/driver/harness/claude_code.rs	target-and-source-present	{cmd} < '{prompt_path}'	{cmd} < '{prompt_path}'	intentional-preserve-command-code-token	Command, placeholder, code, path, format, endpoint, or protocol token should remain stable.
5891	41188	ai-agent	app/src/ai/agent_sdk/driver/harness/claude_code.rs	target-and-source-present	.txt	.txt	intentional-preserve-command-code-token	Command, placeholder, code, path, format, endpoint, or protocol token should remain stable.
5892	41195	ai-agent	app/src/ai/agent_sdk/driver/harness/claude_code.rs	target-and-source-present	.json	.json	intentional-preserve-command-code-token	Command, placeholder, code, path, format, endpoint, or protocol token should remain stable.
5893	41202	ai-agent	app/src/ai/agent_sdk/driver/harness/claude_code.rs	target-and-source-present	{cli_name} --version	{cli_name} --version	intentional-preserve-command-code-token	Command, placeholder, code, path, format, endpoint, or protocol token should remain stable.
5896	41223	ai-agent	app/src/ai/agent_sdk/driver/harness/claude_code.rs	target-and-source-present	.claude.json	.claude.json	intentional-preserve-command-code-token	Command, placeholder, code, path, format, endpoint, or protocol token should remain stable.
5897	41230	ai-agent	app/src/ai/agent_sdk/driver/harness/claude_code.rs	target-and-source-present	settings.json	settings.json	intentional-preserve-command-code-token	Command, placeholder, code, path, format, endpoint, or protocol token should remain stable.
5915	41356	ai-agent	app/src/ai/artifact_download.rs	target-and-source-present	.{extension}	.{extension}	intentional-preserve-command-code-token	Command, placeholder, code, path, format, endpoint, or protocol token should remain stable.
5916	41363	ai-agent	app/src/ai/artifact_download.rs	target-and-source-present	artifact-{}{}	artifact-{}{}	intentional-preserve-command-code-token	Command, placeholder, code, path, format, endpoint, or protocol token should remain stable.
5919	41384	ai-agent	app/src/ai/artifact_download.rs	target-and-source-present	artifact-123	artifact-123	intentional-preserve-command-code-token	Command, placeholder, code, path, format, endpoint, or protocol token should remain stable.
5920	41391	ai-agent	app/src/ai/artifact_download.rs	target-and-source-present	daily summary	daily summary	intentional-preserve-command-code-token	Command, placeholder, code, path, format, endpoint, or protocol token should remain stable.
5921	41398	ai-agent	app/src/ai/artifact_download.rs	target-and-source-present	report.txt	report.txt	intentional-preserve-command-code-token	Command, placeholder, code, path, format, endpoint, or protocol token should remain stable.
5922	41405	ai-agent	app/src/ai/artifact_download.rs	target-and-source-present	artifact-artifact-123.txt	artifact-artifact-123.txt	intentional-preserve-command-code-token	Command, placeholder, code, path, format, endpoint, or protocol token should remain stable.
5923	41412	ai-agent	app/src/ai/artifact_download.rs	target-and-source-present	screenshot-123	screenshot-123	intentional-preserve-command-code-token	Command, placeholder, code, path, format, endpoint, or protocol token should remain stable.
5924	41419	ai-agent	app/src/ai/artifact_download.rs	target-and-source-present	dashboard screenshot	dashboard screenshot	intentional-preserve-command-code-token	Command, placeholder, code, path, format, endpoint, or protocol token should remain stable.
5925	41426	ai-agent	app/src/ai/artifact_download.rs	target-and-source-present	artifact-screenshot-123	artifact-screenshot-123	intentional-preserve-command-code-token	Command, placeholder, code, path, format, endpoint, or protocol token should remain stable.
5926	41433	ai-agent	app/src/ai/blocklist/block/cli.rs	target-and-source-present	allow-action-position-id	allow-action-position-id	intentional-preserve-command-code-token	Command, placeholder, code, path, format, endpoint, or protocol token should remain stable.
5927	41440	ai-agent	app/src/ai/blocklist/block/cli.rs	target-and-source-present	cli-subagent-user-query-position-id	cli-subagent-user-query-position-id	intentional-preserve-command-code-token	Command, placeholder, code, path, format, endpoint, or protocol token should remain stable.
5944	41559	ai-agent	app/src/ai/blocklist/block/cli.rs	target-and-source-present	 - `{q}`	 - `{q}`	intentional-preserve-command-code-token	Command, placeholder, code, path, format, endpoint, or protocol token should remain stable.
5945	41566	ai-agent	app/src/ai/blocklist/block/cli.rs	missing-in-current-source	Grep for the following patterns in {display_path}:n{patterns_list}	Grep for the following patterns in {display_path}:n{patterns_list}	needs-owner-review-source-state	Current-source string did not match audit source exactly; treat as escaped/newline or source drift queue before editing.
5947	41580	ai-agent	app/src/ai/blocklist/block/cli.rs	target-and-source-present	 - `{p}`	 - `{p}`	intentional-preserve-command-code-token	Command, placeholder, code, path, format, endpoint, or protocol token should remain stable.
5948	41587	ai-agent	app/src/ai/blocklist/block/cli.rs	missing-in-current-source	Find files that match the following patterns in {display_path}:n{patterns_list}	Find files that match the following patterns in {display_path}:n{patterns_list}	needs-owner-review-source-state	Current-source string did not match audit source exactly; treat as escaped/newline or source drift queue before editing.
5949	41594	ai-agent	app/src/ai/blocklist/history_model.rs	target-and-source-present	Failed to update conversation: {0:?}	Failed to update conversation: {0:?}	intentional-preserve-command-code-token	Command, placeholder, code, path, format, endpoint, or protocol token should remain stable.
5950	41601	ai-agent	app/src/ai/blocklist/history_model.rs	target-and-source-present	Failed to find conversation with ID {0:?}	Failed to find conversation with ID {0:?}	intentional-preserve-command-code-token	Command, placeholder, code, path, format, endpoint, or protocol token should remain stable.
5951	41608	ai-agent	app/src/ai/blocklist/history_model.rs	missing-in-current-source	No agent identifier for parent conversation {parent_conversation_id:?}; child agent will not be linked to parent on the server.	No agent identifier for parent conversation {parent_conversation_id:?}; child agent will not be linked to parent on the server.	needs-owner-review-source-state	Current-source string did not match audit source exactly; treat as escaped/newline or source drift queue before editing.
5952	41615	ai-agent	app/src/ai/blocklist/history_model.rs	missing-in-current-source	set_conversation_pinned called for conversation {conversation_id:?} that is not loaded; pin state change to {pinned} will not be persisted.	set_conversation_pinned called for conversation {conversation_id:?} that is not loaded; pin state change to {pinned} will not be persisted.	needs-owner-review-source-state	Current-source string did not match audit source exactly; treat as escaped/newline or source drift queue before editing.
5953	41622	ai-agent	app/src/ai/blocklist/history_model.rs	target-and-source-present	Attempted to set active conversation ID for terminal view ID that does not own that conversation.	Attempted to set active conversation ID for terminal view ID that does not own that conversation.	intentional-preserve-command-code-token	Command, placeholder, code, path, format, endpoint, or protocol token should remain stable.
5954	41629	ai-agent	app/src/ai/blocklist/history_model.rs	missing-in-current-source	mark_active_conversation_id: conversation {conversation_id:?} is not in terminal view {terminal_view_id:?} live list, skipping	mark_active_conversation_id: conversation {conversation_id:?} is not in terminal view {terminal_view_id:?} live list, skipping	needs-owner-review-source-state	Current-source string did not match audit source exactly; treat as escaped/newline or source drift queue before editing.
5955	41636	ai-agent	app/src/ai/blocklist/history_model.rs	target-and-source-present	assign_run_id_for_conversation: conversation {conversation_id:?} not found	assign_run_id_for_conversation: conversation {conversation_id:?} not found	intentional-preserve-command-code-token	Command, placeholder, code, path, format, endpoint, or protocol token should remain stable.
5956	41643	ai-agent	app/src/ai/blocklist/history_model.rs	target-and-source-present	Starting a new conversation: transferring {} exchanges to new conversation	Starting a new conversation: transferring {} exchanges to new conversation	intentional-preserve-command-code-token	Command, placeholder, code, path, format, endpoint, or protocol token should remain stable.
5957	41650	ai-agent	app/src/ai/blocklist/history_model.rs	target-and-source-present	No messages found for block in conversation {}.	No messages found for block in conversation {}.	intentional-preserve-command-code-token	Command, placeholder, code, path, format, endpoint, or protocol token should remain stable.
5958	41657	ai-agent	app/src/ai/blocklist/history_model.rs	target-and-source-present	Truncated tasks for forked conversation at block are empty for conversation {}.	Truncated tasks for forked conversation at block are empty for conversation {}.	intentional-preserve-command-code-token	Command, placeholder, code, path, format, endpoint, or protocol token should remain stable.
5959	41664	ai-agent	app/src/ai/blocklist/history_model.rs	target-and-source-present	Failed to persist forked conversation at block: {e:?}.	Failed to persist forked conversation at block: {e:?}.	intentional-preserve-command-code-token	Command, placeholder, code, path, format, endpoint, or protocol token should remain stable.
5960	41671	ai-agent	app/src/ai/blocklist/history_model.rs	target-and-source-present	Failed to update request cost for conversation {conversation_id}: {e:#}	Failed to update request cost for conversation {conversation_id}: {e:#}	intentional-preserve-command-code-token	Command, placeholder, code, path, format, endpoint, or protocol token should remain stable.
5961	41678	ai-agent	app/src/ai/blocklist/history_model.rs	target-and-source-present	Failed to update request cost because conversation {conversation_id} was not found	Failed to update request cost because conversation {conversation_id} was not found	intentional-preserve-command-code-token	Command, placeholder, code, path, format, endpoint, or protocol token should remain stable.
5962	41685	ai-agent	app/src/ai/blocklist/history_model.rs	target-and-source-present	Failed to fetch metadata for conversation {}: {e:#}	Failed to fetch metadata for conversation {}: {e:#}	intentional-preserve-command-code-token	Command, placeholder, code, path, format, endpoint, or protocol token should remain stable.
5963	41692	ai-agent	app/src/ai/blocklist/history_model.rs	target-and-source-present	The active conversation ID {active_conversation_id:?} was not found in the list of conversation IDs for terminal view {terminal_view_id:?}. Conversation IDs: {conversation_ids_for_terminal_view:?}	The active conversation ID {active_conversation_id:?} was not found in the list of conversation IDs for terminal view {terminal_view_id:?}. Conversation IDs: {conversation_ids_for_terminal_view:?}	intentional-preserve-command-code-token	Command, placeholder, code, path, format, endpoint, or protocol token should remain stable.
5964	41699	ai-agent	app/src/ai/blocklist/history_model.rs	target-and-source-present	No conversation found for server token: {}	No conversation found for server token: {}	intentional-preserve-command-code-token	Command, placeholder, code, path, format, endpoint, or protocol token should remain stable.
5965	41706	ai-agent	app/src/ai/blocklist/history_model.rs	target-and-source-present	{prefix}{current}	{prefix}{current}	intentional-preserve-command-code-token	Command, placeholder, code, path, format, endpoint, or protocol token should remain stable.
5966	41713	ai-agent	app/src/ai/blocklist/history_model.rs	target-and-source-present	(Fork) 	(Fork) 	intentional-preserve-command-code-token	Command, placeholder, code, path, format, endpoint, or protocol token should remain stable.
5967	41720	ai-agent	app/src/ai/blocklist/history_model.rs	target-and-source-present	(Pre-Rewind) 	(Pre-Rewind) 	intentional-preserve-command-code-token	Command, placeholder, code, path, format, endpoint, or protocol token should remain stable.
5968	41727	ai-agent	app/src/ai/blocklist/inline_action/ask_user_question_view.rs	target-and-source-present	AskUserQuestionActive	AskUserQuestionActive	intentional-preserve-telemetry-feature-id	CamelCase action, telemetry, feature, or enum identifier should not be localized.
5971	41748	ai-agent	app/src/ai/blocklist/inline_action/ask_user_question_view.rs	target-and-source-present	fake-id	fake-id	intentional-preserve-command-code-token	Command, placeholder, code, path, format, endpoint, or protocol token should remain stable.
5982	41825	ai-agent	app/src/ai/blocklist/inline_action/ask_user_question_view.rs	target-and-source-present	Answered {answered_count} of {total} question{}	Answered {answered_count} of {total} question{}	intentional-preserve-command-code-token	Command, placeholder, code, path, format, endpoint, or protocol token should remain stable.
6007	42000	ai-agent	app/src/ai/blocklist/inline_action/run_agents_card_view.rs	target-and-source-present	RunAgentsCardView-{prefix}-accept-split	RunAgentsCardView-{prefix}-accept-split	intentional-preserve-command-code-token	Command, placeholder, code, path, format, endpoint, or protocol token should remain stable.
6008	42007	ai-agent	app/src/ai/blocklist/inline_action/run_agents_card_view.rs	target-and-source-present	Unexpected action result type for orchestrate: {:?}	Unexpected action result type for orchestrate: {:?}	intentional-preserve-command-code-token	Command, placeholder, code, path, format, endpoint, or protocol token should remain stable.
6081	42518	ai-agent	app/src/ai/execution_profiles/mod.rs	target-and-source-present	Agent Mode Eval	Agent Mode Eval	intentional-preserve-command-code-token	Command, placeholder, code, path, format, endpoint, or protocol token should remain stable.
6083	42532	ai-agent	app/src/ai/execution_profiles/mod.rs	target-and-source-present	AIExecutionProfile	AIExecutionProfile	intentional-preserve-telemetry-feature-id	CamelCase action, telemetry, feature, or enum identifier should not be localized.
6103	42672	ai-agent	app/src/ai/get_relevant_files/remote_search/native.rs	target-and-source-present	[Remote codebase indexing] Remote codebase search using embedding config: repo_path={repo_path} embedding_config={embedding_config:?}	[Remote codebase indexing] Remote codebase search using embedding config: repo_path={repo_path} embedding_config={embedding_config:?}	intentional-preserve-command-code-token	Command, placeholder, code, path, format, endpoint, or protocol token should remain stable.
6104	42679	ai-agent	app/src/ai/get_relevant_files/remote_search/native.rs	target-and-source-present	Remote codebase search metadata lookup missed {} hashes for repo {}	Remote codebase search metadata lookup missed {} hashes for repo {}	intentional-preserve-command-code-token	Command, placeholder, code, path, format, endpoint, or protocol token should remain stable.
6106	42693	ai-agent	app/src/ai/get_relevant_files/remote_search/native.rs	target-and-source-present	{}: {reason}	{}: {reason}	intentional-preserve-command-code-token	Command, placeholder, code, path, format, endpoint, or protocol token should remain stable.
6115	42756	ai-agent	app/src/ai/llms.rs	target-and-source-present	AvailableLLMs	AvailableLLMs	intentional-preserve-telemetry-feature-id	CamelCase action, telemetry, feature, or enum identifier should not be localized.
6122	42805	ai-agent	app/src/ai/llms.rs	target-and-source-present	Tried to create AvailableLLMs with empty`choices`.	Tried to create AvailableLLMs with empty`choices`.	intentional-preserve-command-code-token	Command, placeholder, code, path, format, endpoint, or protocol token should remain stable.
6123	42812	ai-agent	app/src/ai/llms.rs	target-and-source-present	Default LLM ID {} not present in choices, falling back to first choice {}	Default LLM ID {} not present in choices, falling back to first choice {}	intentional-preserve-command-code-token	Command, placeholder, code, path, format, endpoint, or protocol token should remain stable.
6124	42819	ai-agent	app/src/ai/llms.rs	target-and-source-present	computer-use-agent-auto	computer-use-agent-auto	intentional-preserve-command-code-token	Command, placeholder, code, path, format, endpoint, or protocol token should remain stable.
6127	42840	ai-agent	app/src/ai/llms.rs	target-and-source-present	cli-agent-auto	cli-agent-auto	intentional-preserve-command-code-token	Command, placeholder, code, path, format, endpoint, or protocol token should remain stable.
6130	42861	settings	app/src/settings_view/ai_page.rs	target-and-source-present	e.g. ~/code-repos/repo	e.g. ~/code-repos/repo	intentional-preserve-command-code-token	Command, placeholder, code, path, format, endpoint, or protocol token should remain stable.
6131	42868	settings	app/src/settings_view/ai_page.rs	target-and-source-present	e.g. ls .*	e.g. ls .*	intentional-preserve-command-code-token	Command, placeholder, code, path, format, endpoint, or protocol token should remain stable.
6133	42882	settings	app/src/settings_view/ai_page.rs	target-and-source-present	e.g. rm .*	e.g. rm .*	intentional-preserve-command-code-token	Command, placeholder, code, path, format, endpoint, or protocol token should remain stable.
6137	42910	settings	app/src/settings_view/ai_page.rs	target-and-source-present	ToggleShowInputHintText	ToggleShowInputHintText	intentional-preserve-telemetry-feature-id	CamelCase action, telemetry, feature, or enum identifier should not be localized.
6139	42924	settings	app/src/settings_view/ai_page.rs	target-and-source-present	SetConversationLayout	SetConversationLayout	intentional-preserve-telemetry-feature-id	CamelCase action, telemetry, feature, or enum identifier should not be localized.
6148	42987	settings	app/src/settings_view/ai_page.rs	target-and-source-present	Wispr Flow	Wispr Flow	intentional-preserve-command-code-token	Command, placeholder, code, path, format, endpoint, or protocol token should remain stable.
6152	43015	settings	app/src/settings_view/ai_page.rs	target-and-source-present	, or 	, or 	intentional-preserve-command-code-token	Command, placeholder, code, path, format, endpoint, or protocol token should remain stable.
6156	43043	settings	app/src/settings_view/ai_page.rs	target-and-source-present	sk-...	sk-...	intentional-preserve-command-code-token	Command, placeholder, code, path, format, endpoint, or protocol token should remain stable.
6157	43050	settings	app/src/settings_view/ai_page.rs	target-and-source-present	sk-ant-...	sk-ant-...	intentional-preserve-command-code-token	Command, placeholder, code, path, format, endpoint, or protocol token should remain stable.
6158	43057	settings	app/src/settings_view/ai_page.rs	target-and-source-present	AIzaSy...	AIzaSy...	intentional-preserve-command-code-token	Command, placeholder, code, path, format, endpoint, or protocol token should remain stable.
6160	43071	settings	app/src/settings_view/ai_page.rs	target-and-source-present	aws login	aws login	intentional-preserve-command-code-token	Command, placeholder, code, path, format, endpoint, or protocol token should remain stable.
6162	43085	settings	app/src/settings_view/ai_page.rs	target-and-source-present	AWS Bedrock	AWS Bedrock	intentional-preserve-command-code-token	Command, placeholder, code, path, format, endpoint, or protocol token should remain stable.
6163	43092	billing-quota	app/src/settings_view/billing_and_usage_page.rs	target-and-source-present	{ADDON_CREDITS_DESCRIPTION} {ADDITIONAL_ADDON_CREDITS_DESCRIPTION_FOR_TEAM}	{ADDON_CREDITS_DESCRIPTION} {ADDITIONAL_ADDON_CREDITS_DESCRIPTION_FOR_TEAM}	intentional-preserve-command-code-token	Command, placeholder, code, path, format, endpoint, or protocol token should remain stable.
6164	43099	billing-quota	app/src/settings_view/billing_and_usage_page.rs	target-and-source-present	${cost_dollars:.2}	${cost_dollars:.2}	intentional-preserve-command-code-token	Command, placeholder, code, path, format, endpoint, or protocol token should remain stable.
6165	43106	billing-quota	app/src/settings_view/billing_and_usage_page.rs	target-and-source-present	${price_dollars:.2}	${price_dollars:.2}	intentional-preserve-command-code-token	Command, placeholder, code, path, format, endpoint, or protocol token should remain stable.
6167	43120	billing-quota	app/src/settings_view/billing_and_usage_page.rs	target-and-source-present	%b %d at %-I:%M %p	%b %d at %-I:%M %p	intentional-preserve-command-code-token	Command, placeholder, code, path, format, endpoint, or protocol token should remain stable.
6169	43134	billing-quota	app/src/settings_view/billing_and_usage_page_v2.rs	target-and-source-present	%b %d, %Y	%b %d, %Y	intentional-preserve-command-code-token	Command, placeholder, code, path, format, endpoint, or protocol token should remain stable.
6170	43141	billing-quota	app/src/settings_view/billing_and_usage_page_v2.rs	target-and-source-present	Resets %b %d at %-I:%M %p	Resets %b %d at %-I:%M %p	intentional-preserve-command-code-token	Command, placeholder, code, path, format, endpoint, or protocol token should remain stable.
6171	43148	billing-quota	app/src/settings_view/billing_and_usage_page_v2.rs	target-and-source-present	{ADDON_CREDITS_DESCRIPTION} {ADDITIONAL_ADDON_CREDITS_DESCRIPTION_FOR_TEAM}	{ADDON_CREDITS_DESCRIPTION} {ADDITIONAL_ADDON_CREDITS_DESCRIPTION_FOR_TEAM}	intentional-preserve-command-code-token	Command, placeholder, code, path, format, endpoint, or protocol token should remain stable.
6172	43155	billing-quota	app/src/settings_view/billing_and_usage_page_v2.rs	target-and-source-present	{credits} credits / {dollars}	{credits} credits / {dollars}	intentional-preserve-command-code-token	Command, placeholder, code, path, format, endpoint, or protocol token should remain stable.
6173	43162	billing-quota	app/src/settings_view/billing_and_usage_page_v2.rs	target-and-source-present	${cost_dollars:.2}	${cost_dollars:.2}	intentional-preserve-command-code-token	Command, placeholder, code, path, format, endpoint, or protocol token should remain stable.
6178	43197	settings	app/src/settings_view/code_page.rs	target-and-source-present	ToggleAutoOpenCodeReviewPane	ToggleAutoOpenCodeReviewPane	intentional-preserve-telemetry-feature-id	CamelCase action, telemetry, feature, or enum identifier should not be localized.
6204	43379	settings	app/src/settings_view/features/external_editor.rs	target-and-source-present	Warp	Warp	intentional-preserve-command-code-token	Command, placeholder, code, path, format, endpoint, or protocol token should remain stable.
6205	43386	settings	app/src/settings_view/features/external_editor.rs	target-and-source-present	$EDITOR	$EDITOR	intentional-preserve-command-code-token	Command, placeholder, code, path, format, endpoint, or protocol token should remain stable.
6206	43393	settings	app/src/settings_view/features/external_editor.rs	target-and-source-present	SetEditor	SetEditor	intentional-preserve-telemetry-feature-id	CamelCase action, telemetry, feature, or enum identifier should not be localized.
6207	43400	settings	app/src/settings_view/features/external_editor.rs	target-and-source-present	SetCodePanelsEditor	SetCodePanelsEditor	intentional-preserve-telemetry-feature-id	CamelCase action, telemetry, feature, or enum identifier should not be localized.
6208	43407	settings	app/src/settings_view/features/external_editor.rs	target-and-source-present	SetLayout	SetLayout	intentional-preserve-telemetry-feature-id	CamelCase action, telemetry, feature, or enum identifier should not be localized.
6209	43414	settings	app/src/settings_view/features/external_editor.rs	target-and-source-present	TogglePreferMarkdownViewer	TogglePreferMarkdownViewer	intentional-preserve-telemetry-feature-id	CamelCase action, telemetry, feature, or enum identifier should not be localized.
6233	43582	settings	app/src/settings_view/mcp_servers/list_page.rs	target-and-source-present	[ListPage] Installing from gallery with instructions: {:?}	[ListPage] Installing from gallery with instructions: {:?}	intentional-preserve-command-code-token	Command, placeholder, code, path, format, endpoint, or protocol token should remain stable.
6259	43764	settings	app/src/settings_view/show_blocks_view.rs	target-and-source-present	?preview=true	?preview=true	intentional-preserve-command-code-token	Command, placeholder, code, path, format, endpoint, or protocol token should remain stable.
6260	43771	settings	app/src/settings_view/show_blocks_view.rs	target-and-source-present	show_blocks_view:overflow_{index}	show_blocks_view:overflow_{index}	intentional-preserve-command-code-token	Command, placeholder, code, path, format, endpoint, or protocol token should remain stable.
6264	43799	settings	app/src/settings_view/show_blocks_view.rs	target-and-source-present	%a, %b %-d %Y at %-I:%M %p	%a, %b %-d %Y at %-I:%M %p	intentional-preserve-command-code-token	Command, placeholder, code, path, format, endpoint, or protocol token should remain stable.
6270	43841	settings	app/src/settings_view/show_blocks_view.rs	target-and-source-present	on_block_unshare_complete with result {:?}	on_block_unshare_complete with result {:?}	intentional-preserve-command-code-token	Command, placeholder, code, path, format, endpoint, or protocol token should remain stable.
6276	43883	settings	app/src/settings_view/show_blocks_view.rs	target-and-source-present	show_blocks_view:overflow_{menu_index}	show_blocks_view:overflow_{menu_index}	intentional-preserve-command-code-token	Command, placeholder, code, path, format, endpoint, or protocol token should remain stable.
6278	43897	settings	app/src/settings_view/update_environment_form.rs	target-and-source-present	SubmitButtonFocused	SubmitButtonFocused	intentional-preserve-telemetry-feature-id	CamelCase action, telemetry, feature, or enum identifier should not be localized.
6285	43946	settings	app/src/settings_view/update_environment_form.rs	target-and-source-present	repos_dropdown_row_{index}	repos_dropdown_row_{index}	intentional-preserve-command-code-token	Command, placeholder, code, path, format, endpoint, or protocol token should remain stable.
6286	43953	settings	app/src/settings_view/update_environment_form.rs	target-and-source-present	.git	.git	intentional-preserve-command-code-token	Command, placeholder, code, path, format, endpoint, or protocol token should remain stable.
6287	43960	settings	app/src/settings_view/update_environment_form.rs	target-and-source-present	git@github.com:	git@github.com:	intentional-preserve-command-code-token	Command, placeholder, code, path, format, endpoint, or protocol token should remain stable.
6288	43967	settings	app/src/settings_view/update_environment_form.rs	target-and-source-present	github.com	github.com	intentional-preserve-command-code-token	Command, placeholder, code, path, format, endpoint, or protocol token should remain stable.
6289	43974	settings	app/src/settings_view/update_environment_form.rs	target-and-source-present	www.github.com	www.github.com	intentional-preserve-command-code-token	Command, placeholder, code, path, format, endpoint, or protocol token should remain stable.
6294	44009	settings	app/src/settings_view/update_environment_form.rs	target-and-source-present	UpdateEnvironmentForm	UpdateEnvironmentForm	intentional-preserve-telemetry-feature-id	CamelCase action, telemetry, feature, or enum identifier should not be localized.
6295	44016	terminal-command	app/src/terminal/model/tmux/parser.rs	target-and-source-present	CommandOutput	CommandOutput	intentional-preserve-telemetry-feature-id	CamelCase action, telemetry, feature, or enum identifier should not be localized.
6296	44023	terminal-command	app/src/terminal/model/tmux/parser.rs	target-and-source-present	Ok({output:?})	Ok({output:?})	intentional-preserve-command-code-token	Command, placeholder, code, path, format, endpoint, or protocol token should remain stable.
6297	44030	terminal-command	app/src/terminal/model/tmux/parser.rs	target-and-source-present	Err({errors:?})	Err({errors:?})	intentional-preserve-command-code-token	Command, placeholder, code, path, format, endpoint, or protocol token should remain stable.
6298	44037	terminal-command	app/src/terminal/model/tmux/parser.rs	target-and-source-present	Exit	Exit	intentional-preserve-command-code-token	Command, placeholder, code, path, format, endpoint, or protocol token should remain stable.
6299	44044	terminal-command	app/src/terminal/model/tmux/parser.rs	target-and-source-present	Unknown	Unknown	intentional-preserve-command-code-token	Command, placeholder, code, path, format, endpoint, or protocol token should remain stable.
6300	44051	terminal-command	app/src/terminal/model/tmux/parser.rs	target-and-source-present	ParseError	ParseError	intentional-preserve-telemetry-feature-id	CamelCase action, telemetry, feature, or enum identifier should not be localized.
6301	44058	terminal-command	app/src/terminal/model/tmux/parser.rs	target-and-source-present	WindowClose	WindowClose	intentional-preserve-telemetry-feature-id	CamelCase action, telemetry, feature, or enum identifier should not be localized.
6302	44065	terminal-command	app/src/terminal/model/tmux/parser.rs	target-and-source-present	Received non-% character at the beginning of a line	Received non-% character at the beginning of a line	intentional-preserve-command-code-token	Command, placeholder, code, path, format, endpoint, or protocol token should remain stable.
6303	44072	terminal-command	app/src/terminal/model/tmux/parser.rs	target-and-source-present	window-close	window-close	intentional-preserve-command-code-token	Command, placeholder, code, path, format, endpoint, or protocol token should remain stable.
6304	44079	terminal-command	app/src/terminal/model/tmux/parser.rs	target-and-source-present	unlinked-window-close	unlinked-window-close	intentional-preserve-command-code-token	Command, placeholder, code, path, format, endpoint, or protocol token should remain stable.
6305	44086	terminal-command	app/src/terminal/model/tmux/parser.rs	target-and-source-present	Extraneous byte after %exit	Extraneous byte after %exit	intentional-preserve-command-code-token	Command, placeholder, code, path, format, endpoint, or protocol token should remain stable.
6306	44093	terminal-command	app/src/terminal/model/tmux/parser.rs	target-and-source-present	%end	%end	intentional-preserve-command-code-token	Command, placeholder, code, path, format, endpoint, or protocol token should remain stable.
6307	44100	terminal-command	app/src/terminal/model/tmux/parser.rs	target-and-source-present	%error	%error	intentional-preserve-command-code-token	Command, placeholder, code, path, format, endpoint, or protocol token should remain stable.
6308	44107	terminal-command	app/src/terminal/model/tmux/parser.rs	target-and-source-present	Non-digit character in %output pane number	Non-digit character in %output pane number	intentional-preserve-command-code-token	Command, placeholder, code, path, format, endpoint, or protocol token should remain stable.
6309	44114	terminal-command	app/src/terminal/model/tmux/parser.rs	target-and-source-present	Unexpected character after %output	Unexpected character after %output	intentional-preserve-command-code-token	Command, placeholder, code, path, format, endpoint, or protocol token should remain stable.
6310	44121	terminal-command	app/src/terminal/model/tmux/parser.rs	target-and-source-present	Non-octal digit found in output escape sequence	Non-octal digit found in output escape sequence	intentional-preserve-command-code-token	Command, placeholder, code, path, format, endpoint, or protocol token should remain stable.
6311	44128	terminal-command	app/src/terminal/model/tmux/parser.rs	target-and-source-present	Unescaped character < ASCII 32 found in output	Unescaped character < ASCII 32 found in output	intentional-preserve-command-code-token	Command, placeholder, code, path, format, endpoint, or protocol token should remain stable.
6312	44135	terminal-command	app/src/terminal/model/tmux/parser.rs	target-and-source-present	Non-digit character in %window-close window number	Non-digit character in %window-close window number	intentional-preserve-command-code-token	Command, placeholder, code, path, format, endpoint, or protocol token should remain stable.
6313	44142	terminal-command	app/src/terminal/model/tmux/parser.rs	target-and-source-present	Unexpected character after %window-close	Unexpected character after %window-close	intentional-preserve-command-code-token	Command, placeholder, code, path, format, endpoint, or protocol token should remain stable.
6320	44191	terminal-command	app/src/terminal/model/secrets.rs	target-and-source-present	Slack App Token	Slack App Token	intentional-preserve-command-code-token	Command, placeholder, code, path, format, endpoint, or protocol token should remain stable.
6333	44282	terminal-command	app/src/terminal/writeable_pty/remote_server_controller.rs	target-and-source-present	just matched AwaitingCheck above	just matched AwaitingCheck above	intentional-preserve-command-code-token	Command, placeholder, code, path, format, endpoint, or protocol token should remain stable.
6334	44289	terminal-command	app/src/terminal/writeable_pty/remote_server_controller.rs	target-and-source-present	Remote server install requested in unexpected state: session={session_id:?}	Remote server install requested in unexpected state: session={session_id:?}	intentional-preserve-command-code-token	Command, placeholder, code, path, format, endpoint, or protocol token should remain stable.
6335	44296	terminal-command	app/src/terminal/writeable_pty/remote_server_controller.rs	target-and-source-present	just matched AwaitingUserChoice above	just matched AwaitingUserChoice above	intentional-preserve-command-code-token	Command, placeholder, code, path, format, endpoint, or protocol token should remain stable.
6336	44303	terminal-command	app/src/terminal/writeable_pty/remote_server_controller.rs	target-and-source-present	just matched AwaitingConnect above	just matched AwaitingConnect above	intentional-preserve-command-code-token	Command, placeholder, code, path, format, endpoint, or protocol token should remain stable.
6337	44310	terminal-command	app/src/terminal/writeable_pty/remote_server_controller.rs	target-and-source-present	just matched AwaitingInstall above	just matched AwaitingInstall above	intentional-preserve-command-code-token	Command, placeholder, code, path, format, endpoint, or protocol token should remain stable.
6338	44317	terminal-command	app/src/terminal/writeable_pty/remote_server_controller.rs	target-and-source-present	Remote server binary install failed: session={session_id:?} error={err}	Remote server binary install failed: session={session_id:?} error={err}	intentional-preserve-command-code-token	Command, placeholder, code, path, format, endpoint, or protocol token should remain stable.
6339	44324	terminal-command	app/src/terminal/writeable_pty/remote_server_controller.rs	target-and-source-present	{user}@{host}	{user}@{host}	intentional-preserve-command-code-token	Command, placeholder, code, path, format, endpoint, or protocol token should remain stable.
6341	44338	terminal-command	app/src/terminal/writeable_pty/remote_server_controller.rs	target-and-source-present	glibc {version}	glibc {version}	intentional-preserve-command-code-token	Command, placeholder, code, path, format, endpoint, or protocol token should remain stable.
6342	44345	terminal-command	app/src/terminal/writeable_pty/remote_server_controller.rs	target-and-source-present	moira@moira.devbox.namespace	moira@moira.devbox.namespace	intentional-preserve-command-code-token	Command, placeholder, code, path, format, endpoint, or protocol token should remain stable.
6343	44352	terminal-command	app/src/terminal/writeable_pty/remote_server_controller.rs	target-and-source-present	moira.devbox.namespace	moira.devbox.namespace	intentional-preserve-command-code-token	Command, placeholder, code, path, format, endpoint, or protocol token should remain stable.
6344	44359	terminal-command	app/src/terminal/writeable_pty/remote_server_controller.rs	target-and-source-present	ssh-testing	ssh-testing	intentional-preserve-command-code-token	Command, placeholder, code, path, format, endpoint, or protocol token should remain stable.
6345	44366	terminal-command	app/src/terminal/writeable_pty/remote_server_controller.rs	target-and-source-present	kevinyang@ssh-testing	kevinyang@ssh-testing	intentional-preserve-command-code-token	Command, placeholder, code, path, format, endpoint, or protocol token should remain stable.
6357	44450	terminal-command	app/src/terminal/universal_developer_input.rs	target-and-source-present	UniversalDeveloperInputButtonBar	UniversalDeveloperInputButtonBar	intentional-preserve-telemetry-feature-id	CamelCase action, telemetry, feature, or enum identifier should not be localized.
6360	44471	terminal-command	app/src/terminal/universal_developer_input.rs	target-and-source-present	* + space	* + space	intentional-preserve-command-code-token	Command, placeholder, code, path, format, endpoint, or protocol token should remain stable.
6361	44478	terminal-command	app/src/terminal/universal_developer_input.rs	target-and-source-present	! + space	! + space	intentional-preserve-command-code-token	Command, placeholder, code, path, format, endpoint, or protocol token should remain stable.
6362	44485	terminal-command	app/src/terminal/universal_developer_input.rs	target-and-source-present	{keybinding} or {AGENT_MODE_TOOLTIP_PREFIX}	{keybinding} or {AGENT_MODE_TOOLTIP_PREFIX}	intentional-preserve-command-code-token	Command, placeholder, code, path, format, endpoint, or protocol token should remain stable.
6363	44492	terminal-command	app/src/terminal/universal_developer_input.rs	target-and-source-present	{keybinding} or {TERMINAL_MODE_TOOLTIP_PREFIX}	{keybinding} or {TERMINAL_MODE_TOOLTIP_PREFIX}	intentional-preserve-command-code-token	Command, placeholder, code, path, format, endpoint, or protocol token should remain stable.
6374	44569	terminal-command	app/src/terminal/model/grid/grid_handler.rs	target-and-source-present	x1b[	x1b[	intentional-preserve-command-code-token	Command, placeholder, code, path, format, endpoint, or protocol token should remain stable.
6375	44576	terminal-command	app/src/terminal/model/grid/grid_handler.rs	target-and-source-present	x1b[0m	x1b[0m	intentional-preserve-command-code-token	Command, placeholder, code, path, format, endpoint, or protocol token should remain stable.
6376	44583	terminal-command	app/src/terminal/model/grid/grid_handler.rs	target-and-source-present	should never be splitting a grid while it is receiving pty output	should never be splitting a grid while it is receiving pty output	intentional-preserve-command-code-token	Command, placeholder, code, path, format, endpoint, or protocol token should remain stable.
6377	44590	terminal-command	app/src/terminal/model/grid/grid_handler.rs	target-and-source-present	{BG_SGR_PARAM};5;{v}	{BG_SGR_PARAM};5;{v}	intentional-preserve-command-code-token	Command, placeholder, code, path, format, endpoint, or protocol token should remain stable.
6378	44597	terminal-command	app/src/terminal/model/grid/grid_handler.rs	target-and-source-present	{BG_SGR_PARAM};2;{r};{g};{b}	{BG_SGR_PARAM};2;{r};{g};{b}	intentional-preserve-command-code-token	Command, placeholder, code, path, format, endpoint, or protocol token should remain stable.
6379	44604	terminal-command	app/src/terminal/model/grid/grid_handler.rs	target-and-source-present	{FG_SGR_PARAM};5;{v}	{FG_SGR_PARAM};5;{v}	intentional-preserve-command-code-token	Command, placeholder, code, path, format, endpoint, or protocol token should remain stable.
6380	44611	terminal-command	app/src/terminal/model/grid/grid_handler.rs	target-and-source-present	{FG_SGR_PARAM};2;{r};{g};{b}	{FG_SGR_PARAM};2;{r};{g};{b}	intentional-preserve-command-code-token	Command, placeholder, code, path, format, endpoint, or protocol token should remain stable.
6381	44618	terminal-command	app/src/terminal/model/grid/grid_handler.rs	target-and-source-present	URL translation to displayed points failed. Displayed range start {displayed_start:?} is greater than displayed range end {displayed_end:?}	URL translation to displayed points failed. Displayed range start {displayed_start:?} is greater than displayed range end {displayed_end:?}	intentional-preserve-command-code-token	Command, placeholder, code, path, format, endpoint, or protocol token should remain stable.
6382	44625	terminal-command	app/src/terminal/model/grid/grid_handler.rs	target-and-source-present	{CSI_START}{color_sequence};{style_sequence}m{cell_content}{SGR_RESET_ATTRIBUTES}	{CSI_START}{color_sequence};{style_sequence}m{cell_content}{SGR_RESET_ATTRIBUTES}	intentional-preserve-command-code-token	Command, placeholder, code, path, format, endpoint, or protocol token should remain stable.
6383	44632	terminal-command	app/src/terminal/model/grid/grid_handler.rs	target-and-source-present	{CSI_START}{color_sequence}{style_sequence}m{cell_content}{SGR_RESET_ATTRIBUTES}	{CSI_START}{color_sequence}{style_sequence}m{cell_content}{SGR_RESET_ATTRIBUTES}	intentional-preserve-command-code-token	Command, placeholder, code, path, format, endpoint, or protocol token should remain stable.
6384	44639	terminal-command	app/src/terminal/model/grid/grid_handler.rs	target-and-source-present	{left}{right}	{left}{right}	intentional-preserve-command-code-token	Command, placeholder, code, path, format, endpoint, or protocol token should remain stable.
6385	44646	terminal-command	app/src/terminal/model/grid/grid_handler.rs	target-and-source-present	File path range translation to displayed points failed. Displayed range start {displayed_starting_point:?} is greater than displayed range end {displayed_ending_point:?}	File path range translation to displayed points failed. Displayed range start {displayed_starting_point:?} is greater than displayed range end {displayed_ending_point:?}	intentional-preserve-command-code-token	Command, placeholder, code, path, format, endpoint, or protocol token should remain stable.
6386	44653	terminal-command	app/src/terminal/model/grid/grid_handler.rs	target-and-source-present	cursor should not move backwards in move_cursor_forward callback	cursor should not move backwards in move_cursor_forward callback	intentional-preserve-command-code-token	Command, placeholder, code, path, format, endpoint, or protocol token should remain stable.
6387	44660	terminal-command	app/src/terminal/model/grid/grid_handler.rs	target-and-source-present	should not have any rows in grid storage scrollback	should not have any rows in grid storage scrollback	intentional-preserve-command-code-token	Command, placeholder, code, path, format, endpoint, or protocol token should remain stable.
6388	44667	terminal-command	app/src/terminal/model/grid/grid_handler.rs	target-and-source-present	should have a full visible region if we had rows in flat storage	should have a full visible region if we had rows in flat storage	intentional-preserve-command-code-token	Command, placeholder, code, path, format, endpoint, or protocol token should remain stable.
6389	44674	terminal-command	app/src/terminal/model/grid/grid_handler.rs	target-and-source-present	grid storage scrollback should contain the rows pulled from flat storage	grid storage scrollback should contain the rows pulled from flat storage	intentional-preserve-command-code-token	Command, placeholder, code, path, format, endpoint, or protocol token should remain stable.
6394	44709	terminal-command	app/src/terminal/ssh/install_tmux.rs	target-and-source-present	SshInstallTmuxBlock	SshInstallTmuxBlock	intentional-preserve-telemetry-feature-id	CamelCase action, telemetry, feature, or enum identifier should not be localized.
6396	44723	terminal-command	app/src/terminal/ssh/install_tmux.rs	target-and-source-present	Linux	Linux	intentional-preserve-command-code-token	Command, placeholder, code, path, format, endpoint, or protocol token should remain stable.
6397	44730	terminal-command	app/src/terminal/ssh/install_tmux.rs	target-and-source-present	Darwin	Darwin	intentional-preserve-command-code-token	Command, placeholder, code, path, format, endpoint, or protocol token should remain stable.
6401	44758	terminal-command	app/src/terminal/view/block_onboarding/onboarding_agentic_suggestions_block.rs	target-and-source-present	First check if {matrix_save_directory} exists, and create this path if it doesn't already exist. Then create a matrix theme for my Warp terminal without a background image field, following exact YAML structure on the warp website without any extra or missing fields. Call it matrix.yaml and save it in the directory we previously created. Once you've verified that the theme is correct and ready to be applied, let me know by only saying 'The matrix theme is now available at <path>.'.	First check if {matrix_save_directory} exists, and create this path if it doesn't already exist. Then create a matrix theme for my Warp terminal without a background image field, following exact YAML structure on the warp website without any extra or missing fields. Call it matrix.yaml and save it in the directory we previously created. Once you've verified that the theme is correct and ready to be applied, let me know by only saying 'The matrix theme is now available at <path>.'.	intentional-preserve-command-code-token	Command, placeholder, code, path, format, endpoint, or protocol token should remain stable.
6402	44765	terminal-command	app/src/terminal/view/block_onboarding/onboarding_agentic_suggestions_block.rs	target-and-source-present	set-location	set-location	intentional-preserve-command-code-token	Command, placeholder, code, path, format, endpoint, or protocol token should remain stable.
6403	44772	terminal-command	app/src/terminal/view/block_onboarding/onboarding_agentic_suggestions_block.rs	target-and-source-present	$HOME	$HOME	intentional-preserve-command-code-token	Command, placeholder, code, path, format, endpoint, or protocol token should remain stable.
6404	44779	terminal-command	app/src/terminal/view/block_onboarding/onboarding_agentic_suggestions_block.rs	target-and-source-present	git clone	git clone	intentional-preserve-command-code-token	Command, placeholder, code, path, format, endpoint, or protocol token should remain stable.
6405	44786	terminal-command	app/src/terminal/view/block_onboarding/onboarding_agentic_suggestions_block.rs	target-and-source-present	.git	.git	intentional-preserve-command-code-token	Command, placeholder, code, path, format, endpoint, or protocol token should remain stable.
6406	44793	terminal-command	app/src/terminal/view/block_onboarding/onboarding_agentic_suggestions_block.rs	target-and-source-present	gh repo clone	gh repo clone	intentional-preserve-command-code-token	Command, placeholder, code, path, format, endpoint, or protocol token should remain stable.
6407	44800	terminal-command	app/src/terminal/view/block_onboarding/onboarding_agentic_suggestions_block.rs	target-and-source-present	cd ..	cd ..	intentional-preserve-command-code-token	Command, placeholder, code, path, format, endpoint, or protocol token should remain stable.
6408	44807	terminal-command	app/src/terminal/view/block_onboarding/onboarding_agentic_suggestions_block.rs	target-and-source-present	cd .	cd .	intentional-preserve-command-code-token	Command, placeholder, code, path, format, endpoint, or protocol token should remain stable.
6409	44814	terminal-command	app/src/terminal/view/block_onboarding/onboarding_agentic_suggestions_block.rs	target-and-source-present	set-location ..	set-location ..	intentional-preserve-command-code-token	Command, placeholder, code, path, format, endpoint, or protocol token should remain stable.
6410	44821	terminal-command	app/src/terminal/view/block_onboarding/onboarding_agentic_suggestions_block.rs	target-and-source-present	set-location .	set-location .	intentional-preserve-command-code-token	Command, placeholder, code, path, format, endpoint, or protocol token should remain stable.
6411	44828	terminal-command	app/src/terminal/view/block_onboarding/onboarding_agentic_suggestions_block.rs	target-and-source-present	OnboardingAgenticSuggestionsBlock	OnboardingAgenticSuggestionsBlock	intentional-preserve-telemetry-feature-id	CamelCase action, telemetry, feature, or enum identifier should not be localized.
6412	44835	terminal-command	app/src/terminal/view/block_onboarding/onboarding_agentic_suggestions_block.rs	target-and-source-present	Failed to handle suggestion selected action because we can't start a new AM block	Failed to handle suggestion selected action because we can't start a new AM block	intentional-preserve-command-code-token	Command, placeholder, code, path, format, endpoint, or protocol token should remain stable.
6413	44842	terminal-command	app/src/terminal/input/terminal_message_bar.rs	target-and-source-present	TerminalInputMessageBar	TerminalInputMessageBar	intentional-preserve-telemetry-feature-id	CamelCase action, telemetry, feature, or enum identifier should not be localized.
6416	44863	terminal-command	app/src/terminal/local_tty/terminal_manager.rs	target-and-source-present	Creating terminal model with {} restored blocks	Creating terminal model with {} restored blocks	intentional-preserve-command-code-token	Command, placeholder, code, path, format, endpoint, or protocol token should remain stable.
6417	44870	terminal-command	app/src/terminal/local_tty/terminal_manager.rs	target-and-source-present	Shell	Shell	intentional-preserve-command-code-token	Command, placeholder, code, path, format, endpoint, or protocol token should remain stable.
6418	44877	terminal-command	app/src/terminal/local_tty/terminal_manager.rs	missing-in-current-source	Session sharing was requested, but CreatingSharedSessions is disabled; skipping shared-session startup	Session sharing was requested, but CreatingSharedSessions is disabled; skipping shared-session startup	needs-owner-review-source-state	Current-source string did not match audit source exactly; treat as escaped/newline or source drift queue before editing.
6419	44884	terminal-command	app/src/terminal/local_tty/terminal_manager.rs	target-and-source-present	trigger=terminal_view_start_sharing	trigger=terminal_view_start_sharing	intentional-preserve-command-code-token	Command, placeholder, code, path, format, endpoint, or protocol token should remain stable.
6420	44891	terminal-command	app/src/terminal/local_tty/terminal_manager.rs	target-and-source-present	Failed to serialize prompt snapshot to send active prompt update to shared session server	Failed to serialize prompt snapshot to send active prompt update to shared session server	intentional-preserve-command-code-token	Command, placeholder, code, path, format, endpoint, or protocol token should remain stable.
6421	44898	terminal-command	app/src/terminal/local_tty/terminal_manager.rs	target-and-source-present	outcome=active_sharer	outcome=active_sharer	intentional-preserve-command-code-token	Command, placeholder, code, path, format, endpoint, or protocol token should remain stable.
6423	44912	terminal-command	app/src/terminal/local_tty/terminal_manager.rs	target-and-source-present	Failed to get viewer's role during agent prompt request for participant_id={participant_id} (not sharer)	Failed to get viewer's role during agent prompt request for participant_id={participant_id} (not sharer)	intentional-preserve-command-code-token	Command, placeholder, code, path, format, endpoint, or protocol token should remain stable.
6425	44926	terminal-command	app/src/terminal/local_tty/terminal_manager.rs	missing-in-current-source	[sharer] UniversalDeveloperInputContextUpdated: applying LRC interaction_state={interaction_state:?}	[sharer] UniversalDeveloperInputContextUpdated: applying LRC interaction_state={interaction_state:?}	needs-owner-review-source-state	Current-source string did not match audit source exactly; treat as escaped/newline or source drift queue before editing.
6426	44933	terminal-command	app/src/terminal/local_tty/terminal_manager.rs	target-and-source-present	Shared session local lifecycle: event={event} session_id={session_id:?} source_type={source_type} source_task_id={source_task_id:?} {details}	Shared session local lifecycle: event={event} session_id={session_id:?} source_type={source_type} source_task_id={source_task_id:?} {details}	intentional-preserve-command-code-token	Command, placeholder, code, path, format, endpoint, or protocol token should remain stable.
6427	44940	terminal-command	app/src/terminal/local_tty/terminal_manager.rs	target-and-source-present	reason={reason:?}	reason={reason:?}	intentional-preserve-command-code-token	Command, placeholder, code, path, format, endpoint, or protocol token should remain stable.
6428	44947	terminal-command	app/src/terminal/local_tty/terminal_manager.rs	missing-in-current-source	Ignoring request to start sharing current session because CreatingSharedSessions is disabled	Ignoring request to start sharing current session because CreatingSharedSessions is disabled	needs-owner-review-source-state	Current-source string did not match audit source exactly; treat as escaped/newline or source drift queue before editing.
6429	44954	terminal-command	app/src/terminal/local_tty/terminal_manager.rs	target-and-source-present	detach_type={detach_type:?}	detach_type={detach_type:?}	intentional-preserve-command-code-token	Command, placeholder, code, path, format, endpoint, or protocol token should remain stable.
6430	44961	terminal-command	app/src/terminal/model/early_output.rs	target-and-source-present	Matched PTY output as typeahead	Matched PTY output as typeahead	intentional-preserve-command-code-token	Command, placeholder, code, path, format, endpoint, or protocol token should remain stable.
6431	44968	terminal-command	app/src/terminal/model/early_output.rs	target-and-source-present	Matched {ch:?} as typeahead	Matched {ch:?} as typeahead	intentional-preserve-command-code-token	Command, placeholder, code, path, format, endpoint, or protocol token should remain stable.
6432	44975	terminal-command	app/src/terminal/model/early_output.rs	target-and-source-present	Sending input-matched typeahead event for {:?}	Sending input-matched typeahead event for {:?}	intentional-preserve-command-code-token	Command, placeholder, code, path, format, endpoint, or protocol token should remain stable.
6433	44982	terminal-command	app/src/terminal/model/early_output.rs	target-and-source-present	Clearing accumulated typeahead	Clearing accumulated typeahead	intentional-preserve-command-code-token	Command, placeholder, code, path, format, endpoint, or protocol token should remain stable.
6434	44989	terminal-command	app/src/terminal/model/early_output.rs	target-and-source-present	Clearing accumulated typeahead: {:?}	Clearing accumulated typeahead: {:?}	intentional-preserve-command-code-token	Command, placeholder, code, path, format, endpoint, or protocol token should remain stable.
6435	44996	terminal-command	app/src/terminal/model/early_output.rs	target-and-source-present	Started background blocks should be in the block list	Started background blocks should be in the block list	intentional-preserve-command-code-token	Command, placeholder, code, path, format, endpoint, or protocol token should remain stable.
6436	45003	terminal-command	app/src/terminal/model/early_output.rs	target-and-source-present	Sending shell-reported typeahead event for {:?}	Sending shell-reported typeahead event for {:?}	intentional-preserve-command-code-token	Command, placeholder, code, path, format, endpoint, or protocol token should remain stable.
6437	45010	terminal-command	app/src/terminal/model/early_output.rs	target-and-source-present	Received shell input buffer for typeahead	Received shell input buffer for typeahead	intentional-preserve-command-code-token	Command, placeholder, code, path, format, endpoint, or protocol token should remain stable.
6438	45017	terminal-command	app/src/terminal/model/early_output.rs	target-and-source-present	Received shell input buffer for typeahead: {:?}	Received shell input buffer for typeahead: {:?}	intentional-preserve-command-code-token	Command, placeholder, code, path, format, endpoint, or protocol token should remain stable.
6439	45024	terminal-command	app/src/terminal/model/early_output.rs	target-and-source-present	Initializing command grid from matched typeahead	Initializing command grid from matched typeahead	intentional-preserve-command-code-token	Command, placeholder, code, path, format, endpoint, or protocol token should remain stable.
6440	45031	terminal-command	app/src/terminal/model/early_output.rs	target-and-source-present	Initializing command grid from matched typeahead: {command:?}	Initializing command grid from matched typeahead: {command:?}	intentional-preserve-command-code-token	Command, placeholder, code, path, format, endpoint, or protocol token should remain stable.
6441	45038	terminal-command	app/src/terminal/model/early_output.rs	target-and-source-present	Received prompt_marker in EarlyOutput, but it should be sent to the active block by the blocklist	Received prompt_marker in EarlyOutput, but it should be sent to the active block by the blocklist	intentional-preserve-command-code-token	Command, placeholder, code, path, format, endpoint, or protocol token should remain stable.
6442	45045	terminal-command	app/src/terminal/view/load_ai_conversation.rs	target-and-source-present	AgentHarness flag is disabled; ignoring CLI agent block snapshot	AgentHarness flag is disabled; ignoring CLI agent block snapshot	intentional-preserve-command-code-token	Command, placeholder, code, path, format, endpoint, or protocol token should remain stable.
6443	45052	terminal-command	app/src/terminal/view/load_ai_conversation.rs	missing-in-current-source	"cd ""{path}"""	"cd ""{path}"""	needs-owner-review-source-state	Current-source string did not match audit source exactly; treat as escaped/newline or source drift queue before editing.
6444	45059	terminal-command	app/src/terminal/view/load_ai_conversation.rs	target-and-source-present	Successfully restored {blocks_created} AI blocks for conversation: {conversation_id}	Successfully restored {blocks_created} AI blocks for conversation: {conversation_id}	intentional-preserve-command-code-token	Command, placeholder, code, path, format, endpoint, or protocol token should remain stable.
6445	45066	terminal-command	app/src/terminal/view/load_ai_conversation.rs	target-and-source-present	Restoring {} conversations on view creation: {:?}	Restoring {} conversations on view creation: {:?}	intentional-preserve-command-code-token	Command, placeholder, code, path, format, endpoint, or protocol token should remain stable.
6446	45073	terminal-command	app/src/terminal/view/load_ai_conversation.rs	target-and-source-present	Successfully restored {blocks_created} AI blocks on view creation for conversations: {conversation_ids:?}	Successfully restored {blocks_created} AI blocks on view creation for conversations: {conversation_ids:?}	intentional-preserve-command-code-token	Command, placeholder, code, path, format, endpoint, or protocol token should remain stable.
6447	45080	terminal-command	app/src/terminal/view/load_ai_conversation.rs	target-and-source-present	Cannot restore agent view: conversation {conversation_id} not found	Cannot restore agent view: conversation {conversation_id} not found	intentional-preserve-command-code-token	Command, placeholder, code, path, format, endpoint, or protocol token should remain stable.
6448	45087	terminal-command	app/src/terminal/view/load_ai_conversation.rs	target-and-source-present	?{params}	?{params}	intentional-preserve-command-code-token	Command, placeholder, code, path, format, endpoint, or protocol token should remain stable.
6449	45094	terminal-command	app/src/terminal/view/load_ai_conversation.rs	target-and-source-present	Invalid debug link format. Expected format: http://host/debug/maa/conversation-id	Invalid debug link format. Expected format: http://host/debug/maa/conversation-id	intentional-preserve-command-code-token	Command, placeholder, code, path, format, endpoint, or protocol token should remain stable.
6451	45108	terminal-command	app/src/terminal/view/load_ai_conversation.rs	target-and-source-present	Failed to decode protobuf (size: {} bytes): {}	Failed to decode protobuf (size: {} bytes): {}	intentional-preserve-command-code-token	Command, placeholder, code, path, format, endpoint, or protocol token should remain stable.
6452	45115	terminal-command	app/src/terminal/view/load_ai_conversation.rs	target-and-source-present	Successfully downloaded and parsed conversation data with {} tasks	Successfully downloaded and parsed conversation data with {} tasks	intentional-preserve-command-code-token	Command, placeholder, code, path, format, endpoint, or protocol token should remain stable.
6480	45311	ai-agent	app/src/ai/agent_sdk/driver/harness/claude_transcript.rs	target-and-source-present	.claude	.claude	intentional-preserve-command-code-token	Command, placeholder, code, path, format, endpoint, or protocol token should remain stable.
6481	45318	ai-agent	app/src/ai/agent_sdk/driver/harness/claude_transcript.rs	target-and-source-present	{session_uuid}.jsonl	{session_uuid}.jsonl	intentional-preserve-command-code-token	Command, placeholder, code, path, format, endpoint, or protocol token should remain stable.
6482	45325	ai-agent	app/src/ai/agent_sdk/driver/harness/claude_transcript.rs	target-and-source-present	{session_uuid}-agent-	{session_uuid}-agent-	intentional-preserve-command-code-token	Command, placeholder, code, path, format, endpoint, or protocol token should remain stable.
6483	45332	ai-agent	app/src/ai/agent_sdk/driver/harness/claude_transcript.rs	target-and-source-present	{}.jsonl	{}.jsonl	intentional-preserve-command-code-token	Command, placeholder, code, path, format, endpoint, or protocol token should remain stable.
6484	45339	ai-agent	app/src/ai/agent_sdk/driver/harness/claude_transcript.rs	target-and-source-present	{stem}.jsonl	{stem}.jsonl	intentional-preserve-command-code-token	Command, placeholder, code, path, format, endpoint, or protocol token should remain stable.
6485	45346	ai-agent	app/src/ai/agent_sdk/driver/harness/claude_transcript.rs	target-and-source-present	{stem}.json	{stem}.json	intentional-preserve-command-code-token	Command, placeholder, code, path, format, endpoint, or protocol token should remain stable.
6486	45353	ai-agent	app/src/ai/agent_sdk/driver/harness/claude_transcript.rs	target-and-source-present	sessions-index.json	sessions-index.json	intentional-preserve-command-code-token	Command, placeholder, code, path, format, endpoint, or protocol token should remain stable.
6487	45360	ai-agent	app/src/ai/agent_sdk/driver/harness/claude_transcript.rs	target-and-source-present	sessions-index.json is not a JSON object; overwriting	sessions-index.json is not a JSON object; overwriting	intentional-preserve-command-code-token	Command, placeholder, code, path, format, endpoint, or protocol token should remain stable.
6488	45367	ai-agent	app/src/ai/agent_sdk/driver/harness/claude_transcript.rs	target-and-source-present	sessions-index.json at {} is not a JSON object; overwriting	sessions-index.json at {} is not a JSON object; overwriting	intentional-preserve-command-code-token	Command, placeholder, code, path, format, endpoint, or protocol token should remain stable.
6489	45374	ai-agent	app/src/ai/agent_sdk/driver/harness/claude_transcript.rs	target-and-source-present	Failed to parse sessions-index.json; overwriting	Failed to parse sessions-index.json; overwriting	intentional-preserve-command-code-token	Command, placeholder, code, path, format, endpoint, or protocol token should remain stable.
6490	45381	ai-agent	app/src/ai/agent_sdk/driver/harness/claude_transcript.rs	target-and-source-present	Failed to parse sessions-index.json at {}: {e}; overwriting	Failed to parse sessions-index.json at {}: {e}; overwriting	intentional-preserve-command-code-token	Command, placeholder, code, path, format, endpoint, or protocol token should remain stable.
6491	45388	ai-agent	app/src/ai/agent_sdk/driver/harness/claude_transcript.rs	target-and-source-present	projectPath	projectPath	intentional-preserve-telemetry-feature-id	CamelCase action, telemetry, feature, or enum identifier should not be localized.
6492	45395	ai-agent	app/src/ai/agent_sdk/driver/harness/claude_transcript.rs	target-and-source-present	transcriptPath	transcriptPath	intentional-preserve-telemetry-feature-id	CamelCase action, telemetry, feature, or enum identifier should not be localized.
6493	45402	ai-agent	app/src/ai/agent_sdk/driver/harness/claude_transcript.rs	target-and-source-present	Skipping malformed JSONL entry	Skipping malformed JSONL entry	intentional-preserve-command-code-token	Command, placeholder, code, path, format, endpoint, or protocol token should remain stable.
6494	45409	ai-agent	app/src/ai/agent_sdk/driver/harness/claude_transcript.rs	target-and-source-present	Skipping malformed JSONL entry in {}: {e}	Skipping malformed JSONL entry in {}: {e}	intentional-preserve-command-code-token	Command, placeholder, code, path, format, endpoint, or protocol token should remain stable.
6509	45514	ai-agent	app/src/ai/blocklist/orchestration_event_streamer.rs	target-and-source-present	Failed to persist event cursor to server for {conversation_id:?}: {err:#}	Failed to persist event cursor to server for {conversation_id:?}: {err:#}	intentional-preserve-command-code-token	Command, placeholder, code, path, format, endpoint, or protocol token should remain stable.
6510	45521	ai-agent	app/src/ai/blocklist/orchestration_event_streamer.rs	target-and-source-present	Marking orchestration run as killed: conversation_id={conversation_id:?} run_id={run_id}	Marking orchestration run as killed: conversation_id={conversation_id:?} run_id={run_id}	intentional-preserve-command-code-token	Command, placeholder, code, path, format, endpoint, or protocol token should remain stable.
6511	45528	ai-agent	app/src/ai/blocklist/orchestration_event_streamer.rs	missing-in-current-source	register_consumer for {conversation_id:?}: {consumer_id:?} (total={})	register_consumer for {conversation_id:?}: {consumer_id:?} (total={})	needs-owner-review-source-state	Current-source string did not match audit source exactly; treat as escaped/newline or source drift queue before editing.
6512	45535	ai-agent	app/src/ai/blocklist/orchestration_event_streamer.rs	missing-in-current-source	unregister_consumer for {conversation_id:?}: {consumer_id:?} (remaining={remaining})	unregister_consumer for {conversation_id:?}: {consumer_id:?} (remaining={remaining})	needs-owner-review-source-state	Current-source string did not match audit source exactly; treat as escaped/newline or source drift queue before editing.
6513	45542	ai-agent	app/src/ai/blocklist/orchestration_event_streamer.rs	target-and-source-present	Failed to fetch task harness for {conversation_id:?} task_id={task_id}: {err:#}	Failed to fetch task harness for {conversation_id:?} task_id={task_id}: {err:#}	intentional-preserve-command-code-token	Command, placeholder, code, path, format, endpoint, or protocol token should remain stable.
6514	45549	ai-agent	app/src/ai/blocklist/orchestration_event_streamer.rs	target-and-source-present	Skipping generic SSE delivery for dormant local Claude child {conversation_id:?}; parent bridge will deliver wake events	Skipping generic SSE delivery for dormant local Claude child {conversation_id:?}; parent bridge will deliver wake events	intentional-preserve-command-code-token	Command, placeholder, code, path, format, endpoint, or protocol token should remain stable.
6515	45556	ai-agent	app/src/ai/blocklist/orchestration_event_streamer.rs	missing-in-current-source	Opening dormant Claude wake listener for {conversation_id:?} (gen={generation}, run_id={run_id:?}, since={local_cursor})	Opening dormant Claude wake listener for {conversation_id:?} (gen={generation}, run_id={run_id:?}, since={local_cursor})	needs-owner-review-source-state	Current-source string did not match audit source exactly; treat as escaped/newline or source drift queue before editing.
6516	45563	ai-agent	app/src/ai/blocklist/orchestration_event_streamer.rs	missing-in-current-source	Dormant Claude wake listener observed wake message for {conversation_id:?} at sequence {} message_id={}	Dormant Claude wake listener observed wake message for {conversation_id:?} at sequence {} message_id={}	needs-owner-review-source-state	Current-source string did not match audit source exactly; treat as escaped/newline or source drift queue before editing.
6517	45570	ai-agent	app/src/ai/blocklist/orchestration_event_streamer.rs	missing-in-current-source	Dormant Claude wake listener stopped for {conversation_id:?} without observing an event	Dormant Claude wake listener stopped for {conversation_id:?} without observing an event	needs-owner-review-source-state	Current-source string did not match audit source exactly; treat as escaped/newline or source drift queue before editing.
6518	45577	ai-agent	app/src/ai/blocklist/orchestration_event_streamer.rs	missing-in-current-source	Dormant Claude wake listener failed for {conversation_id:?} (gen={generation}): {err:#}	Dormant Claude wake listener failed for {conversation_id:?} (gen={generation}): {err:#}	needs-owner-review-source-state	Current-source string did not match audit source exactly; treat as escaped/newline or source drift queue before editing.
6519	45584	ai-agent	app/src/ai/blocklist/orchestration_event_streamer.rs	missing-in-current-source	Tearing down dormant Claude wake listener for {conversation_id:?} (gen={})	Tearing down dormant Claude wake listener for {conversation_id:?} (gen={})	needs-owner-review-source-state	Current-source string did not match audit source exactly; treat as escaped/newline or source drift queue before editing.
6520	45591	ai-agent	app/src/ai/blocklist/orchestration_event_streamer.rs	missing-in-current-source	Opening SSE stream for {conversation_id:?} (gen={generation}, run_ids={run_ids:?}, since={cursor})	Opening SSE stream for {conversation_id:?} (gen={generation}, run_ids={run_ids:?}, since={cursor})	needs-owner-review-source-state	Current-source string did not match audit source exactly; treat as escaped/newline or source drift queue before editing.
6521	45598	ai-agent	app/src/ai/blocklist/orchestration_event_streamer.rs	target-and-source-present	SSE driver exited for {conversation_id:?} (gen={generation}): {err:#}	SSE driver exited for {conversation_id:?} (gen={generation}): {err:#}	intentional-preserve-command-code-token	Command, placeholder, code, path, format, endpoint, or protocol token should remain stable.
6522	45605	ai-agent	app/src/ai/blocklist/orchestration_event_streamer.rs	target-and-source-present	Dropped {dropped_event_count} orchestration events for killed run IDs while handling {conversation_id:?}	Dropped {dropped_event_count} orchestration events for killed run IDs while handling {conversation_id:?}	intentional-preserve-command-code-token	Command, placeholder, code, path, format, endpoint, or protocol token should remain stable.
6523	45612	ai-agent	app/src/ai/blocklist/orchestration_event_streamer.rs	missing-in-current-source	Failed to read server cursor for dormant Claude wake listener run {run_id}: {err:#}; using local cursor {local_cursor}	Failed to read server cursor for dormant Claude wake listener run {run_id}: {err:#}; using local cursor {local_cursor}	needs-owner-review-source-state	Current-source string did not match audit source exactly; treat as escaped/newline or source drift queue before editing.
6524	45619	ai-agent	app/src/ai/skills/resolve_skill_spec.rs	target-and-source-present	SKILL.md	SKILL.md	intentional-preserve-command-code-token	Command, placeholder, code, path, format, endpoint, or protocol token should remain stable.
6531	45668	ai-agent	app/src/ai/skills/resolve_skill_spec.rs	target-and-source-present	.git	.git	intentional-preserve-command-code-token	Command, placeholder, code, path, format, endpoint, or protocol token should remain stable.
6534	45689	ai-agent	app/src/ai/skills/resolve_skill_spec.rs	target-and-source-present	[GIT OPERATION] resolve_skill_spec.rs clone_repo_for_skill git clone {} {}	[GIT OPERATION] resolve_skill_spec.rs clone_repo_for_skill git clone {} {}	intentional-preserve-command-code-token	Command, placeholder, code, path, format, endpoint, or protocol token should remain stable.
6536	45703	ai-agent	app/src/ai/skills/resolve_skill_spec.rs	target-and-source-present	[GIT OPERATION] resolve_skill_spec.rs get_git_remote_org git remote get-url origin	[GIT OPERATION] resolve_skill_spec.rs get_git_remote_org git remote get-url origin	intentional-preserve-command-code-token	Command, placeholder, code, path, format, endpoint, or protocol token should remain stable.
6537	45710	ai-agent	app/src/ai/skills/resolve_skill_spec.rs	target-and-source-present	get-url	get-url	intentional-preserve-command-code-token	Command, placeholder, code, path, format, endpoint, or protocol token should remain stable.
6538	45717	ai-agent	app/src/ai/skills/resolve_skill_spec.rs	target-and-source-present	git@	git@	intentional-preserve-command-code-token	Command, placeholder, code, path, format, endpoint, or protocol token should remain stable.
6542	45745	ai-agent	app/src/ai/auth_secret_types.rs	target-and-source-present	sk-...	sk-...	intentional-preserve-command-code-token	Command, placeholder, code, path, format, endpoint, or protocol token should remain stable.
6544	45759	ai-agent	app/src/ai/auth_secret_types.rs	target-and-source-present	sk-ant-...	sk-ant-...	intentional-preserve-command-code-token	Command, placeholder, code, path, format, endpoint, or protocol token should remain stable.
6547	45780	ai-agent	app/src/ai/auth_secret_types.rs	target-and-source-present	us-east-1	us-east-1	intentional-preserve-command-code-token	Command, placeholder, code, path, format, endpoint, or protocol token should remain stable.
6552	45815	ai-agent	app/src/ai/blocklist/action_model/execute/grep.rs	missing-in-current-source	{NON_ZERO_EXIT_CODE_ERROR}, output:n{output}	{NON_ZERO_EXIT_CODE_ERROR}, output:n{output}	needs-owner-review-source-state	Current-source string did not match audit source exactly; treat as escaped/newline or source drift queue before editing.
6554	45829	ai-agent	app/src/ai/blocklist/action_model/execute/grep.rs	target-and-source-present	git --no-pager grep --color=never --untracked -nIE	git --no-pager grep --color=never --untracked -nIE	intentional-preserve-command-code-token	Command, placeholder, code, path, format, endpoint, or protocol token should remain stable.
6555	45836	ai-agent	app/src/ai/blocklist/action_model/execute/grep.rs	target-and-source-present	 -e {escaped_query}	 -e {escaped_query}	intentional-preserve-command-code-token	Command, placeholder, code, path, format, endpoint, or protocol token should remain stable.
6556	45843	ai-agent	app/src/ai/blocklist/action_model/execute/grep.rs	missing-in-current-source	" ""{target_path}"""	" ""{target_path}"""	needs-owner-review-source-state	Current-source string did not match audit source exactly; treat as escaped/newline or source drift queue before editing.
6557	45850	ai-agent	app/src/ai/blocklist/action_model/execute/grep.rs	target-and-source-present	grep --color=never -nrIHE --devices=skip	grep --color=never -nrIHE --devices=skip	intentional-preserve-command-code-token	Command, placeholder, code, path, format, endpoint, or protocol token should remain stable.
6558	45857	ai-agent	app/src/ai/blocklist/action_model/execute/grep.rs	missing-in-current-source	" -e ""{}"""	" -e ""{}"""	needs-owner-review-source-state	Current-source string did not match audit source exactly; treat as escaped/newline or source drift queue before editing.
6559	45864	ai-agent	app/src/ai/blocklist/action_model/execute/grep.rs	missing-in-current-source	"Get-ChildItem -Path ""{}"" -Recurse -File | Select-String -NoEmphasis -CaseSensitive -Pattern {}"	"Get-ChildItem -Path ""{}"" -Recurse -File | Select-String -NoEmphasis -CaseSensitive -Pattern {}"	needs-owner-review-source-state	Current-source string did not match audit source exactly; treat as escaped/newline or source drift queue before editing.
6569	45934	ai-agent	app/src/ai/blocklist/orchestration_events.rs	target-and-source-present	Failed to send child-agent message: source_conversation_id={source_conversation_id:?} target_agent_ids={target_agent_ids:?} subject={subject:?} error={error}	Failed to send child-agent message: source_conversation_id={source_conversation_id:?} target_agent_ids={target_agent_ids:?} subject={subject:?} error={error}	intentional-preserve-command-code-token	Command, placeholder, code, path, format, endpoint, or protocol token should remain stable.
6570	45941	ai-agent	app/src/ai/blocklist/orchestration_events.rs	target-and-source-present	Dropped {} coalescable lifecycle events due to queue cap for target conversation {target_conversation_id:?}	Dropped {} coalescable lifecycle events due to queue cap for target conversation {target_conversation_id:?}	intentional-preserve-command-code-token	Command, placeholder, code, path, format, endpoint, or protocol token should remain stable.
6571	45948	ai-agent	app/src/ai/blocklist/orchestration_events.rs	target-and-source-present	Dropping {} orchestration events after exhausting retries	Dropping {} orchestration events after exhausting retries	intentional-preserve-command-code-token	Command, placeholder, code, path, format, endpoint, or protocol token should remain stable.
6573	45962	ai-agent	app/src/ai/agent_sdk/driver/harness/claude_code/wake_driver.rs	target-and-source-present	wake-turn-prompt.txt	wake-turn-prompt.txt	intentional-preserve-command-code-token	Command, placeholder, code, path, format, endpoint, or protocol token should remain stable.
6574	45969	ai-agent	app/src/ai/agent_sdk/driver/harness/claude_code/wake_driver.rs	target-and-source-present	Evaluating dormant Claude wake: task_id={task_id} server_task_state={:?} harness={harness:?}	Evaluating dormant Claude wake: task_id={task_id} server_task_state={:?} harness={harness:?}	intentional-preserve-command-code-token	Command, placeholder, code, path, format, endpoint, or protocol token should remain stable.
6575	45976	ai-agent	app/src/ai/agent_sdk/driver/harness/claude_code/wake_driver.rs	target-and-source-present	Skipping dormant Claude wake: task_id={task_id} server_task_state={:?} harness={harness:?}	Skipping dormant Claude wake: task_id={task_id} server_task_state={:?} harness={harness:?}	intentional-preserve-command-code-token	Command, placeholder, code, path, format, endpoint, or protocol token should remain stable.
6576	45983	ai-agent	app/src/ai/agent_sdk/driver/harness/claude_code/wake_driver.rs	target-and-source-present	Failed to reopen dormant Claude task {task_id} before wake: {err:#}	Failed to reopen dormant Claude task {task_id} before wake: {err:#}	intentional-preserve-command-code-token	Command, placeholder, code, path, format, endpoint, or protocol token should remain stable.
6577	45990	ai-agent	app/src/ai/agent_sdk/driver/harness/claude_code/wake_driver.rs	target-and-source-present	Skipping dormant Claude wake candidate: conversation_id={conversation_id:?} reason=not_success status={:?}	Skipping dormant Claude wake candidate: conversation_id={conversation_id:?} reason=not_success status={:?}	intentional-preserve-command-code-token	Command, placeholder, code, path, format, endpoint, or protocol token should remain stable.
6578	45997	ai-agent	app/src/ai/agent_sdk/driver/harness/claude_code/wake_driver.rs	target-and-source-present	Skipping dormant Claude wake candidate: conversation_id={conversation_id:?} reason=not_local_child is_child_agent_conversation={} is_remote_child={}	Skipping dormant Claude wake candidate: conversation_id={conversation_id:?} reason=not_local_child is_child_agent_conversation={} is_remote_child={}	intentional-preserve-command-code-token	Command, placeholder, code, path, format, endpoint, or protocol token should remain stable.
6579	46004	ai-agent	app/src/ai/agent_sdk/driver/harness/claude_code/wake_driver.rs	target-and-source-present	Skipping dormant Claude wake candidate: conversation_id={conversation_id:?} reason=missing_task_id	Skipping dormant Claude wake candidate: conversation_id={conversation_id:?} reason=missing_task_id	intentional-preserve-command-code-token	Command, placeholder, code, path, format, endpoint, or protocol token should remain stable.
6580	46011	ai-agent	app/src/ai/agent_sdk/driver/harness/claude_code/wake_driver.rs	target-and-source-present	Failed to deserialize Claude transcript for wake task {task_id}	Failed to deserialize Claude transcript for wake task {task_id}	intentional-preserve-command-code-token	Command, placeholder, code, path, format, endpoint, or protocol token should remain stable.
6581	46018	ai-agent	app/src/ai/agent_sdk/driver/harness/claude_code/wake_driver.rs	target-and-source-present	"{resumption_prompt}

{CLAUDE_WAKE_PROMPT}"	"{resumption_prompt}

{CLAUDE_WAKE_PROMPT}"	intentional-preserve-command-code-token	Command, placeholder, code, path, format, endpoint, or protocol token should remain stable.
6582	46025	ai-agent	app/src/ai/agent_sdk/driver/harness/claude_code/wake_driver.rs	target-and-source-present	{key}={}	{key}={}	intentional-preserve-command-code-token	Command, placeholder, code, path, format, endpoint, or protocol token should remain stable.
6583	46032	ai-agent	app/src/ai/agent_sdk/driver/harness/claude_code/wake_driver.rs	target-and-source-present	env {assignments} {command}	env {assignments} {command}	intentional-preserve-command-code-token	Command, placeholder, code, path, format, endpoint, or protocol token should remain stable.
6602	46165	ai-agent	app/src/ai/blocklist/block/status_bar.rs	target-and-source-present	BlocklistAIStatusBar	BlocklistAIStatusBar	intentional-preserve-telemetry-feature-id	CamelCase action, telemetry, feature, or enum identifier should not be localized.
6606	46193	ai-agent	app/src/ai/blocklist/history_model/conversation_loader.rs	target-and-source-present	Loading full conversation data for {conversation_id} from server using token {}	Loading full conversation data for {conversation_id} from server using token {}	intentional-preserve-command-code-token	Command, placeholder, code, path, format, endpoint, or protocol token should remain stable.
6607	46200	ai-agent	app/src/ai/blocklist/history_model/conversation_loader.rs	target-and-source-present	Failed to convert Oz server conversation data for {conversation_id}	Failed to convert Oz server conversation data for {conversation_id}	intentional-preserve-command-code-token	Command, placeholder, code, path, format, endpoint, or protocol token should remain stable.
6608	46207	ai-agent	app/src/ai/blocklist/history_model/conversation_loader.rs	target-and-source-present	Ignoring non-Oz conversation {conversation_id}: AgentHarness flag is disabled	Ignoring non-Oz conversation {conversation_id}: AgentHarness flag is disabled	intentional-preserve-command-code-token	Command, placeholder, code, path, format, endpoint, or protocol token should remain stable.
6609	46214	ai-agent	app/src/ai/blocklist/history_model/conversation_loader.rs	target-and-source-present	Failed to fetch block snapshot for {conversation_id}: {e:#}	Failed to fetch block snapshot for {conversation_id}: {e:#}	intentional-preserve-command-code-token	Command, placeholder, code, path, format, endpoint, or protocol token should remain stable.
6610	46221	ai-agent	app/src/ai/blocklist/history_model/conversation_loader.rs	target-and-source-present	Ignoring conversation {conversation_id}: server reported an unknown harness; this client may be out of date	Ignoring conversation {conversation_id}: server reported an unknown harness; this client may be out of date	intentional-preserve-command-code-token	Command, placeholder, code, path, format, endpoint, or protocol token should remain stable.
6611	46228	ai-agent	app/src/ai/blocklist/history_model/conversation_loader.rs	target-and-source-present	Cannot load conversation {conversation_id}: no local data and no server token	Cannot load conversation {conversation_id}: no local data and no server token	intentional-preserve-command-code-token	Command, placeholder, code, path, format, endpoint, or protocol token should remain stable.
6612	46235	ai-agent	app/src/ai/blocklist/history_model/conversation_loader.rs	target-and-source-present	No local metadata for server token {}, falling back to server fetch	No local metadata for server token {}, falling back to server fetch	intentional-preserve-command-code-token	Command, placeholder, code, path, format, endpoint, or protocol token should remain stable.
6613	46242	ai-agent	app/src/ai/blocklist/history_model/conversation_loader.rs	target-and-source-present	Updated server metadata for restored conversation {canonical_conversation_id} with token {server_token_str}	Updated server metadata for restored conversation {canonical_conversation_id} with token {server_token_str}	intentional-preserve-command-code-token	Command, placeholder, code, path, format, endpoint, or protocol token should remain stable.
6614	46249	ai-agent	app/src/ai/blocklist/history_model/conversation_loader.rs	target-and-source-present	Matched local conversation {canonical_conversation_id} with server token {server_token_str}	Matched local conversation {canonical_conversation_id} with server token {server_token_str}	intentional-preserve-command-code-token	Command, placeholder, code, path, format, endpoint, or protocol token should remain stable.
6615	46256	ai-agent	app/src/ai/blocklist/history_model/conversation_loader.rs	target-and-source-present	Added new cloud-only conversation with local ID {canonical_conversation_id} and server token {server_token_str}	Added new cloud-only conversation with local ID {canonical_conversation_id} and server token {server_token_str}	intentional-preserve-command-code-token	Command, placeholder, code, path, format, endpoint, or protocol token should remain stable.
6616	46263	ai-agent	app/src/ai/blocklist/history_model/conversation_loader.rs	target-and-source-present	Merged cloud conversations: {} local, {} found matched cloud metadata, {} new cloud-only added, {} restored conversations updated. Total: {}	Merged cloud conversations: {} local, {} found matched cloud metadata, {} new cloud-only added, {} restored conversations updated. Total: {}	intentional-preserve-command-code-token	Command, placeholder, code, path, format, endpoint, or protocol token should remain stable.
6617	46270	ai-agent	app/src/ai/blocklist/history_model/conversation_loader.rs	target-and-source-present	Failed to record conversation with ID {conversation_id} because it was missing an initial query	Failed to record conversation with ID {conversation_id} because it was missing an initial query	intentional-preserve-command-code-token	Command, placeholder, code, path, format, endpoint, or protocol token should remain stable.
6618	46277	ai-agent	app/src/ai/conversation_details_panel.rs	target-and-source-present	Agent	Agent	intentional-preserve-command-code-token	Command, placeholder, code, path, format, endpoint, or protocol token should remain stable.
6620	46291	ai-agent	app/src/ai/conversation_details_panel.rs	target-and-source-present	({cmd})	({cmd})	intentional-preserve-command-code-token	Command, placeholder, code, path, format, endpoint, or protocol token should remain stable.
6621	46298	ai-agent	app/src/ai/conversation_details_panel.rs	missing-in-current-source	 && n	 && n	needs-owner-review-source-state	Current-source string did not match audit source exactly; treat as escaped/newline or source drift queue before editing.
6622	46305	ai-agent	app/src/ai/conversation_details_panel.rs	target-and-source-present	{}. {cmd}	{}. {cmd}	intentional-preserve-command-code-token	Command, placeholder, code, path, format, endpoint, or protocol token should remain stable.
6623	46312	ai-agent	app/src/ai/conversation_details_panel.rs	target-and-source-present	{label}: {value}	{label}: {value}	intentional-preserve-command-code-token	Command, placeholder, code, path, format, endpoint, or protocol token should remain stable.
6626	46333	ai-agent	app/src/ai/conversation_details_panel.rs	target-and-source-present	%I:%M %p on %-m/%-d/%Y	%I:%M %p on %-m/%-d/%Y	intentional-preserve-command-code-token	Command, placeholder, code, path, format, endpoint, or protocol token should remain stable.
6628	46347	ai-agent	app/src/ai/agent_sdk/agent_config.rs	target-and-source-present	.git	.git	intentional-preserve-command-code-token	Command, placeholder, code, path, format, endpoint, or protocol token should remain stable.
6639	46424	ai-agent	app/src/ai/agent_sdk/agent_management.rs	target-and-source-present	--sort-by and --sort-order are not supported with JSON output	--sort-by and --sort-order are not supported with JSON output	intentional-preserve-command-code-token	Command, placeholder, code, path, format, endpoint, or protocol token should remain stable.
6644	46459	ai-agent	app/src/ai/agent_sdk/agent_management.rs	target-and-source-present	Skills	Skills	intentional-preserve-command-code-token	Command, placeholder, code, path, format, endpoint, or protocol token should remain stable.
6647	46480	ai-agent	app/src/ai/agent_sdk/agent_management.rs	target-and-source-present	handled by outer match	handled by outer match	intentional-preserve-command-code-token	Command, placeholder, code, path, format, endpoint, or protocol token should remain stable.
6648	46487	ai-agent	app/src/ai/agent_sdk/agent_management.rs	target-and-source-present	JSON output is handled by the raw API path	JSON output is handled by the raw API path	intentional-preserve-command-code-token	Command, placeholder, code, path, format, endpoint, or protocol token should remain stable.
6649	46494	ai-agent	app/src/ai/agent_sdk/driver/harness/gemini.rs	missing-in-current-source	{ctx}nn{prompt}	{ctx}nn{prompt}	needs-owner-review-source-state	Current-source string did not match audit source exactly; treat as escaped/newline or source drift queue before editing.
6650	46501	ai-agent	app/src/ai/agent_sdk/driver/harness/gemini.rs	missing-in-current-source	"{cli_name} --yolo -i ""$(cat '{prompt_path}')"""	"{cli_name} --yolo -i ""$(cat '{prompt_path}')"""	needs-owner-review-source-state	Current-source string did not match audit source exactly; treat as escaped/newline or source drift queue before editing.
6651	46508	ai-agent	app/src/ai/agent_sdk/driver/harness/gemini.rs	target-and-source-present	.txt	.txt	intentional-preserve-command-code-token	Command, placeholder, code, path, format, endpoint, or protocol token should remain stable.
6655	46536	ai-agent	app/src/ai/agent_sdk/driver/harness/gemini.rs	target-and-source-present	.gemini	.gemini	intentional-preserve-command-code-token	Command, placeholder, code, path, format, endpoint, or protocol token should remain stable.
6656	46543	ai-agent	app/src/ai/agent_sdk/driver/harness/gemini.rs	target-and-source-present	settings.json	settings.json	intentional-preserve-command-code-token	Command, placeholder, code, path, format, endpoint, or protocol token should remain stable.
6657	46550	ai-agent	app/src/ai/agent_sdk/driver/harness/gemini.rs	target-and-source-present	trustedFolders.json	trustedFolders.json	intentional-preserve-command-code-token	Command, placeholder, code, path, format, endpoint, or protocol token should remain stable.
6658	46557	ai-agent	app/src/ai/agent_sdk/driver/harness/gemini.rs	target-and-source-present	OZ_SYSTEM_PROMPT.md	OZ_SYSTEM_PROMPT.md	intentional-preserve-command-code-token	Command, placeholder, code, path, format, endpoint, or protocol token should remain stable.
6659	46564	ai-agent	app/src/ai/agent_sdk/driver/harness/gemini.rs	target-and-source-present	gemini-api-key	gemini-api-key	intentional-preserve-command-code-token	Command, placeholder, code, path, format, endpoint, or protocol token should remain stable.
6660	46571	other-reviewed	app/src/app_menus.rs	target-and-source-present	warp_default_settings.csv	warp_default_settings.csv	intentional-preserve-command-code-token	Command, placeholder, code, path, format, endpoint, or protocol token should remain stable.
6661	46578	other-reviewed	app/src/app_menus.rs	target-and-source-present	<NO DESCRIPTION>	<NO DESCRIPTION>	intentional-preserve-command-code-token	Command, placeholder, code, path, format, endpoint, or protocol token should remain stable.
6662	46585	other-reviewed	app/src/app_menus.rs	target-and-source-present	Warp	Warp	intentional-preserve-product-provider-term	Glossary/product/provider term is intentionally preserved.
6663	46592	other-reviewed	app/src/menu.rs	target-and-source-present	MenuItemFields	MenuItemFields	intentional-preserve-telemetry-feature-id	CamelCase action, telemetry, feature, or enum identifier should not be localized.
6664	46599	other-reviewed	app/src/menu.rs	target-and-source-present	checked selected submenu above	checked selected submenu above	intentional-preserve-short-token-or-label	Short product label, token, or non-sentence text preserved.
6665	46606	other-reviewed	app/src/menu.rs	target-and-source-present	submenu_{depth}	submenu_{depth}	intentional-preserve-command-code-token	Command, placeholder, code, path, format, endpoint, or protocol token should remain stable.
6666	46613	settings	app/src/settings_view/about_page.rs	target-and-source-present	about warp version	about warp version	needs-translation-candidate-visible-ui	Likely visible UI copy remains English; translate after GUI/runtime owner confirmation.
6667	46620	settings	app/src/settings_view/about_page.rs	target-and-source-present	v#.##.###	v#.##.###	intentional-preserve-command-code-token	Command, placeholder, code, path, format, endpoint, or protocol token should remain stable.
6668	46627	settings	app/src/settings_view/about_page.rs	target-and-source-present	Copyright 2026 Warp	Copyright 2026 Warp	intentional-preserve-product-provider-term	Glossary/product/provider term is intentionally preserved.
6669	46634	billing-quota	app/src/settings_view/billing_and_usage/billing_cycle_usage_common.rs	target-and-source-present	-${}.{remainder:02}	-${}.{remainder:02}	intentional-preserve-command-code-token	Command, placeholder, code, path, format, endpoint, or protocol token should remain stable.
6670	46641	billing-quota	app/src/settings_view/billing_and_usage/billing_cycle_usage_common.rs	target-and-source-present	${}.{remainder:02}	${}.{remainder:02}	intentional-preserve-command-code-token	Command, placeholder, code, path, format, endpoint, or protocol token should remain stable.
6671	46648	billing-quota	app/src/settings_view/billing_and_usage/billing_cycle_usage_rows.rs	target-and-source-present	{:?}:{uid}	{:?}:{uid}	intentional-preserve-command-code-token	Command, placeholder, code, path, format, endpoint, or protocol token should remain stable.
6672	46655	billing-quota	app/src/settings_view/billing_and_usage/billing_cycle_usage_rows.rs	target-and-source-present	{:?}:unknown-{unknown_counter}	{:?}:unknown-{unknown_counter}	intentional-preserve-command-code-token	Command, placeholder, code, path, format, endpoint, or protocol token should remain stable.
6673	46662	billing-quota	app/src/settings_view/billing_and_usage/billing_cycle_usage_rows.rs	target-and-source-present	{}__agent_link	{}__agent_link	intentional-preserve-command-code-token	Command, placeholder, code, path, format, endpoint, or protocol token should remain stable.
6674	46669	billing-quota	app/src/settings_view/billing_and_usage/billing_cycle_usage_rows.rs	target-and-source-present	{}__agent_info	{}__agent_info	intentional-preserve-command-code-token	Command, placeholder, code, path, format, endpoint, or protocol token should remain stable.
6675	46676	billing-quota	app/src/settings_view/billing_and_usage/billing_cycle_usage_section.rs	target-and-source-present	BillingCycleUsageSection	BillingCycleUsageSection	intentional-preserve-telemetry-feature-id	CamelCase action, telemetry, feature, or enum identifier should not be localized.
6676	46683	billing-quota	app/src/settings_view/billing_and_usage/billing_cycle_usage_section.rs	target-and-source-present	Resets %b %d, %-I:%M %p	Resets %b %d, %-I:%M %p	intentional-preserve-command-code-token	Command, placeholder, code, path, format, endpoint, or protocol token should remain stable.
6677	46690	billing-quota	app/src/settings_view/billing_and_usage/billing_cycle_usage_section.rs	target-and-source-present	%b %d, %Y	%b %d, %Y	intentional-preserve-command-code-token	Command, placeholder, code, path, format, endpoint, or protocol token should remain stable.
6678	46697	billing-quota	app/src/settings_view/billing_and_usage/billing_cycle_usage_team_totals.rs	target-and-source-present	({} credits)	({} credits)	intentional-preserve-command-code-token	Command, placeholder, code, path, format, endpoint, or protocol token should remain stable.
6679	46704	billing-quota	app/src/settings_view/billing_and_usage/usage_history_entry.rs	target-and-source-present	%-m/%-d/%y %-I:%M %p	%-m/%-d/%y %-I:%M %p	intentional-preserve-command-code-token	Command, placeholder, code, path, format, endpoint, or protocol token should remain stable.
6682	46723	billing-quota	app/src/settings_view/billing_and_usage_dispatch.rs	target-and-source-present	plan billing a.i. ai usage limit credits balance overview	plan billing a.i. ai usage limit credits balance overview	intentional-preserve-short-token-or-label	Short product label, token, or non-sentence text preserved.
6685	46742	settings	app/src/settings_view/directory_color_add_picker.rs	target-and-source-present	DirectoryColorAddPicker	DirectoryColorAddPicker	intentional-preserve-telemetry-feature-id	CamelCase action, telemetry, feature, or enum identifier should not be localized.
6686	46749	settings	app/src/settings_view/environments_page/new_environment_button.rs	target-and-source-present	NewEnvironmentButton	NewEnvironmentButton	intentional-preserve-telemetry-feature-id	CamelCase action, telemetry, feature, or enum identifier should not be localized.
6688	46762	settings	app/src/settings_view/environments_page.rs	target-and-source-present	environments environment ambient agents github warp assisted manual configuration	environments environment ambient agents github warp assisted manual configuration	intentional-preserve-command-code-token	Command, placeholder, code, path, format, endpoint, or protocol token should remain stable.
6689	46769	settings	app/src/settings_view/environments_page.rs	target-and-source-present	Env ID: {}	Env ID: {}	intentional-preserve-command-code-token	Command, placeholder, code, path, format, endpoint, or protocol token should remain stable.
6690	46776	settings	app/src/settings_view/features/startup_shell.rs	target-and-source-present	NewSessionShellOverride	NewSessionShellOverride	intentional-preserve-telemetry-feature-id	CamelCase action, telemetry, feature, or enum identifier should not be localized.
6691	46783	settings	app/src/settings_view/features/startup_shell.rs	target-and-source-present	ShowCustomPathInput	ShowCustomPathInput	intentional-preserve-telemetry-feature-id	CamelCase action, telemetry, feature, or enum identifier should not be localized.
6704	46870	settings	app/src/settings_view/keybindings.rs	target-and-source-present	keybindings keyboard shortcuts hotkeys	keybindings keyboard shortcuts hotkeys	needs-owner-review-search-keywords	Search keyword blob may affect discoverability; translate only with owner decision.
6705	46877	settings	app/src/settings_view/mcp_servers/edit_page.rs	target-and-source-present	"{
    """": {
        ""serverUrl"": """"
    }
}
"	"{
    """": {
        ""serverUrl"": """"
    }
}
"	intentional-preserve-command-code-token	Command, placeholder, code, path, format, endpoint, or protocol token should remain stable.
6706	46884	settings	app/src/settings_view/mcp_servers/installation_modal.rs	target-and-source-present	Failed to parse markdown: {e:?}	Failed to parse markdown: {e:?}	intentional-preserve-command-code-token	Command, placeholder, code, path, format, endpoint, or protocol token should remain stable.
6707	46891	settings	app/src/settings_view/mcp_servers/installation_modal.rs	target-and-source-present	MCPTemplateInstallationModalBody	MCPTemplateInstallationModalBody	intentional-preserve-telemetry-feature-id	CamelCase action, telemetry, feature, or enum identifier should not be localized.
6708	46898	settings	app/src/settings_view/mcp_servers/mod.rs	target-and-source-present	Templatable MCP Id: {template_uuid}	Templatable MCP Id: {template_uuid}	intentional-preserve-command-code-token	Command, placeholder, code, path, format, endpoint, or protocol token should remain stable.
6709	46905	settings	app/src/settings_view/mcp_servers/mod.rs	target-and-source-present	Templatable MCP Installation Id: {uuid}	Templatable MCP Installation Id: {uuid}	intentional-preserve-command-code-token	Command, placeholder, code, path, format, endpoint, or protocol token should remain stable.
6710	46912	settings	app/src/settings_view/mcp_servers/mod.rs	target-and-source-present	Gallery MCP Id: {uuid}	Gallery MCP Id: {uuid}	intentional-preserve-command-code-token	Command, placeholder, code, path, format, endpoint, or protocol token should remain stable.
6711	46919	settings	app/src/settings_view/mcp_servers/mod.rs	target-and-source-present	File-Based MCP Id: {uuid}	File-Based MCP Id: {uuid}	intentional-preserve-command-code-token	Command, placeholder, code, path, format, endpoint, or protocol token should remain stable.
6712	46926	settings	app/src/settings_view/mcp_servers/server_card.rs	target-and-source-present	Template sync id: {}	Template sync id: {}	intentional-preserve-command-code-token	Command, placeholder, code, path, format, endpoint, or protocol token should remain stable.
6713	46933	settings	app/src/settings_view/mcp_servers/server_card.rs	target-and-source-present	Gallery Id: {uuid}	Gallery Id: {uuid}	intentional-preserve-command-code-token	Command, placeholder, code, path, format, endpoint, or protocol token should remain stable.
6714	46940	settings	app/src/settings_view/mcp_servers/server_card.rs	target-and-source-present	Gallery Id: None	Gallery Id: None	intentional-preserve-short-token-or-label	Short product label, token, or non-sentence text preserved.
6715	46947	settings	app/src/settings_view/mcp_servers/update_modal.rs	target-and-source-present	UpdateModalBody	UpdateModalBody	intentional-preserve-telemetry-feature-id	CamelCase action, telemetry, feature, or enum identifier should not be localized.
6716	46954	settings	app/src/settings_view/platform/expire_api_key_button.rs	target-and-source-present	ExpireApiKeyButton	ExpireApiKeyButton	intentional-preserve-telemetry-feature-id	CamelCase action, telemetry, feature, or enum identifier should not be localized.
6717	46961	settings	app/src/settings_view/platform_page.rs	target-and-source-present	oz cloud platform api keys authentication	oz cloud platform api keys authentication	intentional-preserve-command-code-token	Command, placeholder, code, path, format, endpoint, or protocol token should remain stable.
6719	46974	settings	app/src/settings_view/platform_page.rs	target-and-source-present	%b %-d, %Y	%b %-d, %Y	intentional-preserve-command-code-token	Command, placeholder, code, path, format, endpoint, or protocol token should remain stable.
6720	46981	settings	app/src/settings_view/platform_page.rs	target-and-source-present	wk-**{}	wk-**{}	intentional-preserve-command-code-token	Command, placeholder, code, path, format, endpoint, or protocol token should remain stable.
6721	46988	settings	app/src/settings_view/referrals_page.rs	target-and-source-present	 If you have any questions about the referral program, please contact referrals@warp.dev.	 If you have any questions about the referral program, please contact referrals@warp.dev.	needs-translation-candidate-visible-ui	Likely visible UI copy remains English; translate after GUI/runtime owner confirmation.
6722	46995	settings	app/src/settings_view/settings_file_footer.rs	target-and-source-present	{heading} {description}	{heading} {description}	intentional-preserve-command-code-token	Command, placeholder, code, path, format, endpoint, or protocol token should remain stable.
6723	47002	settings	app/src/settings_view/settings_page.rs	target-and-source-present	mouse_states length ({}) is less than patterns length ({})	mouse_states length ({}) is less than patterns length ({})	intentional-preserve-command-code-token	Command, placeholder, code, path, format, endpoint, or protocol token should remain stable.
6724	47009	settings	app/src/settings_view/settings_page.rs	target-and-source-present	 ({n})	 ({n})	intentional-preserve-command-code-token	Command, placeholder, code, path, format, endpoint, or protocol token should remain stable.
6725	47016	teams-ownership	app/src/settings_view/teams_page.rs	target-and-source-present	Need more seats? 	Need more seats? 	needs-translation-candidate-visible-ui	Likely visible UI copy remains English; translate after GUI/runtime owner confirmation.
6728	47037	settings	app/src/settings_view/warp_drive_page.rs	target-and-source-present	warp drive sign up	warp drive sign up	needs-owner-review-search-keywords	Search keyword blob may affect discoverability; translate only with owner decision.
6729	47044	settings	app/src/settings_view/warp_drive_page.rs	target-and-source-present	warp drive tools panel command palette search workflows prompts notebooks environment variables	warp drive tools panel command palette search workflows prompts notebooks environment variables	intentional-preserve-command-code-token	Command, placeholder, code, path, format, endpoint, or protocol token should remain stable.
6730	47051	settings	app/src/settings_view/warpify_page.rs	target-and-source-present	ssh subshell warpify session	ssh subshell warpify session	intentional-preserve-command-code-token	Command, placeholder, code, path, format, endpoint, or protocol token should remain stable.
6731	47058	settings	app/src/settings_view/warpify_page.rs	target-and-source-present	warpify subshell	warpify subshell	intentional-preserve-command-code-token	Command, placeholder, code, path, format, endpoint, or protocol token should remain stable.
6732	47065	settings	app/src/settings_view/warpify_page.rs	target-and-source-present	warpify ssh	warpify ssh	intentional-preserve-short-token-or-label	Short product label, token, or non-sentence text preserved.
6733	47072	billing-quota	app/src/terminal/buy_credits_banner.rs	target-and-source-present	${:.0} / {} credits	${:.0} / {} credits	intentional-preserve-command-code-token	Command, placeholder, code, path, format, endpoint, or protocol token should remain stable.
6739	47114	billing-quota	app/src/terminal/buy_credits_banner.rs	target-and-source-present	Purchasing these credits would take you over your monthly spend limit. 	Purchasing these credits would take you over your monthly spend limit. 	intentional-preserve-command-code-token	Command, placeholder, code, path, format, endpoint, or protocol token should remain stable.
6746	47163	billing-quota	app/src/terminal/buy_credits_banner.rs	target-and-source-present	BuyCreditsBanner	BuyCreditsBanner	intentional-preserve-telemetry-feature-id	CamelCase action, telemetry, feature, or enum identifier should not be localized.
6747	47170	workspace	app/src/workspace/auto_handoff.rs	target-and-source-present	Triggering auto handoff to cloud for conversation {conversation_id:?} in window {window_id:?} via {trigger:?}	Triggering auto handoff to cloud for conversation {conversation_id:?} in window {window_id:?} via {trigger:?}	intentional-preserve-command-code-token	Command, placeholder, code, path, format, endpoint, or protocol token should remain stable.
6748	47177	workspace	app/src/workspace/cli_install.rs	target-and-source-present	-e	-e	intentional-preserve-short-token-or-label	Short product label, token, or non-sentence text preserved.
6749	47184	workspace	app/src/workspace/cli_install.rs	target-and-source-present	CLI installed successfully without admin privileges: {:?} -> {}	CLI installed successfully without admin privileges: {:?} -> {}	intentional-preserve-command-code-token	Command, placeholder, code, path, format, endpoint, or protocol token should remain stable.
6750	47191	workspace	app/src/workspace/close_session_confirmation_dialog.rs	target-and-source-present	CloseSessionConfirmation	CloseSessionConfirmation	intentional-preserve-telemetry-feature-id	CamelCase action, telemetry, feature, or enum identifier should not be localized.
6751	47198	workspace	app/src/workspace/close_session_confirmation_dialog.rs	target-and-source-present	Close session button pressed with no open confirmation dialog source	Close session button pressed with no open confirmation dialog source	needs-translation-candidate-visible-ui	Likely visible UI copy remains English; translate after GUI/runtime owner confirmation.
6752	47205	workspace	app/src/workspace/header_toolbar_editor.rs	target-and-source-present	HeaderToolbarInlineEditor	HeaderToolbarInlineEditor	intentional-preserve-telemetry-feature-id	CamelCase action, telemetry, feature, or enum identifier should not be localized.
6753	47212	workspace	app/src/workspace/hoa_onboarding/hoa_onboarding_flow.rs	target-and-source-present	HoaOnboardingFlow	HoaOnboardingFlow	intentional-preserve-telemetry-feature-id	CamelCase action, telemetry, feature, or enum identifier should not be localized.
6754	47219	workspace	app/src/workspace/hoa_onboarding/mod.rs	target-and-source-present	HasCompletedHOAOnboarding	HasCompletedHOAOnboarding	intentional-preserve-telemetry-feature-id	CamelCase action, telemetry, feature, or enum identifier should not be localized.
6755	47226	workspace	app/src/workspace/view/cloud_agent_capacity_modal/mod.rs	target-and-source-present	2x	2x	intentional-preserve-short-token-or-label	Short product label, token, or non-sentence text preserved.
6756	47233	workspace	app/src/workspace/view/cloud_agent_capacity_modal/mod.rs	target-and-source-present	5x	5x	intentional-preserve-short-token-or-label	Short product label, token, or non-sentence text preserved.
6757	47240	workspace	app/src/workspace/view/codex_modal.rs	missing-in-current-source	Use Codex directly in Oz and leverage features like in-app code review, agent session sharing and file editing.	Use Codex directly in Oz and leverage features like in-app code review, agent session sharing and file editing.	needs-owner-review-source-state	Current-source string did not match audit source exactly; treat as escaped/newline or source drift queue before editing.
6758	47247	workspace	app/src/workspace/view/conversation_list/item.rs	target-and-source-present	conversation_list_item_{conv_id}	conversation_list_item_{conv_id}	intentional-preserve-command-code-token	Command, placeholder, code, path, format, endpoint, or protocol token should remain stable.
6759	47254	workspace	app/src/workspace/view/conversation_list/item.rs	target-and-source-present	conversation_list_task_{task_id}	conversation_list_task_{task_id}	intentional-preserve-command-code-token	Command, placeholder, code, path, format, endpoint, or protocol token should remain stable.
6760	47261	workspace	app/src/workspace/view/conversation_list/item.rs	target-and-source-present	New conversation	New conversation	intentional-preserve-short-token-or-label	Short product label, token, or non-sentence text preserved.
6762	47275	workspace	app/src/workspace/view/conversation_list/view.rs	target-and-source-present	conversation_list_{}	conversation_list_{}	intentional-preserve-command-code-token	Command, placeholder, code, path, format, endpoint, or protocol token should remain stable.
6768	47317	workspace	app/src/workspace/view/crash_recovery.rs	missing-in-current-source	We detected a crash during application startup, and adjusted your settings to use Xwayland for windowing. This can result in blurry text if you are using fractional scaling.	We detected a crash during application startup, and adjusted your settings to use Xwayland for windowing. This can result in blurry text if you are using fractional scaling.	needs-owner-review-source-state	Current-source string did not match audit source exactly; treat as escaped/newline or source drift queue before editing.
6769	47324	workspace	app/src/workspace/view/crash_recovery.rs	target-and-source-present	Learn More	Learn More	intentional-preserve-short-token-or-label	Short product label, token, or non-sentence text preserved.
6770	47331	workspace	app/src/workspace/view/global_search/model.rs	target-and-source-present	Global search failed.	Global search failed.	intentional-preserve-short-token-or-label	Short product label, token, or non-sentence text preserved.
6775	47366	workspace	app/src/workspace/view/openwarp_launch_modal/view.rs	target-and-source-present	Oz	Oz	intentional-preserve-product-provider-term	Glossary/product/provider term is intentionally preserved.
6776	47373	workspace	app/src/workspace/view/right_panel.rs	target-and-source-present	No active code review view is associated with the current tab/repo selection	No active code review view is associated with the current tab/repo selection	intentional-preserve-short-token-or-label	Short product label, token, or non-sentence text preserved.
6777	47380	workspace	app/src/workspace/view/vertical_tabs.rs	target-and-source-present	vertical_tabs:pane_row:{pane_group_id:?}:{pane_id}	vertical_tabs:pane_row:{pane_group_id:?}:{pane_id}	intentional-preserve-command-code-token	Command, placeholder, code, path, format, endpoint, or protocol token should remain stable.
6778	47387	workspace	app/src/workspace/view/vertical_tabs.rs	target-and-source-present	vtab_action_buttons_{tab_index}	vtab_action_buttons_{tab_index}	intentional-preserve-command-code-token	Command, placeholder, code, path, format, endpoint, or protocol token should remain stable.
6779	47394	workspace	app/src/workspace/view/vertical_tabs.rs	target-and-source-present	Oz	Oz	intentional-preserve-product-provider-term	Glossary/product/provider term is intentionally preserved.
6780	47401	workspace	app/src/workspace/view/vertical_tabs.rs	target-and-source-present	{env} · {status}	{env} · {status}	intentional-preserve-command-code-token	Command, placeholder, code, path, format, endpoint, or protocol token should remain stable.
6781	47408	workspace	app/src/workspace/view/vertical_tabs.rs	target-and-source-present	{env} · {wd}	{env} · {wd}	intentional-preserve-command-code-token	Command, placeholder, code, path, format, endpoint, or protocol token should remain stable.
6782	47415	workspace	app/src/workspace/view.rs	target-and-source-present	Failed to set should_confirm_close_session setting to false: {e}	Failed to set should_confirm_close_session setting to false: {e}	intentional-preserve-command-code-token	Command, placeholder, code, path, format, endpoint, or protocol token should remain stable.
6783	47422	workspace	app/src/workspace/view.rs	target-and-source-present	Getting feature not available message for workflows	Getting feature not available message for workflows	intentional-preserve-command-code-token	Command, placeholder, code, path, format, endpoint, or protocol token should remain stable.
6784	47429	workspace	app/src/workspace/view.rs	missing-in-current-source	Have Warp installed but redirecting to download page?nEnable Local Network Access for {} in your browser.	Have Warp installed but redirecting to download page?nEnable Local Network Access for {} in your browser.	needs-owner-review-source-state	Current-source string did not match audit source exactly; treat as escaped/newline or source drift queue before editing.
6793	47492	terminal-command	app/src/terminal/settings.rs	target-and-source-present	MatchBlocklist	MatchBlocklist	intentional-preserve-telemetry-feature-id	CamelCase action, telemetry, feature, or enum identifier should not be localized.
6794	47499	terminal-command	app/src/terminal/settings.rs	target-and-source-present	Custom	Custom	intentional-preserve-command-code-token	Command, placeholder, code, path, format, endpoint, or protocol token should remain stable.
6824	47709	terminal-command	app/src/terminal/view/tooltips.rs	target-and-source-present	terminal_view:first_cell_in_secret_{}	terminal_view:first_cell_in_secret_{}	intentional-preserve-command-code-token	Command, placeholder, code, path, format, endpoint, or protocol token should remain stable.
6831	47758	terminal-command	app/src/terminal/view/ssh_file_upload.rs	target-and-source-present	-P {port} 	-P {port} 	intentional-preserve-command-code-token	Command, placeholder, code, path, format, endpoint, or protocol token should remain stable.
6832	47765	terminal-command	app/src/terminal/view/ssh_file_upload.rs	target-and-source-present	-r 	-r 	intentional-preserve-command-code-token	Command, placeholder, code, path, format, endpoint, or protocol token should remain stable.
6850	47891	terminal-command	app/src/terminal/view/shared_session/conversation_ended_tombstone_view.rs	target-and-source-present	Failed to fetch AmbientAgentTask for tombstone metadata: {err}	Failed to fetch AmbientAgentTask for tombstone metadata: {err}	intentional-preserve-command-code-token	Command, placeholder, code, path, format, endpoint, or protocol token should remain stable.
6859	47954	terminal-command	app/src/terminal/view/shared_session/view_impl.rs	target-and-source-present	Cannot share without scrollback when agent conversations exist. Agent shared sessions require conversation history to be shared.	Cannot share without scrollback when agent conversations exist. Agent shared sessions require conversation history to be shared.	intentional-preserve-command-code-token	Command, placeholder, code, path, format, endpoint, or protocol token should remain stable.
6860	47961	terminal-command	app/src/terminal/view/shared_session/view_impl.rs	target-and-source-present	Shared session view stop requested: session_id={session_id:?} source_task_id={source_task_id:?} action_source={source:?} reason={reason:?}	Shared session view stop requested: session_id={session_id:?} source_task_id={source_task_id:?} action_source={source:?} reason={reason:?}	intentional-preserve-command-code-token	Command, placeholder, code, path, format, endpoint, or protocol token should remain stable.
6865	47996	terminal-command	app/src/terminal/view/shared_session/view_impl.rs	target-and-source-present	Tried to open shared session reconnecting banner for a session that isn't shared	Tried to open shared session reconnecting banner for a session that isn't shared	intentional-preserve-command-code-token	Command, placeholder, code, path, format, endpoint, or protocol token should remain stable.
6870	48031	terminal-command	app/src/terminal/local_shell/mod.rs	target-and-source-present	echo $PATH	echo $PATH	intentional-preserve-command-code-token	Command, placeholder, code, path, format, endpoint, or protocol token should remain stable.
6871	48038	terminal-command	app/src/terminal/local_shell/mod.rs	target-and-source-present	env | grep PATH	env | grep PATH	intentional-preserve-command-code-token	Command, placeholder, code, path, format, endpoint, or protocol token should remain stable.
6872	48045	terminal-command	app/src/terminal/local_shell/mod.rs	target-and-source-present	echo $Env:PATH	echo $Env:PATH	intentional-preserve-command-code-token	Command, placeholder, code, path, format, endpoint, or protocol token should remain stable.
6873	48052	terminal-command	app/src/terminal/local_shell/mod.rs	target-and-source-present	string join : $PATH	string join : $PATH	intentional-preserve-command-code-token	Command, placeholder, code, path, format, endpoint, or protocol token should remain stable.
6874	48059	terminal-command	app/src/terminal/local_shell/mod.rs	target-and-source-present	-i	-i	intentional-preserve-command-code-token	Command, placeholder, code, path, format, endpoint, or protocol token should remain stable.
6875	48066	terminal-command	app/src/terminal/local_shell/mod.rs	target-and-source-present	-l	-l	intentional-preserve-command-code-token	Command, placeholder, code, path, format, endpoint, or protocol token should remain stable.
6876	48073	terminal-command	app/src/terminal/local_shell/mod.rs	target-and-source-present	-c	-c	intentional-preserve-command-code-token	Command, placeholder, code, path, format, endpoint, or protocol token should remain stable.
6877	48080	terminal-command	app/src/terminal/local_shell/mod.rs	target-and-source-present	-Command	-Command	intentional-preserve-command-code-token	Command, placeholder, code, path, format, endpoint, or protocol token should remain stable.
6878	48087	terminal-command	app/src/terminal/local_shell/mod.rs	target-and-source-present	[LSP PATH] Interactive shell capture had non-zero exit: {}	[LSP PATH] Interactive shell capture had non-zero exit: {}	intentional-preserve-command-code-token	Command, placeholder, code, path, format, endpoint, or protocol token should remain stable.
6879	48094	terminal-command	app/src/terminal/local_tty/unix.rs	target-and-source-present	{}:ro	{}:ro	intentional-preserve-command-code-token	Command, placeholder, code, path, format, endpoint, or protocol token should remain stable.
6880	48101	terminal-command	app/src/terminal/local_tty/unix.rs	target-and-source-present	cd {DOCKER_SANDBOX_HOME_DIR} && exec bash --rcfile {init_path_quoted} --noprofile	cd {DOCKER_SANDBOX_HOME_DIR} && exec bash --rcfile {init_path_quoted} --noprofile	intentional-preserve-command-code-token	Command, placeholder, code, path, format, endpoint, or protocol token should remain stable.
6881	48108	terminal-command	app/src/terminal/local_tty/unix.rs	target-and-source-present	--template	--template	intentional-preserve-command-code-token	Command, placeholder, code, path, format, endpoint, or protocol token should remain stable.
6882	48115	terminal-command	app/src/terminal/local_tty/unix.rs	target-and-source-present	--name	--name	intentional-preserve-command-code-token	Command, placeholder, code, path, format, endpoint, or protocol token should remain stable.
6883	48122	terminal-command	app/src/terminal/local_tty/unix.rs	target-and-source-present	-c	-c	intentional-preserve-command-code-token	Command, placeholder, code, path, format, endpoint, or protocol token should remain stable.
6884	48129	terminal-command	app/src/terminal/local_tty/unix.rs	target-and-source-present	Given invalid shell starter on Unix-based system	Given invalid shell starter on Unix-based system	intentional-preserve-command-code-token	Command, placeholder, code, path, format, endpoint, or protocol token should remain stable.
6885	48136	terminal-command	app/src/terminal/local_tty/unix.rs	target-and-source-present	Starting shell {}	Starting shell {}	intentional-preserve-command-code-token	Command, placeholder, code, path, format, endpoint, or protocol token should remain stable.
6886	48143	terminal-command	app/src/terminal/local_tty/unix.rs	target-and-source-present	xterm-256color	xterm-256color	intentional-preserve-command-code-token	Command, placeholder, code, path, format, endpoint, or protocol token should remain stable.
6887	48150	terminal-command	app/src/terminal/local_tty/unix.rs	target-and-source-present	WarpTerminal	WarpTerminal	intentional-preserve-telemetry-feature-id	CamelCase action, telemetry, feature, or enum identifier should not be localized.
6888	48157	terminal-command	app/src/terminal/local_tty/unix.rs	missing-in-current-source	500n	500n	needs-owner-review-source-state	Current-source string did not match audit source exactly; treat as escaped/newline or source drift queue before editing.
6889	48164	terminal-command	app/src/terminal/local_tty/unix.rs	target-and-source-present	Successfully spawned child {} process with pid {}	Successfully spawned child {} process with pid {}	intentional-preserve-command-code-token	Command, placeholder, code, path, format, endpoint, or protocol token should remain stable.
6890	48171	terminal-command	app/src/terminal/local_tty/unix.rs	target-and-source-present	Starting Docker sandbox via {}	Starting Docker sandbox via {}	intentional-preserve-command-code-token	Command, placeholder, code, path, format, endpoint, or protocol token should remain stable.
6891	48178	terminal-command	app/src/terminal/local_tty/windows/conpty_api.rs	target-and-source-present	CreatePsuedoConsole	CreatePsuedoConsole	intentional-preserve-telemetry-feature-id	CamelCase action, telemetry, feature, or enum identifier should not be localized.
6892	48185	terminal-command	app/src/terminal/local_tty/windows/conpty_api.rs	target-and-source-present	ResizePsuedoConsole	ResizePsuedoConsole	intentional-preserve-telemetry-feature-id	CamelCase action, telemetry, feature, or enum identifier should not be localized.
6893	48192	terminal-command	app/src/terminal/local_tty/windows/conpty_api.rs	target-and-source-present	ClosePsuedoConsole	ClosePsuedoConsole	intentional-preserve-telemetry-feature-id	CamelCase action, telemetry, feature, or enum identifier should not be localized.
6894	48199	terminal-command	app/src/terminal/local_tty/windows/conpty_api.rs	target-and-source-present	ShowHidePseudoConsole	ShowHidePseudoConsole	intentional-preserve-telemetry-feature-id	CamelCase action, telemetry, feature, or enum identifier should not be localized.
6895	48206	terminal-command	app/src/terminal/local_tty/windows/conpty_api.rs	target-and-source-present	ReleasePseudoConsole	ReleasePseudoConsole	intentional-preserve-telemetry-feature-id	CamelCase action, telemetry, feature, or enum identifier should not be localized.
6896	48213	terminal-command	app/src/terminal/local_tty/windows/conpty_api.rs	target-and-source-present	Failed to construct target directory: {0}	Failed to construct target directory: {0}	intentional-preserve-command-code-token	Command, placeholder, code, path, format, endpoint, or protocol token should remain stable.
6897	48220	terminal-command	app/src/terminal/local_tty/windows/conpty_api.rs	target-and-source-present	Failed to load ConPTY library module: {windows_error:#}. DLL file exists: {dll_file_exists:?}	Failed to load ConPTY library module: {windows_error:#}. DLL file exists: {dll_file_exists:?}	intentional-preserve-command-code-token	Command, placeholder, code, path, format, endpoint, or protocol token should remain stable.
6898	48227	terminal-command	app/src/terminal/local_tty/windows/conpty_api.rs	target-and-source-present	Failed to get procedure address for {fn_name:?}	Failed to get procedure address for {fn_name:?}	intentional-preserve-command-code-token	Command, placeholder, code, path, format, endpoint, or protocol token should remain stable.
6899	48234	terminal-command	app/src/terminal/local_tty/windows/conpty_api.rs	target-and-source-present	conpty.dll	conpty.dll	intentional-preserve-command-code-token	Command, placeholder, code, path, format, endpoint, or protocol token should remain stable.
6900	48241	terminal-command	app/src/terminal/local_tty/windows/conpty_api.rs	target-and-source-present	CreatePseudoConsole	CreatePseudoConsole	intentional-preserve-telemetry-feature-id	CamelCase action, telemetry, feature, or enum identifier should not be localized.
6901	48248	terminal-command	app/src/terminal/local_tty/windows/conpty_api.rs	target-and-source-present	ResizePseudoConsole	ResizePseudoConsole	intentional-preserve-telemetry-feature-id	CamelCase action, telemetry, feature, or enum identifier should not be localized.
6902	48255	terminal-command	app/src/terminal/local_tty/windows/conpty_api.rs	target-and-source-present	ClosePseudoConsole	ClosePseudoConsole	intentional-preserve-telemetry-feature-id	CamelCase action, telemetry, feature, or enum identifier should not be localized.
6903	48262	terminal-command	app/src/terminal/local_tty/windows/conpty_api.rs	target-and-source-present	ConptyShowHidePseudoConsole	ConptyShowHidePseudoConsole	intentional-preserve-telemetry-feature-id	CamelCase action, telemetry, feature, or enum identifier should not be localized.
6904	48269	terminal-command	app/src/terminal/local_tty/windows/conpty_api.rs	target-and-source-present	ConptyReleasePseudoConsole	ConptyReleasePseudoConsole	intentional-preserve-telemetry-feature-id	CamelCase action, telemetry, feature, or enum identifier should not be localized.
6905	48276	terminal-command	app/src/terminal/local_tty/windows/mod.rs	target-and-source-present	Could not create anonymous pipes for PTY input/output: {0:#}	Could not create anonymous pipes for PTY input/output: {0:#}	intentional-preserve-command-code-token	Command, placeholder, code, path, format, endpoint, or protocol token should remain stable.
6906	48283	terminal-command	app/src/terminal/local_tty/windows/mod.rs	target-and-source-present	Could not create pipe for PTY input/output: {0:#}	Could not create pipe for PTY input/output: {0:#}	intentional-preserve-command-code-token	Command, placeholder, code, path, format, endpoint, or protocol token should remain stable.
6907	48290	terminal-command	app/src/terminal/local_tty/windows/mod.rs	target-and-source-present	Could not create a pseudoconsole: {0:#}	Could not create a pseudoconsole: {0:#}	intentional-preserve-command-code-token	Command, placeholder, code, path, format, endpoint, or protocol token should remain stable.
6908	48297	terminal-command	app/src/terminal/local_tty/windows/mod.rs	target-and-source-present	Failed to initialize the thread attribute list: {0:#}	Failed to initialize the thread attribute list: {0:#}	intentional-preserve-command-code-token	Command, placeholder, code, path, format, endpoint, or protocol token should remain stable.
6909	48304	terminal-command	app/src/terminal/local_tty/windows/mod.rs	target-and-source-present	Failed to set psuedoconsole attribute to thread attribute list: {0:#}	Failed to set psuedoconsole attribute to thread attribute list: {0:#}	intentional-preserve-command-code-token	Command, placeholder, code, path, format, endpoint, or protocol token should remain stable.
6910	48311	terminal-command	app/src/terminal/local_tty/windows/mod.rs	target-and-source-present	Failed to encode shell command: {0:#}	Failed to encode shell command: {0:#}	intentional-preserve-command-code-token	Command, placeholder, code, path, format, endpoint, or protocol token should remain stable.
6911	48318	terminal-command	app/src/terminal/local_tty/windows/mod.rs	target-and-source-present	Failed to create shell process {detail}: {error:#}	Failed to create shell process {detail}: {error:#}	intentional-preserve-command-code-token	Command, placeholder, code, path, format, endpoint, or protocol token should remain stable.
6912	48325	terminal-command	app/src/terminal/local_tty/windows/mod.rs	target-and-source-present	Failed to load ConPTY functions: {0:#}	Failed to load ConPTY functions: {0:#}	intentional-preserve-command-code-token	Command, placeholder, code, path, format, endpoint, or protocol token should remain stable.
6913	48332	terminal-command	app/src/terminal/local_tty/windows/mod.rs	target-and-source-present	Failed to add Child Exit watcher: {0:#}	Failed to add Child Exit watcher: {0:#}	intentional-preserve-command-code-token	Command, placeholder, code, path, format, endpoint, or protocol token should remain stable.
6914	48339	terminal-command	app/src/terminal/local_tty/windows/mod.rs	target-and-source-present	Failed to write shell command bytes to pty: {0:#}	Failed to write shell command bytes to pty: {0:#}	intentional-preserve-command-code-token	Command, placeholder, code, path, format, endpoint, or protocol token should remain stable.
6915	48346	terminal-command	app/src/terminal/local_tty/windows/mod.rs	target-and-source-present	Shell starter is not supported on this platform: {0}	Shell starter is not supported on this platform: {0}	intentional-preserve-command-code-token	Command, placeholder, code, path, format, endpoint, or protocol token should remain stable.
6916	48353	terminal-command	app/src/terminal/local_tty/windows/mod.rs	target-and-source-present	Docker sandbox shells are not supported on Windows	Docker sandbox shells are not supported on Windows	intentional-preserve-command-code-token	Command, placeholder, code, path, format, endpoint, or protocol token should remain stable.
6917	48360	terminal-command	app/src/terminal/local_tty/windows/mod.rs	target-and-source-present	Could not encode argument {arg:?}	Could not encode argument {arg:?}	intentional-preserve-command-code-token	Command, placeholder, code, path, format, endpoint, or protocol token should remain stable.
6918	48367	terminal-command	app/src/terminal/local_tty/windows/mod.rs	target-and-source-present	Starting WSL shell process: {:?}	Starting WSL shell process: {:?}	intentional-preserve-command-code-token	Command, placeholder, code, path, format, endpoint, or protocol token should remain stable.
6919	48374	terminal-command	app/src/terminal/local_tty/windows/mod.rs	target-and-source-present	Starting direct shell process: {:?}	Starting direct shell process: {:?}	intentional-preserve-command-code-token	Command, placeholder, code, path, format, endpoint, or protocol token should remain stable.
6920	48381	terminal-command	app/src/terminal/model/grid/ansi_handler.rs	target-and-source-present	Grid received input but did not receive Reset Grid OSC	Grid received input but did not receive Reset Grid OSC	intentional-preserve-command-code-token	Command, placeholder, code, path, format, endpoint, or protocol token should remain stable.
6921	48388	terminal-command	app/src/terminal/model/grid/ansi_handler.rs	target-and-source-present	x1b[?62c	x1b[?62c	intentional-preserve-command-code-token	Command, placeholder, code, path, format, endpoint, or protocol token should remain stable.
6922	48395	terminal-command	app/src/terminal/model/grid/ansi_handler.rs	target-and-source-present	x1b[>{version}c	x1b[>{version}c	intentional-preserve-command-code-token	Command, placeholder, code, path, format, endpoint, or protocol token should remain stable.
6923	48402	terminal-command	app/src/terminal/model/grid/ansi_handler.rs	target-and-source-present	x1b[0n	x1b[0n	intentional-preserve-command-code-token	Command, placeholder, code, path, format, endpoint, or protocol token should remain stable.
6924	48409	terminal-command	app/src/terminal/model/grid/ansi_handler.rs	target-and-source-present	x1b[{};{}R	x1b[{};{}R	intentional-preserve-command-code-token	Command, placeholder, code, path, format, endpoint, or protocol token should remain stable.
6925	48416	terminal-command	app/src/terminal/model/grid/ansi_handler.rs	target-and-source-present	Handled in model layer	Handled in model layer	intentional-preserve-command-code-token	Command, placeholder, code, path, format, endpoint, or protocol token should remain stable.
6926	48423	terminal-command	app/src/terminal/model/grid/ansi_handler.rs	target-and-source-present	x1b]52;{};{}{}	x1b]52;{};{}{}	intentional-preserve-command-code-token	Command, placeholder, code, path, format, endpoint, or protocol token should remain stable.
6927	48430	terminal-command	app/src/terminal/model/grid/ansi_handler.rs	target-and-source-present	x1b[4;{height};{width}t	x1b[4;{height};{width}t	intentional-preserve-command-code-token	Command, placeholder, code, path, format, endpoint, or protocol token should remain stable.
6928	48437	terminal-command	app/src/terminal/model/grid/ansi_handler.rs	target-and-source-present	x1b[8;{};{}t	x1b[8;{};{}t	intentional-preserve-command-code-token	Command, placeholder, code, path, format, endpoint, or protocol token should remain stable.
6929	48444	terminal-command	app/src/terminal/model/grid/ansi_handler.rs	target-and-source-present	Precmd hook is handled at block layer	Precmd hook is handled at block layer	intentional-preserve-command-code-token	Command, placeholder, code, path, format, endpoint, or protocol token should remain stable.
6930	48451	terminal-command	app/src/terminal/model/grid/ansi_handler.rs	target-and-source-present	the alt screen grid should never put any rows in flat storage	the alt screen grid should never put any rows in flat storage	intentional-preserve-command-code-token	Command, placeholder, code, path, format, endpoint, or protocol token should remain stable.
6931	48458	terminal-command	app/src/terminal/model/grid/ansi_handler.rs	target-and-source-present	Grid has already received a Reset Grid OSC.	Grid has already received a Reset Grid OSC.	intentional-preserve-command-code-token	Command, placeholder, code, path, format, endpoint, or protocol token should remain stable.
6932	48465	terminal-command	app/src/terminal/model/grid/ansi_handler.rs	target-and-source-present	x1b[?{}u	x1b[?{}u	intentional-preserve-command-code-token	Command, placeholder, code, path, format, endpoint, or protocol token should remain stable.
6933	48472	terminal-command	app/src/terminal/model/tmux/commands.rs	target-and-source-present	primary window pane	primary window pane	intentional-preserve-command-code-token	Command, placeholder, code, path, format, endpoint, or protocol token should remain stable.
6934	48479	terminal-command	app/src/terminal/model/tmux/commands.rs	target-and-source-present	background window	background window	intentional-preserve-command-code-token	Command, placeholder, code, path, format, endpoint, or protocol token should remain stable.
6935	48486	terminal-command	app/src/terminal/model/tmux/commands.rs	target-and-source-present	Tmux control mode commands must take place on one line: `{escaped_command}`	Tmux control mode commands must take place on one line: `{escaped_command}`	intentional-preserve-command-code-token	Command, placeholder, code, path, format, endpoint, or protocol token should remain stable.
6936	48493	terminal-command	app/src/terminal/model/tmux/commands.rs	target-and-source-present	Tmux control mode command contains a newline: `{escaped_command}`	Tmux control mode command contains a newline: `{escaped_command}`	intentional-preserve-command-code-token	Command, placeholder, code, path, format, endpoint, or protocol token should remain stable.
6937	48500	terminal-command	app/src/terminal/model/tmux/commands.rs	target-and-source-present	-c '{escaped_path}'	-c '{escaped_path}'	intentional-preserve-command-code-token	Command, placeholder, code, path, format, endpoint, or protocol token should remain stable.
6938	48507	terminal-command	app/src/terminal/model/tmux/commands.rs	target-and-source-present	-e 	-e 	intentional-preserve-command-code-token	Command, placeholder, code, path, format, endpoint, or protocol token should remain stable.
6939	48514	terminal-command	app/src/terminal/model/tmux/commands.rs	missing-in-current-source	refresh-client -C {num_cols},{num_rows}n	refresh-client -C {num_cols},{num_rows}n	needs-owner-review-source-state	Current-source string did not match audit source exactly; treat as escaped/newline or source drift queue before editing.
6940	48521	terminal-command	app/src/terminal/model/tmux/commands.rs	missing-in-current-source	set destroy-unattached onn	set destroy-unattached onn	needs-owner-review-source-state	Current-source string did not match audit source exactly; treat as escaped/newline or source drift queue before editing.
6941	48528	terminal-command	app/src/terminal/model/tmux/commands.rs	missing-in-current-source	set window-size smallestn	set window-size smallestn	needs-owner-review-source-state	Current-source string did not match audit source exactly; treat as escaped/newline or source drift queue before editing.
6942	48535	terminal-command	app/src/terminal/model/tmux/commands.rs	target-and-source-present	^{PRIMARY_WINDOW_PANE_PREFIX}: @([[:digit:]]+) %([[:digit:]]+)$	^{PRIMARY_WINDOW_PANE_PREFIX}: @([[:digit:]]+) %([[:digit:]]+)$	intentional-preserve-command-code-token	Command, placeholder, code, path, format, endpoint, or protocol token should remain stable.
6943	48542	terminal-command	app/src/terminal/model/tmux/commands.rs	target-and-source-present	^{BACKGROUND_WINDOW_PREFIX}: @([[:digit:]]+) %([[:digit:]]+)$	^{BACKGROUND_WINDOW_PREFIX}: @([[:digit:]]+) %([[:digit:]]+)$	intentional-preserve-command-code-token	Command, placeholder, code, path, format, endpoint, or protocol token should remain stable.
6944	48549	terminal-command	app/src/terminal/shared_session/mod.rs	target-and-source-present	SharedSessionStatus_NotShared	SharedSessionStatus_NotShared	intentional-preserve-command-code-token	Command, placeholder, code, path, format, endpoint, or protocol token should remain stable.
6945	48556	terminal-command	app/src/terminal/shared_session/mod.rs	target-and-source-present	SharedSessionStatus_ViewPending	SharedSessionStatus_ViewPending	intentional-preserve-command-code-token	Command, placeholder, code, path, format, endpoint, or protocol token should remain stable.
6946	48563	terminal-command	app/src/terminal/shared_session/mod.rs	target-and-source-present	SharedSessionStatus_Reader	SharedSessionStatus_Reader	intentional-preserve-command-code-token	Command, placeholder, code, path, format, endpoint, or protocol token should remain stable.
6947	48570	terminal-command	app/src/terminal/shared_session/mod.rs	target-and-source-present	SharedSessionStatus_Executor	SharedSessionStatus_Executor	intentional-preserve-command-code-token	Command, placeholder, code, path, format, endpoint, or protocol token should remain stable.
6948	48577	terminal-command	app/src/terminal/shared_session/mod.rs	target-and-source-present	SharedSessionStatus_FinishedViewer	SharedSessionStatus_FinishedViewer	intentional-preserve-command-code-token	Command, placeholder, code, path, format, endpoint, or protocol token should remain stable.
6949	48584	terminal-command	app/src/terminal/shared_session/mod.rs	target-and-source-present	SharedSessionStatus_SharePendingPreBootstrap	SharedSessionStatus_SharePendingPreBootstrap	intentional-preserve-command-code-token	Command, placeholder, code, path, format, endpoint, or protocol token should remain stable.
6950	48591	terminal-command	app/src/terminal/shared_session/mod.rs	target-and-source-present	SharedSessionStatus_SharePending	SharedSessionStatus_SharePending	intentional-preserve-command-code-token	Command, placeholder, code, path, format, endpoint, or protocol token should remain stable.
6951	48598	terminal-command	app/src/terminal/shared_session/mod.rs	target-and-source-present	SharedSessionStatus_ActiveSharer	SharedSessionStatus_ActiveSharer	intentional-preserve-command-code-token	Command, placeholder, code, path, format, endpoint, or protocol token should remain stable.
6952	48605	terminal-command	app/src/terminal/shared_session/mod.rs	target-and-source-present	?preview=true	?preview=true	intentional-preserve-command-code-token	Command, placeholder, code, path, format, endpoint, or protocol token should remain stable.
6953	48612	terminal-command	app/src/terminal/shared_session/mod.rs	target-and-source-present	v0.00.000	v0.00.000	intentional-preserve-command-code-token	Command, placeholder, code, path, format, endpoint, or protocol token should remain stable.
6954	48619	terminal-command	app/src/terminal/shared_session/mod.rs	target-and-source-present	{base}{path}&version={version}	{base}{path}&version={version}	intentional-preserve-command-code-token	Command, placeholder, code, path, format, endpoint, or protocol token should remain stable.
6955	48626	terminal-command	app/src/terminal/shared_session/mod.rs	target-and-source-present	{base}{path}?version={version}	{base}{path}?version={version}	intentional-preserve-command-code-token	Command, placeholder, code, path, format, endpoint, or protocol token should remain stable.
6956	48633	terminal-command	app/src/terminal/shared_session/mod.rs	target-and-source-present	{base}{path}	{base}{path}	intentional-preserve-command-code-token	Command, placeholder, code, path, format, endpoint, or protocol token should remain stable.
6957	48640	terminal-command	app/src/terminal/prompt_render_helper.rs	target-and-source-present	{prompt_side}_{view_id}	{prompt_side}_{view_id}	intentional-preserve-command-code-token	Command, placeholder, code, path, format, endpoint, or protocol token should remain stable.
6958	48647	terminal-command	app/src/terminal/prompt_render_helper.rs	target-and-source-present	prompt_area_{view_id}	prompt_area_{view_id}	intentional-preserve-command-code-token	Command, placeholder, code, path, format, endpoint, or protocol token should remain stable.
6959	48654	terminal-command	app/src/terminal/model/tmux/commands.rs	missing-in-current-source	"list-panes -F ""#{{?pane_active,{PRIMARY_WINDOW_PANE_PREFIX}: ,}}#{{window_id}} #{{pane_id}}""n"	"list-panes -F ""#{{?pane_active,{PRIMARY_WINDOW_PANE_PREFIX}: ,}}#{{window_id}} #{{pane_id}}""n"	needs-owner-review-source-state	Current-source string did not match audit source exactly; treat as escaped/newline or source drift queue before editing.
6960	48661	terminal-command	app/src/terminal/model/tmux/commands.rs	target-and-source-present	"new-window -d {set_directory} {set_env_vars} -PF ""{BACKGROUND_WINDOW_PREFIX}: #{{window_id}} #{{pane_id}}"" '(builtin echo -n ""^^^{command_id}|||""; {escaped_command}; builtin echo ""|||$?\$\$\$"")|command cat; command sleep 1'{newline}"	"new-window -d {set_directory} {set_env_vars} -PF ""{BACKGROUND_WINDOW_PREFIX}: #{{window_id}} #{{pane_id}}"" '(builtin echo -n ""^^^{command_id}|||""; {escaped_command}; builtin echo ""|||$?\$\$\$"")|command cat; command sleep 1'{newline}"	intentional-preserve-command-code-token	Command, placeholder, code, path, format, endpoint, or protocol token should remain stable.
6963	48682	ai-agent	app/src/ai/agent_sdk/artifact_upload.rs	target-and-source-present	Artifact file '{}' is {} bytes, which exceeds the GraphQL size_bytes limit of {} bytes; omitting size_bytes from the upload target request	Artifact file '{}' is {} bytes, which exceeds the GraphQL size_bytes limit of {} bytes; omitting size_bytes from the upload target request	intentional-preserve-command-code-token	Command, placeholder, code, path, format, endpoint, or protocol token should remain stable.
6966	48703	ai-agent	app/src/ai/agent_sdk/artifact_upload.rs	target-and-source-present	Conversation '{}' task resolution failed ({conversation_err}); falling back to {OZ_RUN_ID_ENV_VAR} for ambient task context	Conversation '{}' task resolution failed ({conversation_err}); falling back to {OZ_RUN_ID_ENV_VAR} for ambient task context	intentional-preserve-command-code-token	Command, placeholder, code, path, format, endpoint, or protocol token should remain stable.
6969	48724	ai-agent	app/src/ai/agent_sdk/driver/attachments.rs	missing-in-current-source	fetch_and_download_handoff_snapshot_attachments called with OzHandoff disabled; call sites should gate on the flag before invoking	fetch_and_download_handoff_snapshot_attachments called with OzHandoff disabled; call sites should gate on the flag before invoking	needs-owner-review-source-state	Current-source string did not match audit source exactly; treat as escaped/newline or source drift queue before editing.
6970	48731	ai-agent	app/src/ai/agent_sdk/driver/attachments.rs	target-and-source-present	{filename}: {err}	{filename}: {err}	intentional-preserve-command-code-token	Command, placeholder, code, path, format, endpoint, or protocol token should remain stable.
6971	48738	ai-agent	app/src/ai/agent_sdk/driver/attachments.rs	target-and-source-present	Handoff snapshot attachments: {succeeded}/{attempts} downloaded; {} failed ({detail})	Handoff snapshot attachments: {succeeded}/{attempts} downloaded; {} failed ({detail})	intentional-preserve-command-code-token	Command, placeholder, code, path, format, endpoint, or protocol token should remain stable.
6972	48745	ai-agent	app/src/ai/agent_sdk/driver/attachments.rs	target-and-source-present	Created attachments directory at: {}	Created attachments directory at: {}	intentional-preserve-command-code-token	Command, placeholder, code, path, format, endpoint, or protocol token should remain stable.
6973	48752	ai-agent	app/src/ai/agent_sdk/driver/attachments.rs	target-and-source-present	Downloading attachment: {} -> {}	Downloading attachment: {} -> {}	intentional-preserve-command-code-token	Command, placeholder, code, path, format, endpoint, or protocol token should remain stable.
6974	48759	ai-agent	app/src/ai/agent_sdk/driver/attachments.rs	target-and-source-present	{e:#}	{e:#}	intentional-preserve-command-code-token	Command, placeholder, code, path, format, endpoint, or protocol token should remain stable.
6975	48766	ai-agent	app/src/ai/agent_sdk/driver/attachments.rs	target-and-source-present	download attachment '{}'	download attachment '{}'	intentional-preserve-command-code-token	Command, placeholder, code, path, format, endpoint, or protocol token should remain stable.
6978	48787	ai-agent	app/src/ai/agent_sdk/driver/attachments.rs	target-and-source-present	task_attachment_{index}	task_attachment_{index}	intentional-preserve-command-code-token	Command, placeholder, code, path, format, endpoint, or protocol token should remain stable.
6979	48794	ai-agent	app/src/ai/artifacts/buttons.rs	target-and-source-present	ArtifactButtonsRow	ArtifactButtonsRow	intentional-preserve-telemetry-feature-id	CamelCase action, telemetry, feature, or enum identifier should not be localized.
6984	48829	ai-agent	app/src/ai/artifacts/buttons.rs	target-and-source-present	{repo} #{num}	{repo} #{num}	intentional-preserve-command-code-token	Command, placeholder, code, path, format, endpoint, or protocol token should remain stable.
6990	48871	ai-agent	app/src/ai/blocklist/action_model/execute/run_agents.rs	target-and-source-present	Agent spawn timed out after {} seconds	Agent spawn timed out after {} seconds	intentional-preserve-command-code-token	Command, placeholder, code, path, format, endpoint, or protocol token should remain stable.
6996	48913	ai-agent	app/src/ai/blocklist/action_model/execute/run_agents.rs	missing-in-current-source	{base_prompt}nn{per_agent_prompt}	{base_prompt}nn{per_agent_prompt}	needs-owner-review-source-state	Current-source string did not match audit source exactly; treat as escaped/newline or source drift queue before editing.
6997	48920	ai-agent	app/src/ai/blocklist/controller/shared_session.rs	target-and-source-present	Tried to initialize shared session stream for non-existent conversation  {conversation_id:?}	Tried to initialize shared session stream for non-existent conversation  {conversation_id:?}	intentional-preserve-command-code-token	Command, placeholder, code, path, format, endpoint, or protocol token should remain stable.
6998	48927	ai-agent	app/src/ai/blocklist/controller/shared_session.rs	missing-in-current-source	should_skip_replayed_response: no existing conversation id, not skipping (request_id={init_request_id})	should_skip_replayed_response: no existing conversation id, not skipping (request_id={init_request_id})	needs-owner-review-source-state	Current-source string did not match audit source exactly; treat as escaped/newline or source drift queue before editing.
6999	48934	ai-agent	app/src/ai/blocklist/controller/shared_session.rs	missing-in-current-source	should_skip_replayed_response: not skipping (request_id={init_request_id}, conversation_id={conversation_id:?}, is_receiving_replay={is_receiving_replay}, suppress_enabled={suppress_enabled})	should_skip_replayed_response: not skipping (request_id={init_request_id}, conversation_id={conversation_id:?}, is_receiving_replay={is_receiving_replay}, suppress_enabled={suppress_enabled})	needs-owner-review-source-state	Current-source string did not match audit source exactly; treat as escaped/newline or source drift queue before editing.
7000	48941	ai-agent	app/src/ai/blocklist/controller/shared_session.rs	missing-in-current-source	should_skip_replayed_response: not skipping, request_id not found in local conversation (request_id={init_request_id}, conversation_id={conversation_id:?})	should_skip_replayed_response: not skipping, request_id not found in local conversation (request_id={init_request_id}, conversation_id={conversation_id:?})	needs-owner-review-source-state	Current-source string did not match audit source exactly; treat as escaped/newline or source drift queue before editing.
7001	48948	ai-agent	app/src/ai/blocklist/controller/shared_session.rs	target-and-source-present	No conversation ID for shared session response stream with id={stream_id:?}	No conversation ID for shared session response stream with id={stream_id:?}	intentional-preserve-command-code-token	Command, placeholder, code, path, format, endpoint, or protocol token should remain stable.
7002	48955	ai-agent	app/src/ai/blocklist/controller/shared_session.rs	target-and-source-present	Failed to apply client actions to conversation for shared session: {e:?}	Failed to apply client actions to conversation for shared session: {e:?}	intentional-preserve-command-code-token	Command, placeholder, code, path, format, endpoint, or protocol token should remain stable.
7003	48962	ai-agent	app/src/ai/blocklist/controller/shared_session.rs	target-and-source-present	Tried to execute prompt for non-existent conversation: {id:?}	Tried to execute prompt for non-existent conversation: {id:?}	intentional-preserve-command-code-token	Command, placeholder, code, path, format, endpoint, or protocol token should remain stable.
7004	48969	ai-agent	app/src/ai/blocklist/controller/shared_session.rs	target-and-source-present	No attachments_download_dir set on controller, cannot process file attachments	No attachments_download_dir set on controller, cannot process file attachments	intentional-preserve-command-code-token	Command, placeholder, code, path, format, endpoint, or protocol token should remain stable.
7005	48976	ai-agent	app/src/ai/blocklist/controller/shared_session.rs	target-and-source-present	{attachment_id}_{safe_name}	{attachment_id}_{safe_name}	intentional-preserve-command-code-token	Command, placeholder, code, path, format, endpoint, or protocol token should remain stable.
7016	49053	ai-agent	app/src/ai/blocklist/suggested_rule_modal.rs	target-and-source-present	rule_position_{}	rule_position_{}	intentional-preserve-command-code-token	Command, placeholder, code, path, format, endpoint, or protocol token should remain stable.
7023	49102	ai-agent	app/src/ai/mcp/file_mcp_watcher.rs	target-and-source-present	Failed to start watching {repo_path} for file-based MCP servers: {err}	Failed to start watching {repo_path} for file-based MCP servers: {err}	intentional-preserve-command-code-token	Command, placeholder, code, path, format, endpoint, or protocol token should remain stable.
7024	49109	ai-agent	app/src/ai/mcp/file_mcp_watcher.rs	target-and-source-present	Failed to register {} for file-based MCP watching: {err}	Failed to register {} for file-based MCP watching: {err}	intentional-preserve-command-code-token	Command, placeholder, code, path, format, endpoint, or protocol token should remain stable.
7025	49116	ai-agent	app/src/ai/mcp/file_mcp_watcher.rs	target-and-source-present	Failed to start watching {} for file-based MCP servers: {err}	Failed to start watching {} for file-based MCP servers: {err}	intentional-preserve-command-code-token	Command, placeholder, code, path, format, endpoint, or protocol token should remain stable.
7036	49193	ai-agent	app/src/ai/mcp/mod.rs	target-and-source-present	{{{{{name}}}}}	{{{{{name}}}}}	intentional-preserve-command-code-token	Command, placeholder, code, path, format, endpoint, or protocol token should remain stable.
7037	49200	ai-agent	app/src/ai/mcp/mod.rs	target-and-source-present	{{{json}}}	{{{json}}}	intentional-preserve-command-code-token	Command, placeholder, code, path, format, endpoint, or protocol token should remain stable.
7038	49207	ai-agent	app/src/ai/mcp/mod.rs	target-and-source-present	Warp	Warp	intentional-preserve-command-code-token	Command, placeholder, code, path, format, endpoint, or protocol token should remain stable.
7039	49214	ai-agent	app/src/ai/mcp/mod.rs	target-and-source-present	Claude	Claude	intentional-preserve-command-code-token	Command, placeholder, code, path, format, endpoint, or protocol token should remain stable.
7040	49221	ai-agent	app/src/ai/mcp/mod.rs	target-and-source-present	Codex	Codex	intentional-preserve-command-code-token	Command, placeholder, code, path, format, endpoint, or protocol token should remain stable.
7042	49235	ai-agent	app/src/ai/mcp/mod.rs	target-and-source-present	.claude.json	.claude.json	intentional-preserve-command-code-token	Command, placeholder, code, path, format, endpoint, or protocol token should remain stable.
7043	49242	ai-agent	app/src/ai/mcp/mod.rs	target-and-source-present	.mcp.json	.mcp.json	intentional-preserve-command-code-token	Command, placeholder, code, path, format, endpoint, or protocol token should remain stable.
7044	49249	ai-agent	app/src/ai/mcp/templatable_manager/oauth.rs	target-and-source-present	TemplatableMcpCredentials	TemplatableMcpCredentials	intentional-preserve-telemetry-feature-id	CamelCase action, telemetry, feature, or enum identifier should not be localized.
7045	49256	ai-agent	app/src/ai/mcp/templatable_manager/oauth.rs	target-and-source-present	FileBasedMcpCredentials	FileBasedMcpCredentials	intentional-preserve-telemetry-feature-id	CamelCase action, telemetry, feature, or enum identifier should not be localized.
7048	49277	ai-agent	app/src/ai/mcp/templatable_manager/oauth.rs	target-and-source-present	Warp	Warp	intentional-preserve-product-provider-term	Glossary/product/provider term is intentionally preserved.
7050	49291	ai-agent	app/src/ai/mcp/templatable_manager/oauth.rs	target-and-source-present	Invalid OAuth callback path: expected '/oauth2callback', got '{}'	Invalid OAuth callback path: expected '/oauth2callback', got '{}'	intentional-preserve-command-code-token	Command, placeholder, code, path, format, endpoint, or protocol token should remain stable.
7051	49298	ai-agent	app/src/ai/mcp/templatable_manager/oauth.rs	target-and-source-present	Corresponding file or cloud-based server not found for installation UUID {installation_uuid}	Corresponding file or cloud-based server not found for installation UUID {installation_uuid}	intentional-preserve-command-code-token	Command, placeholder, code, path, format, endpoint, or protocol token should remain stable.
7052	49305	ai-agent	app/src/ai/skills/file_watchers/skill_watcher.rs	target-and-source-present	Could not start local project skill fallback watcher for {}; repo is not watched	Could not start local project skill fallback watcher for {}; repo is not watched	intentional-preserve-command-code-token	Command, placeholder, code, path, format, endpoint, or protocol token should remain stable.
7053	49312	ai-agent	app/src/ai/skills/file_watchers/skill_watcher.rs	target-and-source-present	Failed to start local project skill fallback watcher for {}: {err}	Failed to start local project skill fallback watcher for {}: {err}	intentional-preserve-command-code-token	Command, placeholder, code, path, format, endpoint, or protocol token should remain stable.
7054	49319	ai-agent	app/src/ai/skills/file_watchers/skill_watcher.rs	target-and-source-present	SKILL.md	SKILL.md	intentional-preserve-command-code-token	Command, placeholder, code, path, format, endpoint, or protocol token should remain stable.
7055	49326	ai-agent	app/src/ai/skills/file_watchers/skill_watcher.rs	target-and-source-present	Failed to register symlink target directory {dir_display} for watching: {err}	Failed to register symlink target directory {dir_display} for watching: {err}	intentional-preserve-command-code-token	Command, placeholder, code, path, format, endpoint, or protocol token should remain stable.
7056	49333	ai-agent	app/src/ai/skills/file_watchers/skill_watcher.rs	target-and-source-present	Failed to start watching symlink target directory {dir_display}: {err}	Failed to start watching symlink target directory {dir_display}: {err}	intentional-preserve-command-code-token	Command, placeholder, code, path, format, endpoint, or protocol token should remain stable.
7057	49340	ai-agent	app/src/ai/skills/file_watchers/skill_watcher.rs	target-and-source-present	Failed to register home skills directory {parent_path_display} for watching: {err}	Failed to register home skills directory {parent_path_display} for watching: {err}	intentional-preserve-command-code-token	Command, placeholder, code, path, format, endpoint, or protocol token should remain stable.
7058	49347	ai-agent	app/src/ai/skills/file_watchers/skill_watcher.rs	target-and-source-present	Failed to start watching home skills directory {parent_path_display}: {err}	Failed to start watching home skills directory {parent_path_display}: {err}	intentional-preserve-command-code-token	Command, placeholder, code, path, format, endpoint, or protocol token should remain stable.
7080	49501	ai-agent	app/src/ai/ambient_agents/task.rs	target-and-source-present	Linear	Linear	intentional-preserve-short-token-or-label	Short product label, token, or non-sentence text preserved.
7081	49508	ai-agent	app/src/ai/ambient_agents/task.rs	target-and-source-present	Slack	Slack	intentional-preserve-product-provider-term	Glossary/product/provider term is intentionally preserved.
7084	49529	ai-agent	app/src/ai/ambient_agents/task.rs	target-and-source-present	Oz Web	Oz Web	intentional-preserve-product-provider-term	Glossary/product/provider term is intentionally preserved.
7085	49536	ai-agent	app/src/ai/ambient_agents/task.rs	target-and-source-present	GitHub Action	GitHub Action	intentional-preserve-product-provider-term	Glossary/product/provider term is intentionally preserved.
7086	49543	ai-agent	app/src/ai/ambient_agents/task.rs	target-and-source-present	Agent	Agent	intentional-preserve-product-provider-term	Glossary/product/provider term is intentionally preserved.
7097	49621	terminal-command	app/src/terminal/view/ambient_agent/auth_secret_ftux_dropdown.rs	target-and-source-present	AuthSecretFtuxDropdown	AuthSecretFtuxDropdown	intentional-preserve-telemetry-feature-id	CamelCase action, telemetry, feature, or enum identifier should not be localized.
7107	49692	terminal-command	app/src/terminal/view/ambient_agent/auth_secret_selector.rs	target-and-source-present	AuthSecretSelector	AuthSecretSelector	intentional-preserve-telemetry-feature-id	CamelCase action, telemetry, feature, or enum identifier should not be localized.
7109	49706	terminal-command	app/src/terminal/view/ambient_agent/loading_screen.rs	target-and-source-present	{}CPU, {}GB	{}CPU, {}GB	intentional-preserve-command-code-token	Command, placeholder, code, path, format, endpoint, or protocol token should remain stable.
7128	49839	terminal-command	app/src/terminal/view/block_onboarding/onboarding_prompt_block.rs	target-and-source-present	(myenv)	(myenv)	intentional-preserve-command-code-token	Command, placeholder, code, path, format, endpoint, or protocol token should remain stable.
7130	49853	terminal-command	app/src/terminal/view/block_onboarding/onboarding_prompt_block.rs	target-and-source-present	OnboardingPromptBlock	OnboardingPromptBlock	intentional-preserve-telemetry-feature-id	CamelCase action, telemetry, feature, or enum identifier should not be localized.
7131	49860	terminal-command	app/src/terminal/view/init_project/mod.rs	target-and-source-present	AGENTS.md	AGENTS.md	intentional-preserve-command-code-token	Command, placeholder, code, path, format, endpoint, or protocol token should remain stable.
7132	49868	terminal-command	app/src/terminal/view/init_project/mod.rs	target-and-source-present	WARP.md	WARP.md	intentional-preserve-command-code-token	Command, placeholder, code, path, format, endpoint, or protocol token should remain stable.
7133	49875	terminal-command	app/src/terminal/view/init_project/mod.rs	target-and-source-present	CLAUDE.md	CLAUDE.md	intentional-preserve-command-code-token	Command, placeholder, code, path, format, endpoint, or protocol token should remain stable.
7134	49882	terminal-command	app/src/terminal/view/init_project/mod.rs	target-and-source-present	.cursorrules	.cursorrules	intentional-preserve-command-code-token	Command, placeholder, code, path, format, endpoint, or protocol token should remain stable.
7135	49889	terminal-command	app/src/terminal/view/init_project/mod.rs	target-and-source-present	AGENT.md	AGENT.md	intentional-preserve-command-code-token	Command, placeholder, code, path, format, endpoint, or protocol token should remain stable.
7136	49896	terminal-command	app/src/terminal/view/init_project/mod.rs	target-and-source-present	GEMINI.md	GEMINI.md	intentional-preserve-command-code-token	Command, placeholder, code, path, format, endpoint, or protocol token should remain stable.
7137	49903	terminal-command	app/src/terminal/view/init_project/mod.rs	target-and-source-present	.clinerules	.clinerules	intentional-preserve-command-code-token	Command, placeholder, code, path, format, endpoint, or protocol token should remain stable.
7138	49910	terminal-command	app/src/terminal/view/init_project/mod.rs	target-and-source-present	.windsurfrules	.windsurfrules	intentional-preserve-command-code-token	Command, placeholder, code, path, format, endpoint, or protocol token should remain stable.
7139	49917	terminal-command	app/src/terminal/view/init_project/mod.rs	target-and-source-present	InitStepBlock	InitStepBlock	intentional-preserve-telemetry-feature-id	CamelCase action, telemetry, feature, or enum identifier should not be localized.
7141	49931	terminal-command	app/src/terminal/view/inline_banner/shared_sessions.rs	target-and-source-present	%l:%M%P	%l:%M%P	intentional-preserve-command-code-token	Command, placeholder, code, path, format, endpoint, or protocol token should remain stable.
7152	50011	terminal-command	app/src/terminal/view/link_detection.rs	target-and-source-present	HighlightedLink	HighlightedLink	intentional-preserve-telemetry-feature-id	CamelCase action, telemetry, feature, or enum identifier should not be localized.
7153	50019	terminal-command	app/src/terminal/view/link_detection.rs	target-and-source-present	Url	Url	intentional-preserve-command-code-token	Command, placeholder, code, path, format, endpoint, or protocol token should remain stable.
7154	50026	terminal-command	app/src/terminal/view/link_detection.rs	target-and-source-present	File	File	intentional-preserve-command-code-token	Command, placeholder, code, path, format, endpoint, or protocol token should remain stable.
7155	50033	terminal-command	app/src/terminal/view/link_detection.rs	target-and-source-present	HighlightedLink is not within the alt screen	HighlightedLink is not within the alt screen	intentional-preserve-command-code-token	Command, placeholder, code, path, format, endpoint, or protocol token should remain stable.
7156	50040	terminal-command	app/src/terminal/view/link_detection.rs	target-and-source-present	HighlightedLink is not within the block list	HighlightedLink is not within the block list	intentional-preserve-command-code-token	Command, placeholder, code, path, format, endpoint, or protocol token should remain stable.
7157	50047	terminal-command	app/src/terminal/view/link_detection.rs	target-and-source-present	Compute file paths	Compute file paths	intentional-preserve-command-code-token	Command, placeholder, code, path, format, endpoint, or protocol token should remain stable.
7160	50068	terminal-command	app/src/terminal/view/shell_terminated_banner.rs	target-and-source-present	ShellTerminatedBanner	ShellTerminatedBanner	intentional-preserve-telemetry-feature-id	CamelCase action, telemetry, feature, or enum identifier should not be localized.
7164	50096	terminal-command	app/src/terminal/view/shell_terminated_banner.rs	target-and-source-present	{pty_spawn_error:#}	{pty_spawn_error:#}	intentional-preserve-command-code-token	Command, placeholder, code, path, format, endpoint, or protocol token should remain stable.
7167	50118	terminal-command	app/src/terminal/view/use_agent_footer/mod.rs	target-and-source-present	Failed to decode base64 image data for {}	Failed to decode base64 image data for {}	intentional-preserve-command-code-token	Command, placeholder, code, path, format, endpoint, or protocol token should remain stable.
7175	50174	terminal-command	app/src/terminal/view/use_agent_footer/mod.rs	target-and-source-present	UseAgentToolbar	UseAgentToolbar	intentional-preserve-telemetry-feature-id	CamelCase action, telemetry, feature, or enum identifier should not be localized.
7185	50245	terminal-command	app/src/terminal/bootstrap.rs	target-and-source-present	u{FEFF}	u{FEFF}	intentional-preserve-command-code-token	Command, placeholder, code, path, format, endpoint, or protocol token should remain stable.
7186	50252	terminal-command	app/src/terminal/bootstrap.rs	target-and-source-present	bash.sh	bash.sh	intentional-preserve-command-code-token	Command, placeholder, code, path, format, endpoint, or protocol token should remain stable.
7187	50259	terminal-command	app/src/terminal/bootstrap.rs	target-and-source-present	zsh.sh	zsh.sh	intentional-preserve-command-code-token	Command, placeholder, code, path, format, endpoint, or protocol token should remain stable.
7188	50266	terminal-command	app/src/terminal/bootstrap.rs	target-and-source-present	fish.sh	fish.sh	intentional-preserve-command-code-token	Command, placeholder, code, path, format, endpoint, or protocol token should remain stable.
7189	50273	terminal-command	app/src/terminal/bootstrap.rs	target-and-source-present	pwsh.ps1	pwsh.ps1	intentional-preserve-command-code-token	Command, placeholder, code, path, format, endpoint, or protocol token should remain stable.
7190	50280	terminal-command	app/src/terminal/bootstrap.rs	target-and-source-present	#include 	#include 	intentional-preserve-command-code-token	Command, placeholder, code, path, format, endpoint, or protocol token should remain stable.
7191	50287	terminal-command	app/src/terminal/bootstrap.rs	target-and-source-present	@@USING_CON_PTY_BOOLEAN@@	@@USING_CON_PTY_BOOLEAN@@	intentional-preserve-command-code-token	Command, placeholder, code, path, format, endpoint, or protocol token should remain stable.
7192	50294	terminal-command	app/src/terminal/bootstrap.rs	target-and-source-present	[Diagnostics.CodeAnalysis.SuppressMessageAttribute	[Diagnostics.CodeAnalysis.SuppressMessageAttribute	intentional-preserve-command-code-token	Command, placeholder, code, path, format, endpoint, or protocol token should remain stable.
7193	50301	terminal-command	app/src/terminal/bootstrap.rs	target-and-source-present	 [ -z $WARP_BOOTSTRAPPED ] && eval '{subshell_script}'	 [ -z $WARP_BOOTSTRAPPED ] && eval '{subshell_script}'	intentional-preserve-command-code-token	Command, placeholder, code, path, format, endpoint, or protocol token should remain stable.
7194	50308	terminal-command	app/src/terminal/bootstrap.rs	target-and-source-present	export WARP_HONOR_PS1={}; {}	export WARP_HONOR_PS1={}; {}	intentional-preserve-command-code-token	Command, placeholder, code, path, format, endpoint, or protocol token should remain stable.
7195	50315	terminal-command	app/src/terminal/bootstrap.rs	target-and-source-present	{env_setup_script} {shell_init_script}	{env_setup_script} {shell_init_script}	intentional-preserve-command-code-token	Command, placeholder, code, path, format, endpoint, or protocol token should remain stable.
7196	50322	terminal-command	app/src/terminal/bootstrap.rs	target-and-source-present	InitSubshell	InitSubshell	intentional-preserve-telemetry-feature-id	CamelCase action, telemetry, feature, or enum identifier should not be localized.
7197	50329	terminal-command	app/src/terminal/local_tty/windows/environment.rs	target-and-source-present	WarpTerminal	WarpTerminal	intentional-preserve-telemetry-feature-id	CamelCase action, telemetry, feature, or enum identifier should not be localized.
7198	50336	terminal-command	app/src/terminal/local_tty/windows/environment.rs	missing-in-current-source	System\CurrentControlSet\Control\Session Manager\Environment	System\CurrentControlSet\Control\Session Manager\Environment	needs-owner-review-source-state	Current-source string did not match audit source exactly; treat as escaped/newline or source drift queue before editing.
7199	50343	terminal-command	app/src/terminal/local_tty/windows/environment.rs	target-and-source-present	Unable to convert value for key {name:?}	Unable to convert value for key {name:?}	intentional-preserve-command-code-token	Command, placeholder, code, path, format, endpoint, or protocol token should remain stable.
7200	50351	terminal-command	app/src/terminal/local_tty/windows/environment.rs	target-and-source-present	Unable to convert value for key {name:?}: {:?}	Unable to convert value for key {name:?}: {:?}	intentional-preserve-command-code-token	Command, placeholder, code, path, format, endpoint, or protocol token should remain stable.
7201	50359	terminal-command	app/src/terminal/local_tty/windows/environment.rs	target-and-source-present	Environment	Environment	intentional-preserve-command-code-token	Command, placeholder, code, path, format, endpoint, or protocol token should remain stable.
7202	50366	terminal-command	app/src/terminal/local_tty/windows/environment.rs	target-and-source-present	Unsupported registry type {:?} for env var {key:?}	Unsupported registry type {:?} for env var {key:?}	intentional-preserve-command-code-token	Command, placeholder, code, path, format, endpoint, or protocol token should remain stable.
7203	50373	terminal-command	app/src/terminal/local_tty/windows/environment.rs	target-and-source-present	Environment variable {:?} was invalid. Not adding to shell process environment block	Environment variable {:?} was invalid. Not adding to shell process environment block	intentional-preserve-command-code-token	Command, placeholder, code, path, format, endpoint, or protocol token should remain stable.
7204	50380	terminal-command	app/src/terminal/model/session/command_executor/in_band_command_executor.rs	target-and-source-present	InBandCommandExecutor {{}}	InBandCommandExecutor {{}}	intentional-preserve-command-code-token	Command, placeholder, code, path, format, endpoint, or protocol token should remain stable.
7205	50387	terminal-command	app/src/terminal/model/session/command_executor/in_band_command_executor.rs	target-and-source-present	Error occurred when sending generator command output: {error}	Error occurred when sending generator command output: {error}	intentional-preserve-command-code-token	Command, placeholder, code, path, format, endpoint, or protocol token should remain stable.
7206	50394	terminal-command	app/src/terminal/model/session/command_executor/in_band_command_executor.rs	target-and-source-present	Running in-band command {id}	Running in-band command {id}	intentional-preserve-command-code-token	Command, placeholder, code, path, format, endpoint, or protocol token should remain stable.
7207	50401	terminal-command	app/src/terminal/model/session/command_executor/in_band_command_executor.rs	target-and-source-present	Running in-band command {id}: {command}	Running in-band command {id}: {command}	intentional-preserve-command-code-token	Command, placeholder, code, path, format, endpoint, or protocol token should remain stable.
7208	50408	terminal-command	app/src/terminal/model/session/command_executor/in_band_command_executor.rs	target-and-source-present	Warp-Run-GeneratorCommand {id} '{escaped_command}' -ErrorAction Ignore	Warp-Run-GeneratorCommand {id} '{escaped_command}' -ErrorAction Ignore	intentional-preserve-command-code-token	Command, placeholder, code, path, format, endpoint, or protocol token should remain stable.
7209	50415	terminal-command	app/src/terminal/model/session/command_executor/in_band_command_executor.rs	target-and-source-present	 warp_run_generator_command {id} '{escaped_command}'	 warp_run_generator_command {id} '{escaped_command}'	intentional-preserve-command-code-token	Command, placeholder, code, path, format, endpoint, or protocol token should remain stable.
7210	50422	terminal-command	app/src/terminal/model/session/command_executor/in_band_command_executor.rs	target-and-source-present	warp_run_generator_command {id} '{escaped_command}'	warp_run_generator_command {id} '{escaped_command}'	intentional-preserve-command-code-token	Command, placeholder, code, path, format, endpoint, or protocol token should remain stable.
7211	50429	terminal-command	app/src/terminal/model/session/command_executor/in_band_command_executor.rs	target-and-source-present	Warp-Run-GeneratorCommand 	Warp-Run-GeneratorCommand 	intentional-preserve-command-code-token	Command, placeholder, code, path, format, endpoint, or protocol token should remain stable.
7212	50436	terminal-command	app/src/terminal/model/session/command_executor/local_command_executor.rs	target-and-source-present	cmd.exe	cmd.exe	intentional-preserve-command-code-token	Command, placeholder, code, path, format, endpoint, or protocol token should remain stable.
7213	50443	terminal-command	app/src/terminal/model/session/command_executor/local_command_executor.rs	target-and-source-present	-c	-c	intentional-preserve-command-code-token	Command, placeholder, code, path, format, endpoint, or protocol token should remain stable.
7214	50450	terminal-command	app/src/terminal/model/session/command_executor/local_command_executor.rs	target-and-source-present	-f	-f	intentional-preserve-command-code-token	Command, placeholder, code, path, format, endpoint, or protocol token should remain stable.
7215	50457	terminal-command	app/src/terminal/model/session/command_executor/local_command_executor.rs	target-and-source-present	--norc	--norc	intentional-preserve-command-code-token	Command, placeholder, code, path, format, endpoint, or protocol token should remain stable.
7216	50464	terminal-command	app/src/terminal/model/session/command_executor/local_command_executor.rs	target-and-source-present	--no-config	--no-config	intentional-preserve-command-code-token	Command, placeholder, code, path, format, endpoint, or protocol token should remain stable.
7217	50471	terminal-command	app/src/terminal/model/session/command_executor/local_command_executor.rs	target-and-source-present	-NoProfile	-NoProfile	intentional-preserve-command-code-token	Command, placeholder, code, path, format, endpoint, or protocol token should remain stable.
7218	50478	terminal-command	app/src/terminal/model/session/command_executor/local_command_executor.rs	target-and-source-present	-l	-l	intentional-preserve-command-code-token	Command, placeholder, code, path, format, endpoint, or protocol token should remain stable.
7219	50485	terminal-command	app/src/terminal/model/session/command_executor/local_command_executor.rs	target-and-source-present	-Login	-Login	intentional-preserve-command-code-token	Command, placeholder, code, path, format, endpoint, or protocol token should remain stable.
7220	50492	terminal-command	app/src/terminal/model/session/command_executor/local_command_executor.rs	target-and-source-present	error executing local command	error executing local command	intentional-preserve-command-code-token	Command, placeholder, code, path, format, endpoint, or protocol token should remain stable.
7221	50499	terminal-command	app/src/terminal/model/session/command_executor/local_command_executor.rs	target-and-source-present	error executing command {:?} with error {:?}	error executing command {:?} with error {:?}	intentional-preserve-command-code-token	Command, placeholder, code, path, format, endpoint, or protocol token should remain stable.
7222	50506	terminal-command	app/src/terminal/model/session/command_executor/msys2_command_executor.rs	target-and-source-present	--norc	--norc	intentional-preserve-command-code-token	Command, placeholder, code, path, format, endpoint, or protocol token should remain stable.
7223	50513	terminal-command	app/src/terminal/model/session/command_executor/msys2_command_executor.rs	target-and-source-present	-NoProfile	-NoProfile	intentional-preserve-command-code-token	Command, placeholder, code, path, format, endpoint, or protocol token should remain stable.
7224	50520	terminal-command	app/src/terminal/model/session/command_executor/msys2_command_executor.rs	target-and-source-present	-c	-c	intentional-preserve-command-code-token	Command, placeholder, code, path, format, endpoint, or protocol token should remain stable.
7225	50528	terminal-command	app/src/terminal/model/session/command_executor/msys2_command_executor.rs	target-and-source-present	error executing local command	error executing local command	intentional-preserve-command-code-token	Command, placeholder, code, path, format, endpoint, or protocol token should remain stable.
7226	50536	terminal-command	app/src/terminal/model/session/command_executor/msys2_command_executor.rs	target-and-source-present	error executing command {:?} with error {:?}	error executing command {:?} with error {:?}	intentional-preserve-command-code-token	Command, placeholder, code, path, format, endpoint, or protocol token should remain stable.
7227	50544	terminal-command	app/src/terminal/model/session/command_executor/msys2_command_executor.rs	target-and-source-present	MSYS2CommandExecutor tried to execute on a shell that isn't supported: {shell_type:?}	MSYS2CommandExecutor tried to execute on a shell that isn't supported: {shell_type:?}	intentional-preserve-command-code-token	Command, placeholder, code, path, format, endpoint, or protocol token should remain stable.
7228	50551	terminal-command	app/src/terminal/model/session/command_executor/remote_command_executor.rs	target-and-source-present	cd '{current_directory_path}' && 	cd '{current_directory_path}' && 	intentional-preserve-command-code-token	Command, placeholder, code, path, format, endpoint, or protocol token should remain stable.
7229	50558	terminal-command	app/src/terminal/model/session/command_executor/remote_command_executor.rs	target-and-source-present	-q	-q	intentional-preserve-command-code-token	Command, placeholder, code, path, format, endpoint, or protocol token should remain stable.
7230	50565	terminal-command	app/src/terminal/model/session/command_executor/remote_command_executor.rs	target-and-source-present	-o	-o	intentional-preserve-command-code-token	Command, placeholder, code, path, format, endpoint, or protocol token should remain stable.
7231	50573	terminal-command	app/src/terminal/model/session/command_executor/remote_command_executor.rs	target-and-source-present	PasswordAuthentication=no	PasswordAuthentication=no	intentional-preserve-command-code-token	Command, placeholder, code, path, format, endpoint, or protocol token should remain stable.
7232	50580	terminal-command	app/src/terminal/model/session/command_executor/remote_command_executor.rs	target-and-source-present	ForwardX11=no	ForwardX11=no	intentional-preserve-command-code-token	Command, placeholder, code, path, format, endpoint, or protocol token should remain stable.
7233	50587	terminal-command	app/src/terminal/model/session/command_executor/remote_command_executor.rs	target-and-source-present	ControlPath={}	ControlPath={}	intentional-preserve-command-code-token	Command, placeholder, code, path, format, endpoint, or protocol token should remain stable.
7234	50594	terminal-command	app/src/terminal/model/session/command_executor/remote_command_executor.rs	target-and-source-present	placeholder@placeholder	placeholder@placeholder	intentional-preserve-command-code-token	Command, placeholder, code, path, format, endpoint, or protocol token should remain stable.
7235	50601	terminal-command	app/src/terminal/model/session/command_executor/remote_command_executor.rs	target-and-source-present	-d	-d	intentional-preserve-command-code-token	Command, placeholder, code, path, format, endpoint, or protocol token should remain stable.
7236	50608	terminal-command	app/src/terminal/model/session/command_executor/remote_command_executor.rs	target-and-source-present	-e	-e	intentional-preserve-command-code-token	Command, placeholder, code, path, format, endpoint, or protocol token should remain stable.
7237	50615	terminal-command	app/src/terminal/model/session/command_executor/remote_server_executor.rs	target-and-source-present	RemoteServerCommandExecutor	RemoteServerCommandExecutor	intentional-preserve-telemetry-feature-id	CamelCase action, telemetry, feature, or enum identifier should not be localized.
7238	50622	terminal-command	app/src/terminal/model/session/command_executor/remote_server_executor.rs	target-and-source-present	Remote command skipped: client is disconnected (session={:?})	Remote command skipped: client is disconnected (session={:?})	intentional-preserve-command-code-token	Command, placeholder, code, path, format, endpoint, or protocol token should remain stable.
7239	50629	terminal-command	app/src/terminal/model/session/command_executor/remote_server_executor.rs	target-and-source-present	Remote command SESSION_NOT_FOUND — SessionBootstrapped notification likely lost	Remote command SESSION_NOT_FOUND — SessionBootstrapped notification likely lost	intentional-preserve-command-code-token	Command, placeholder, code, path, format, endpoint, or protocol token should remain stable.
7240	50636	terminal-command	app/src/terminal/model/session/command_executor/remote_server_executor.rs	target-and-source-present	Remote command SESSION_NOT_FOUND (session={:?}): {} — the SessionBootstrapped notification was likely lost	Remote command SESSION_NOT_FOUND (session={:?}): {} — the SessionBootstrapped notification was likely lost	intentional-preserve-command-code-token	Command, placeholder, code, path, format, endpoint, or protocol token should remain stable.
7241	50643	terminal-command	app/src/terminal/model/session/command_executor/remote_server_executor.rs	target-and-source-present	Remote command error (session={:?}, code={:?}): {}	Remote command error (session={:?}, code={:?}): {}	intentional-preserve-command-code-token	Command, placeholder, code, path, format, endpoint, or protocol token should remain stable.
7242	50650	terminal-command	app/src/terminal/model/session/command_executor/remote_server_executor.rs	target-and-source-present	Remote command returned empty response — proto-level bug	Remote command returned empty response — proto-level bug	intentional-preserve-command-code-token	Command, placeholder, code, path, format, endpoint, or protocol token should remain stable.
7243	50657	terminal-command	app/src/terminal/model/session/command_executor/remote_server_executor.rs	target-and-source-present	Remote command returned empty response (session={:?}) — proto-level bug	Remote command returned empty response (session={:?}) — proto-level bug	intentional-preserve-command-code-token	Command, placeholder, code, path, format, endpoint, or protocol token should remain stable.
7244	50664	terminal-command	app/src/terminal/model/session/command_executor/remote_server_executor.rs	target-and-source-present	Remote command returned empty response (session={:?})	Remote command returned empty response (session={:?})	intentional-preserve-command-code-token	Command, placeholder, code, path, format, endpoint, or protocol token should remain stable.
7245	50671	terminal-command	app/src/terminal/model/session/command_executor/wsl_command_executor.rs	target-and-source-present	-f	-f	intentional-preserve-command-code-token	Command, placeholder, code, path, format, endpoint, or protocol token should remain stable.
7246	50678	terminal-command	app/src/terminal/model/session/command_executor/wsl_command_executor.rs	target-and-source-present	--norc	--norc	intentional-preserve-command-code-token	Command, placeholder, code, path, format, endpoint, or protocol token should remain stable.
7247	50685	terminal-command	app/src/terminal/model/session/command_executor/wsl_command_executor.rs	target-and-source-present	--no-config	--no-config	intentional-preserve-command-code-token	Command, placeholder, code, path, format, endpoint, or protocol token should remain stable.
7248	50692	terminal-command	app/src/terminal/model/session/command_executor/wsl_command_executor.rs	target-and-source-present	-NoProfile	-NoProfile	intentional-preserve-command-code-token	Command, placeholder, code, path, format, endpoint, or protocol token should remain stable.
7249	50699	terminal-command	app/src/terminal/model/session/command_executor/wsl_command_executor.rs	target-and-source-present	--distribution	--distribution	intentional-preserve-command-code-token	Command, placeholder, code, path, format, endpoint, or protocol token should remain stable.
7250	50706	terminal-command	app/src/terminal/model/session/command_executor/wsl_command_executor.rs	target-and-source-present	--cd	--cd	intentional-preserve-command-code-token	Command, placeholder, code, path, format, endpoint, or protocol token should remain stable.
7251	50713	terminal-command	app/src/terminal/model/session/command_executor/wsl_command_executor.rs	target-and-source-present	{env_vars_str}; {command}	{env_vars_str}; {command}	intentional-preserve-command-code-token	Command, placeholder, code, path, format, endpoint, or protocol token should remain stable.
7252	50720	terminal-command	app/src/terminal/model/session/command_executor/wsl_command_executor.rs	target-and-source-present	--exec	--exec	intentional-preserve-command-code-token	Command, placeholder, code, path, format, endpoint, or protocol token should remain stable.
7253	50727	terminal-command	app/src/terminal/model/session/command_executor/wsl_command_executor.rs	target-and-source-present	-c	-c	intentional-preserve-command-code-token	Command, placeholder, code, path, format, endpoint, or protocol token should remain stable.
7254	50734	terminal-command	app/src/terminal/model/session/command_executor/wsl_command_executor.rs	target-and-source-present	error executing local command	error executing local command	intentional-preserve-command-code-token	Command, placeholder, code, path, format, endpoint, or protocol token should remain stable.
7255	50741	terminal-command	app/src/terminal/model/session/command_executor/wsl_command_executor.rs	target-and-source-present	error executing command {:?} with error {:?}	error executing command {:?} with error {:?}	intentional-preserve-command-code-token	Command, placeholder, code, path, format, endpoint, or protocol token should remain stable.
7256	50748	terminal-command	app/src/terminal/shared_session/viewer/terminal_manager.rs	target-and-source-present	attach_execution_session called while already connecting to shared session	attach_execution_session called while already connecting to shared session	intentional-preserve-command-code-token	Command, placeholder, code, path, format, endpoint, or protocol token should remain stable.
7258	50762	terminal-command	app/src/terminal/shared_session/viewer/terminal_manager.rs	missing-in-current-source	[viewer] UniversalDeveloperInputContextUpdated: applying LRC interaction_state={interaction_state:?}	[viewer] UniversalDeveloperInputContextUpdated: applying LRC interaction_state={interaction_state:?}	needs-owner-review-source-state	Current-source string did not match audit source exactly; treat as escaped/newline or source drift queue before editing.
7263	50798	terminal-command	app/src/terminal/shared_session/viewer/terminal_manager.rs	target-and-source-present	Failed to deserialize prompt snapshot from shared session server: {e}	Failed to deserialize prompt snapshot from shared session server: {e}	intentional-preserve-command-code-token	Command, placeholder, code, path, format, endpoint, or protocol token should remain stable.
7269	50840	ai-agent	app/src/ai/agent_management/details_action_buttons.rs	target-and-source-present	ConversationActionButtonsRow	ConversationActionButtonsRow	intentional-preserve-telemetry-feature-id	CamelCase action, telemetry, feature, or enum identifier should not be localized.
7270	50847	ai-agent	app/src/ai/agent_sdk/driver/cloud_provider/aws.rs	target-and-source-present	sts.amazonaws.com	sts.amazonaws.com	intentional-preserve-command-code-token	Command, placeholder, code, path, format, endpoint, or protocol token should remain stable.
7271	50854	ai-agent	app/src/ai/agent_sdk/driver/cloud_provider/aws.rs	target-and-source-present	oz_aws_oidc_{run_id}_	oz_aws_oidc_{run_id}_	intentional-preserve-command-code-token	Command, placeholder, code, path, format, endpoint, or protocol token should remain stable.
7272	50861	ai-agent	app/src/ai/agent_sdk/driver/cloud_provider/aws.rs	target-and-source-present	.token	.token	intentional-preserve-command-code-token	Command, placeholder, code, path, format, endpoint, or protocol token should remain stable.
7273	50868	ai-agent	app/src/ai/agent_sdk/driver/cloud_provider/aws.rs	target-and-source-present	Setting up AWS cloud provider credentials	Setting up AWS cloud provider credentials	intentional-preserve-command-code-token	Command, placeholder, code, path, format, endpoint, or protocol token should remain stable.
7274	50875	ai-agent	app/src/ai/agent_sdk/driver/cloud_provider/aws.rs	target-and-source-present	Setting up AWS cloud provider: role_arn={}, session={}	Setting up AWS cloud provider: role_arn={}, session={}	intentional-preserve-command-code-token	Command, placeholder, code, path, format, endpoint, or protocol token should remain stable.
7275	50882	ai-agent	app/src/ai/agent_sdk/driver/cloud_provider/aws.rs	target-and-source-present	AWS cloud provider setup complete	AWS cloud provider setup complete	intentional-preserve-command-code-token	Command, placeholder, code, path, format, endpoint, or protocol token should remain stable.
7276	50889	ai-agent	app/src/ai/agent_sdk/driver/cloud_provider/aws.rs	target-and-source-present	AWS cloud provider setup complete: token_file={}	AWS cloud provider setup complete: token_file={}	intentional-preserve-command-code-token	Command, placeholder, code, path, format, endpoint, or protocol token should remain stable.
7277	50896	ai-agent	app/src/ai/agent_sdk/driver/harness/mod.rs	target-and-source-present	{err:#}	{err:#}	intentional-preserve-command-code-token	Command, placeholder, code, path, format, endpoint, or protocol token should remain stable.
7278	50903	ai-agent	app/src/ai/agent_sdk/driver/harness/mod.rs	target-and-source-present	status 404	status 404	intentional-preserve-short-token-or-label	Short product label, token, or non-sentence text preserved.
7279	50910	ai-agent	app/src/ai/agent_sdk/driver/harness/mod.rs	target-and-source-present	Failed to deserialize {harness_label} transcript for {conversation_id}: {err:#}	Failed to deserialize {harness_label} transcript for {conversation_id}: {err:#}	intentional-preserve-command-code-token	Command, placeholder, code, path, format, endpoint, or protocol token should remain stable.
7289	50980	ai-agent	app/src/ai/agent_sdk/driver/terminal.rs	missing-in-current-source	Session sharing requested but the CreatingSharedSessions feature flag is not enabled. This is likely due to a team administrator disabling session sharing.	Session sharing requested but the CreatingSharedSessions feature flag is not enabled. This is likely due to a team administrator disabling session sharing.	needs-owner-review-source-state	Current-source string did not match audit source exactly; treat as escaped/newline or source drift queue before editing.
7290	50987	ai-agent	app/src/ai/agent_sdk/driver/terminal.rs	target-and-source-present	cd {escaped_target}	cd {escaped_target}	intentional-preserve-command-code-token	Command, placeholder, code, path, format, endpoint, or protocol token should remain stable.
7292	51001	ai-agent	app/src/ai/ambient_agents/scheduled.rs	target-and-source-present	Scheduled ambient agent	Scheduled ambient agent	intentional-preserve-short-token-or-label	Short product label, token, or non-sentence text preserved.
7302	51071	ai-agent	app/src/ai/aws_credentials.rs	target-and-source-present	sts.amazonaws.com	sts.amazonaws.com	intentional-preserve-command-code-token	Command, placeholder, code, path, format, endpoint, or protocol token should remain stable.
7303	51078	ai-agent	app/src/ai/aws_credentials.rs	target-and-source-present	Oz_Run_{run_id}	Oz_Run_{run_id}	intentional-preserve-command-code-token	Command, placeholder, code, path, format, endpoint, or protocol token should remain stable.
7307	51108	ai-agent	app/src/ai/blocklist/action_model/execute/get_files.rs	target-and-source-present	Failed to send get_relevant_files request for directory: {:?}	Failed to send get_relevant_files request for directory: {:?}	intentional-preserve-command-code-token	Command, placeholder, code, path, format, endpoint, or protocol token should remain stable.
7311	51136	ai-agent	app/src/ai/blocklist/action_model/execute/get_files.rs	target-and-source-present	Tried to execute a GetFiles action without a corresponding status	Tried to execute a GetFiles action without a corresponding status	needs-owner-review-internal-log-or-error	English diagnostic/error string may be internal or runtime-visible; needs owner visibility decision.
7317	51178	ai-agent	app/src/ai/blocklist/inline_action/web_fetch.rs	target-and-source-present	{title} ({url})	{title} ({url})	intentional-preserve-command-code-token	Command, placeholder, code, path, format, endpoint, or protocol token should remain stable.
7318	51185	ai-agent	app/src/ai/blocklist/inline_action/web_fetch.rs	target-and-source-present	✗ {display_text}	✗ {display_text}	intentional-preserve-command-code-token	Command, placeholder, code, path, format, endpoint, or protocol token should remain stable.
7325	51234	ai-agent	app/src/ai/blocklist/inline_action/web_search.rs	target-and-source-present	{title} ({url})	{title} ({url})	intentional-preserve-command-code-token	Command, placeholder, code, path, format, endpoint, or protocol token should remain stable.
7338	51325	ai-agent	app/src/ai/execution_profiles/profiles.rs	target-and-source-present	Default profile is synced but no sync_id found in profile_id_to_sync_id map.	Default profile is synced but no sync_id found in profile_id_to_sync_id map.	intentional-preserve-command-code-token	Command, placeholder, code, path, format, endpoint, or protocol token should remain stable.
7339	51332	ai-agent	app/src/ai/execution_profiles/profiles.rs	target-and-source-present	Creating a cloud object for the default execution profile: {profile_id:?}	Creating a cloud object for the default execution profile: {profile_id:?}	intentional-preserve-command-code-token	Command, placeholder, code, path, format, endpoint, or protocol token should remain stable.
7340	51339	ai-agent	app/src/ai/execution_profiles/profiles.rs	target-and-source-present	Updated local unsynced default execution profile (no personal drive yet): {profile_id:?}	Updated local unsynced default execution profile (no personal drive yet): {profile_id:?}	intentional-preserve-command-code-token	Command, placeholder, code, path, format, endpoint, or protocol token should remain stable.
7341	51346	ai-agent	app/src/ai/execution_profiles/profiles.rs	missing-in-current-source	Reconciled default execution profile with cloud after initial load: profile_id={id:?}, sync_id={sync_id:?}	Reconciled default execution profile with cloud after initial load: profile_id={id:?}, sync_id={sync_id:?}	needs-owner-review-source-state	Current-source string did not match audit source exactly; treat as escaped/newline or source drift queue before editing.
7342	51353	ai-agent	app/src/ai/execution_profiles/profiles.rs	target-and-source-present	Registered existing cloud execution profile after initial load: {sync_id:?}	Registered existing cloud execution profile after initial load: {sync_id:?}	intentional-preserve-command-code-token	Command, placeholder, code, path, format, endpoint, or protocol token should remain stable.
7343	51360	ai-agent	app/src/ai/execution_profiles/profiles.rs	target-and-source-present	Received default execution profile from cloud. Marking profile as synced: {sync_id:?}	Received default execution profile from cloud. Marking profile as synced: {sync_id:?}	intentional-preserve-command-code-token	Command, placeholder, code, path, format, endpoint, or protocol token should remain stable.
7352	51423	ai-agent	app/src/ai/mcp/parsing.rs	target-and-source-present	{{{json}}}	{{{json}}}	intentional-preserve-command-code-token	Command, placeholder, code, path, format, endpoint, or protocol token should remain stable.
7353	51431	ai-agent	app/src/ai/mcp/parsing.rs	target-and-source-present	${{{var_name}}}	${{{var_name}}}	intentional-preserve-command-code-token	Command, placeholder, code, path, format, endpoint, or protocol token should remain stable.
7354	51439	ai-agent	app/src/ai/mcp/parsing.rs	target-and-source-present	Authorization	Authorization	intentional-preserve-short-token-or-label	Short product label, token, or non-sentence text preserved.
7355	51446	ai-agent	app/src/ai/mcp/parsing.rs	target-and-source-present	Bearer ${{{var_name}}}	Bearer ${{{var_name}}}	intentional-preserve-command-code-token	Command, placeholder, code, path, format, endpoint, or protocol token should remain stable.
7356	51453	ai-agent	app/src/ai/mcp/parsing.rs	target-and-source-present	{{{{{key}}}}}	{{{{{key}}}}}	intentional-preserve-command-code-token	Command, placeholder, code, path, format, endpoint, or protocol token should remain stable.
7357	51460	ai-agent	app/src/ai/outline/native.rs	target-and-source-present	Parsing symbols for repo outline.	Parsing symbols for repo outline.	intentional-preserve-short-token-or-label	Short product label, token, or non-sentence text preserved.
7358	51467	ai-agent	app/src/ai/outline/native.rs	target-and-source-present	Parsing symbols for repo at {}	Parsing symbols for repo at {}	intentional-preserve-command-code-token	Command, placeholder, code, path, format, endpoint, or protocol token should remain stable.
7359	51474	ai-agent	app/src/ai/outline/native.rs	target-and-source-present	Successfully constructed symbols outline for repo.	Successfully constructed symbols outline for repo.	intentional-preserve-short-token-or-label	Short product label, token, or non-sentence text preserved.
7360	51481	ai-agent	app/src/ai/outline/native.rs	target-and-source-present	Successfully constructed symbols outline for repo: {}	Successfully constructed symbols outline for repo: {}	intentional-preserve-command-code-token	Command, placeholder, code, path, format, endpoint, or protocol token should remain stable.
7361	51488	ai-agent	app/src/ai/outline/native.rs	target-and-source-present	Failed to construct symbols outline for repo: {:?}	Failed to construct symbols outline for repo: {:?}	intentional-preserve-command-code-token	Command, placeholder, code, path, format, endpoint, or protocol token should remain stable.
7362	51495	ai-agent	app/src/ai/outline/native.rs	target-and-source-present	Failed to construct symbols outline for repo at {}: {:?}	Failed to construct symbols outline for repo at {}: {:?}	intentional-preserve-command-code-token	Command, placeholder, code, path, format, endpoint, or protocol token should remain stable.
7363	51502	ai-agent	app/src/ai/outline/native.rs	target-and-source-present	Failed to start watching repository for outline updates at {}: {err}	Failed to start watching repository for outline updates at {}: {err}	intentional-preserve-command-code-token	Command, placeholder, code, path, format, endpoint, or protocol token should remain stable.
7364	51509	ai-agent	app/src/ai/outline/native.rs	target-and-source-present	Expected status to be Complete(outline)	Expected status to be Complete(outline)	intentional-preserve-short-token-or-label	Short product label, token, or non-sentence text preserved.
7365	51516	ai-agent	app/src/ai/skills/skill_manager.rs	target-and-source-present	Could not extract parent directory for skill: {:?}	Could not extract parent directory for skill: {:?}	intentional-preserve-command-code-token	Command, placeholder, code, path, format, endpoint, or protocol token should remain stable.
7366	51523	ai-agent	app/src/ai/skills/skill_manager.rs	target-and-source-present	SKILL.md	SKILL.md	intentional-preserve-command-code-token	Command, placeholder, code, path, format, endpoint, or protocol token should remain stable.
7367	51530	ai-agent	app/src/ai/skills/skill_manager.rs	target-and-source-present	Failed to parse bundled skill at {}	Failed to parse bundled skill at {}	intentional-preserve-command-code-token	Command, placeholder, code, path, format, endpoint, or protocol token should remain stable.
7368	51537	ai-agent	app/src/ai/skills/skill_manager.rs	target-and-source-present	Could not resolve bundled skill ID, skipping skill	Could not resolve bundled skill ID, skipping skill	needs-owner-review-internal-log-or-error	English diagnostic/error string may be internal or runtime-visible; needs owner visibility decision.
7369	51544	ai-agent	app/src/ai/skills/skill_manager.rs	target-and-source-present	Could not resolve bundled skill ID from {}, skipping skill	Could not resolve bundled skill ID from {}, skipping skill	intentional-preserve-command-code-token	Command, placeholder, code, path, format, endpoint, or protocol token should remain stable.
7370	51551	ai-agent	app/src/ai/skills/skill_manager.rs	target-and-source-present	settings_schema.json	settings_schema.json	intentional-preserve-command-code-token	Command, placeholder, code, path, format, endpoint, or protocol token should remain stable.
7371	51559	ai-agent	app/src/ai/skills/skill_manager.rs	target-and-source-present	pr-comments	pr-comments	intentional-preserve-short-token-or-label	Short product label, token, or non-sentence text preserved.
7372	51566	ai-agent	app/src/ai/skills/skill_manager.rs	target-and-source-present	modify-settings	modify-settings	intentional-preserve-short-token-or-label	Short product label, token, or non-sentence text preserved.
7378	51608	terminal-command	app/src/terminal/block_filter.rs	target-and-source-present	filter_button_for_block_{block}	filter_button_for_block_{block}	intentional-preserve-command-code-token	Command, placeholder, code, path, format, endpoint, or protocol token should remain stable.
7379	51615	terminal-command	app/src/terminal/block_filter.rs	target-and-source-present	BlockFilterEditor	BlockFilterEditor	intentional-preserve-telemetry-feature-id	CamelCase action, telemetry, feature, or enum identifier should not be localized.
7385	51658	terminal-command	app/src/terminal/block_list_element.rs	target-and-source-present	context_menu_button_{block_index}	context_menu_button_{block_index}	intentional-preserve-command-code-token	Command, placeholder, code, path, format, endpoint, or protocol token should remain stable.
7386	51665	terminal-command	app/src/terminal/block_list_element.rs	target-and-source-present	Snackbar header should be exist if the mouse is within snackbar bounds	Snackbar header should be exist if the mouse is within snackbar bounds	intentional-preserve-command-code-token	Command, placeholder, code, path, format, endpoint, or protocol token should remain stable.
7390	51693	terminal-command	app/src/terminal/block_list_element.rs	target-and-source-present	%a %b %-d at %-I:%M %p	%a %b %-d at %-I:%M %p	intentional-preserve-command-code-token	Command, placeholder, code, path, format, endpoint, or protocol token should remain stable.
7394	51721	terminal-command	app/src/terminal/find/model/async_find.rs	target-and-source-present	Matches should be in ascending order after update_dirty_matches	Matches should be in ascending order after update_dirty_matches	intentional-preserve-command-code-token	Command, placeholder, code, path, format, endpoint, or protocol token should remain stable.
7395	51728	terminal-command	app/src/terminal/find/model/async_find.rs	target-and-source-present	[async_find] AI block scan took {}ms for view_id={:?}	[async_find] AI block scan took {}ms for view_id={:?}	intentional-preserve-command-code-token	Command, placeholder, code, path, format, endpoint, or protocol token should remain stable.
7396	51735	terminal-command	app/src/terminal/find/model/async_find.rs	target-and-source-present	[async_find] invalidate_block: enqueuing work for block {:?}, dirty={:?}	[async_find] invalidate_block: enqueuing work for block {:?}, dirty={:?}	intentional-preserve-command-code-token	Command, placeholder, code, path, format, endpoint, or protocol token should remain stable.
7424	51939	terminal-command	app/src/terminal/keys_settings.rs	missing-in-current-source	"The keybinding used for the global activation hotkey. Format: modifiers (cmd, ctrl, alt, shift, meta) and a key joined by '-', e.g. ""cmd-shift-a"" or ""alt-enter"". Bindings are case-sensitive: when shift is present, the key must be its shifted form (e.g., ""ctrl-shift-E"", not ""ctrl-shift-e"")."	"The keybinding used for the global activation hotkey. Format: modifiers (cmd, ctrl, alt, shift, meta) and a key joined by '-', e.g. ""cmd-shift-a"" or ""alt-enter"". Bindings are case-sensitive: when shift is present, the key must be its shifted form (e.g., ""ctrl-shift-E"", not ""ctrl-shift-e"")."	needs-owner-review-source-state	Current-source string did not match audit source exactly; treat as escaped/newline or source drift queue before editing.
7427	51963	terminal-command	app/src/terminal/model/block.rs	target-and-source-present	Block	Block	intentional-preserve-command-code-token	Command, placeholder, code, path, format, endpoint, or protocol token should remain stable.
7428	51970	terminal-command	app/src/terminal/model/block.rs	target-and-source-present	set_restored_block_was_local should only be called for restored blocks	set_restored_block_was_local should only be called for restored blocks	intentional-preserve-command-code-token	Command, placeholder, code, path, format, endpoint, or protocol token should remain stable.
7429	51977	terminal-command	app/src/terminal/model/block.rs	target-and-source-present	 ({}h {}m {:.0}s)	 ({}h {}m {:.0}s)	intentional-preserve-command-code-token	Command, placeholder, code, path, format, endpoint, or protocol token should remain stable.
7430	51984	terminal-command	app/src/terminal/model/block.rs	target-and-source-present	 ({}h {:.0}s)	 ({}h {:.0}s)	intentional-preserve-command-code-token	Command, placeholder, code, path, format, endpoint, or protocol token should remain stable.
7431	51991	terminal-command	app/src/terminal/model/block.rs	target-and-source-present	 ({}m {:.2}s)	 ({}m {:.2}s)	intentional-preserve-command-code-token	Command, placeholder, code, path, format, endpoint, or protocol token should remain stable.
7432	51998	terminal-command	app/src/terminal/model/block.rs	target-and-source-present	 ({}s)	 ({}s)	intentional-preserve-command-code-token	Command, placeholder, code, path, format, endpoint, or protocol token should remain stable.
7433	52005	terminal-command	app/src/terminal/model/block.rs	target-and-source-present	Attempt to calculate offset for section not within block.	Attempt to calculate offset for section not within block.	intentional-preserve-command-code-token	Command, placeholder, code, path, format, endpoint, or protocol token should remain stable.
7450	52126	terminal-command	app/src/terminal/view.rs	target-and-source-present	LongRunningRequestedCommand	LongRunningRequestedCommand	intentional-preserve-telemetry-feature-id	CamelCase action, telemetry, feature, or enum identifier should not be localized.
7451	52133	terminal-command	app/src/terminal/view.rs	target-and-source-present	LongRunningRequestedUserTookOverCommand	LongRunningRequestedUserTookOverCommand	intentional-preserve-telemetry-feature-id	CamelCase action, telemetry, feature, or enum identifier should not be localized.
7452	52140	terminal-command	app/src/terminal/view.rs	target-and-source-present	CopyBlockCommands	CopyBlockCommands	intentional-preserve-telemetry-feature-id	CamelCase action, telemetry, feature, or enum identifier should not be localized.
7453	52147	terminal-command	app/src/terminal/view.rs	target-and-source-present	CopyAgentCommand	CopyAgentCommand	intentional-preserve-telemetry-feature-id	CamelCase action, telemetry, feature, or enum identifier should not be localized.
7454	52154	terminal-command	app/src/terminal/view.rs	target-and-source-present	CommandSearch	CommandSearch	intentional-preserve-telemetry-feature-id	CamelCase action, telemetry, feature, or enum identifier should not be localized.
7455	52161	terminal-command	app/src/terminal/view.rs	target-and-source-present	AICommandSearch	AICommandSearch	intentional-preserve-telemetry-feature-id	CamelCase action, telemetry, feature, or enum identifier should not be localized.
7457	52175	terminal-command	app/src/terminal/view.rs	target-and-source-present	Error sending UpdateFinishedCommand event: {err:?}	Error sending UpdateFinishedCommand event: {err:?}	intentional-preserve-command-code-token	Command, placeholder, code, path, format, endpoint, or protocol token should remain stable.
7458	52182	terminal-command	app/src/terminal/view.rs	target-and-source-present	LongRunningCommand	LongRunningCommand	intentional-preserve-telemetry-feature-id	CamelCase action, telemetry, feature, or enum identifier should not be localized.
7459	52189	terminal-command	app/src/terminal/cli_agent_sessions/listener/mod.rs	target-and-source-present	Agent turn complete	Agent turn complete	intentional-preserve-command-code-token	Command, placeholder, code, path, format, endpoint, or protocol token should remain stable.
7460	52198	terminal-command	app/src/terminal/cli_agent_sessions/listener/mod.rs	target-and-source-present	I've updated the README with the new instructions.	I've updated the README with the new instructions.	intentional-preserve-command-code-token	Command, placeholder, code, path, format, endpoint, or protocol token should remain stable.
7461	52206	terminal-command	app/src/terminal/cli_agent_sessions/listener/mod.rs	target-and-source-present	Approval requested: rm -rf /tmp/foo	Approval requested: rm -rf /tmp/foo	intentional-preserve-command-code-token	Command, placeholder, code, path, format, endpoint, or protocol token should remain stable.
7462	52214	terminal-command	app/src/terminal/cli_agent_sessions/listener/mod.rs	target-and-source-present	some-title	some-title	intentional-preserve-command-code-token	Command, placeholder, code, path, format, endpoint, or protocol token should remain stable.
7463	52221	terminal-command	app/src/terminal/cli_agent_sessions/plugin_manager/mod.rs	target-and-source-present	{cli_name} {}	{cli_name} {}	intentional-preserve-command-code-token	Command, placeholder, code, path, format, endpoint, or protocol token should remain stable.
7464	52228	terminal-command	app/src/terminal/cli_agent_sessions/plugin_manager/mod.rs	missing-in-current-source	$ {display_cmd}n	$ {display_cmd}n	needs-owner-review-source-state	Current-source string did not match audit source exactly; treat as escaped/newline or source drift queue before editing.
7474	52302	terminal-command	app/src/terminal/ssh/warpify.rs	target-and-source-present	SshWarpifyBlock	SshWarpifyBlock	intentional-preserve-telemetry-feature-id	CamelCase action, telemetry, feature, or enum identifier should not be localized.
7475	52309	terminal-command	app/src/terminal/ssh/warpify.rs	target-and-source-present	InitSsh	InitSsh	intentional-preserve-telemetry-feature-id	CamelCase action, telemetry, feature, or enum identifier should not be localized.
7476	52316	terminal-command	app/src/terminal/ssh/warpify.rs	target-and-source-present	Darwin	Darwin	intentional-preserve-command-code-token	Command, placeholder, code, path, format, endpoint, or protocol token should remain stable.
7478	52332	terminal-command	app/src/terminal/view/agent_view.rs	target-and-source-present	Failed to enter agent view for new conversation from origin {:?}: {:?}	Failed to enter agent view for new conversation from origin {:?}: {:?}	intentional-preserve-command-code-token	Command, placeholder, code, path, format, endpoint, or protocol token should remain stable.
7479	52339	terminal-command	app/src/terminal/view/agent_view.rs	target-and-source-present	Failed to enter agent view for restored CLI agent from origin {:?}: {:?}	Failed to enter agent view for restored CLI agent from origin {:?}: {:?}	intentional-preserve-command-code-token	Command, placeholder, code, path, format, endpoint, or protocol token should remain stable.
7480	52346	terminal-command	app/src/terminal/view/agent_view.rs	target-and-source-present	Failed to enter agent view for existing conversation ({:?}) from origin {:?}: {:?}	Failed to enter agent view for existing conversation ({:?}) from origin {:?}: {:?}	intentional-preserve-command-code-token	Command, placeholder, code, path, format, endpoint, or protocol token should remain stable.
7481	52353	terminal-command	app/src/terminal/view/agent_view.rs	target-and-source-present	Failed to enter agent view for restored in-memory conversation ({:?}) from origin {:?}: {:?}	Failed to enter agent view for restored in-memory conversation ({:?}) from origin {:?}: {:?}	intentional-preserve-command-code-token	Command, placeholder, code, path, format, endpoint, or protocol token should remain stable.
7482	52360	terminal-command	app/src/terminal/view/agent_view.rs	target-and-source-present	Failed to load conversation with id: {conversation_id}	Failed to load conversation with id: {conversation_id}	intentional-preserve-command-code-token	Command, placeholder, code, path, format, endpoint, or protocol token should remain stable.
7491	52428	terminal-command	app/src/terminal/view/ambient_agent/block/entry.rs	target-and-source-present	AmbientAgentEntryBlock	AmbientAgentEntryBlock	intentional-preserve-telemetry-feature-id	CamelCase action, telemetry, feature, or enum identifier should not be localized.
7502	52510	terminal-command	app/src/terminal/view/ambient_agent/model.rs	target-and-source-present	Environment {id:?} no longer exists after initial load, clearing selection	Environment {id:?} no longer exists after initial load, clearing selection	intentional-preserve-command-code-token	Command, placeholder, code, path, format, endpoint, or protocol token should remain stable.
7503	52517	terminal-command	app/src/terminal/view/ambient_agent/model.rs	target-and-source-present	harness_command_started is only meaningful for non-oz runs	harness_command_started is only meaningful for non-oz runs	intentional-preserve-command-code-token	Command, placeholder, code, path, format, endpoint, or protocol token should remain stable.
7504	52525	terminal-command	app/src/terminal/view/ambient_agent/model.rs	target-and-source-present	Received task_id after cancellation, sending server cancellation for task {}	Received task_id after cancellation, sending server cancellation for task {}	intentional-preserve-command-code-token	Command, placeholder, code, path, format, endpoint, or protocol token should remain stable.
7505	52532	terminal-command	app/src/terminal/view/ambient_agent/model.rs	target-and-source-present	Failed to cancel ambient agent task {}: {:?}	Failed to cancel ambient agent task {}: {:?}	intentional-preserve-command-code-token	Command, placeholder, code, path, format, endpoint, or protocol token should remain stable.
7507	52547	terminal-command	app/src/terminal/view/ambient_agent/model.rs	target-and-source-present	submit_handoff called with unsettled snapshot_upload: {:?}	submit_handoff called with unsettled snapshot_upload: {:?}	intentional-preserve-command-code-token	Command, placeholder, code, path, format, endpoint, or protocol token should remain stable.
7509	52562	terminal-command	app/src/terminal/view/docker_sandbox/mod.rs	target-and-source-present	view dropped	view dropped	intentional-preserve-command-code-token	Command, placeholder, code, path, format, endpoint, or protocol token should remain stable.
7511	52577	terminal-command	app/src/terminal/view/docker_sandbox/mod.rs	target-and-source-present	SVhg783GBFQHk1OfdPfFU9	SVhg783GBFQHk1OfdPfFU9	intentional-preserve-telemetry-feature-id	CamelCase action, telemetry, feature, or enum identifier should not be localized.
7519	52635	terminal-command	app/src/terminal/view/inline_banner/open_in_warp.rs	target-and-source-present	open_in_warp_banner_button_{view_id}	open_in_warp_banner_button_{view_id}	intentional-preserve-command-code-token	Command, placeholder, code, path, format, endpoint, or protocol token should remain stable.
7542	52805	terminal-command	app/src/terminal/view/zero_state_block.rs	target-and-source-present	TerminalViewZeroStateBlock	TerminalViewZeroStateBlock	intentional-preserve-telemetry-feature-id	CamelCase action, telemetry, feature, or enum identifier should not be localized.
7550	52864	ai-agent	app/src/ai/blocklist/action_model/execute/edit_documents.rs	target-and-source-present	Document {} does not exist.	Document {} does not exist.	intentional-preserve-command-code-token	Command, placeholder, code, path, format, endpoint, or protocol token should remain stable.
7551	52871	ai-agent	app/src/ai/blocklist/action_model/execute/edit_documents.rs	target-and-source-present	document_{}	document_{}	intentional-preserve-command-code-token	Command, placeholder, code, path, format, endpoint, or protocol token should remain stable.
7552	52878	ai-agent	app/src/ai/blocklist/action_model/execute/edit_documents.rs	target-and-source-present	Could not apply diff to document {}: content mismatch	Could not apply diff to document {}: content mismatch	intentional-preserve-command-code-token	Command, placeholder, code, path, format, endpoint, or protocol token should remain stable.
7553	52885	ai-agent	app/src/ai/blocklist/action_model/execute/edit_documents.rs	target-and-source-present	Changes to document {} were already made	Changes to document {} were already made	intentional-preserve-command-code-token	Command, placeholder, code, path, format, endpoint, or protocol token should remain stable.
7554	52892	ai-agent	app/src/ai/blocklist/action_model/execute/edit_documents.rs	target-and-source-present	Failed to apply diff to document {}	Failed to apply diff to document {}	intentional-preserve-command-code-token	Command, placeholder, code, path, format, endpoint, or protocol token should remain stable.
7555	52899	ai-agent	app/src/ai/blocklist/action_model/execute/edit_documents.rs	target-and-source-present	Unknown diff failure for document {}	Unknown diff failure for document {}	intentional-preserve-command-code-token	Command, placeholder, code, path, format, endpoint, or protocol token should remain stable.
7556	52906	ai-agent	app/src/ai/blocklist/action_model/execute/file_glob.rs	target-and-source-present	'{pattern}'	'{pattern}'	intentional-preserve-command-code-token	Command, placeholder, code, path, format, endpoint, or protocol token should remain stable.
7557	52914	ai-agent	app/src/ai/blocklist/action_model/execute/file_glob.rs	target-and-source-present	git ls-files -c -o --exclude-standard -- {pattern_args}	git ls-files -c -o --exclude-standard -- {pattern_args}	intentional-preserve-command-code-token	Command, placeholder, code, path, format, endpoint, or protocol token should remain stable.
7558	52921	ai-agent	app/src/ai/blocklist/action_model/execute/file_glob.rs	target-and-source-present	 -name '{pattern}'	 -name '{pattern}'	intentional-preserve-command-code-token	Command, placeholder, code, path, format, endpoint, or protocol token should remain stable.
7559	52928	ai-agent	app/src/ai/blocklist/action_model/execute/file_glob.rs	target-and-source-present	 -o	 -o	intentional-preserve-command-code-token	Command, placeholder, code, path, format, endpoint, or protocol token should remain stable.
7560	52935	ai-agent	app/src/ai/blocklist/action_model/execute/file_glob.rs	missing-in-current-source	"find ""{target_path}"" -type f {pattern_args}"	"find ""{target_path}"" -type f {pattern_args}"	needs-owner-review-source-state	Current-source string did not match audit source exactly; treat as escaped/newline or source drift queue before editing.
7561	52942	ai-agent	app/src/ai/blocklist/action_model/execute/file_glob.rs	missing-in-current-source	"Get-ChildItem -File -Recurse -Include {pattern_args} -Path ""{target_path}"" | ForEach-Object {{ $_.FullName }}"	"Get-ChildItem -File -Recurse -Include {pattern_args} -Path ""{target_path}"" | ForEach-Object {{ $_.FullName }}"	needs-owner-review-source-state	Current-source string did not match audit source exactly; treat as escaped/newline or source drift queue before editing.
7562	52949	ai-agent	app/src/ai/blocklist/action_model/execute/read_files.rs	missing-in-current-source	The file read/edit tool is not available on this remote session. Try using a different tool.	The file read/edit tool is not available on this remote session. Try using a different tool.	needs-owner-review-source-state	Current-source string did not match audit source exactly; treat as escaped/newline or source drift queue before editing.
7563	52956	ai-agent	app/src/ai/blocklist/action_model/execute/read_files.rs	target-and-source-present	unknown error	unknown error	intentional-preserve-short-token-or-label	Short product label, token, or non-sentence text preserved.
7564	52963	ai-agent	app/src/ai/blocklist/action_model/execute/read_files.rs	target-and-source-present	{}: {reason}	{}: {reason}	intentional-preserve-command-code-token	Command, placeholder, code, path, format, endpoint, or protocol token should remain stable.
7565	52970	ai-agent	app/src/ai/blocklist/action_model/execute/read_files.rs	target-and-source-present	Failed to read files: {failed}	Failed to read files: {failed}	intentional-preserve-command-code-token	Command, placeholder, code, path, format, endpoint, or protocol token should remain stable.
7566	52977	ai-agent	app/src/ai/blocklist/action_model/execute/read_files.rs	target-and-source-present	These files do not exist: {missing_files}	These files do not exist: {missing_files}	intentional-preserve-command-code-token	Command, placeholder, code, path, format, endpoint, or protocol token should remain stable.
7567	52984	ai-agent	app/src/ai/blocklist/action_model/execute/request_file_edits/apply_diff_model.rs	missing-in-current-source	File exceeds the {MAX_DIFF_READ_BYTES}-byte limit for remote diff application and was truncated. The diff cannot be applied safely.	File exceeds the {MAX_DIFF_READ_BYTES}-byte limit for remote diff application and was truncated. The diff cannot be applied safely.	needs-owner-review-source-state	Current-source string did not match audit source exactly; treat as escaped/newline or source drift queue before editing.
7568	52991	ai-agent	app/src/ai/blocklist/action_model/execute/request_file_edits/apply_diff_model.rs	target-and-source-present	File is binary	File is binary	intentional-preserve-short-token-or-label	Short product label, token, or non-sentence text preserved.
7569	52998	ai-agent	app/src/ai/blocklist/action_model/execute/request_file_edits/apply_diff_model.rs	target-and-source-present	Unknown error	Unknown error	intentional-preserve-short-token-or-label	Short product label, token, or non-sentence text preserved.
7570	53005	ai-agent	app/src/ai/blocklist/action_model/execute/request_file_edits/apply_diff_model.rs	target-and-source-present	not found	not found	intentional-preserve-short-token-or-label	Short product label, token, or non-sentence text preserved.
7571	53012	ai-agent	app/src/ai/blocklist/action_model/execute/request_file_edits/apply_diff_model.rs	target-and-source-present	Not found	Not found	intentional-preserve-short-token-or-label	Short product label, token, or non-sentence text preserved.
7572	53019	ai-agent	app/src/ai/blocklist/action_model/execute/send_message.rs	target-and-source-present	Timed out sending orchestration message{}	Timed out sending orchestration message{}	intentional-preserve-command-code-token	Command, placeholder, code, path, format, endpoint, or protocol token should remain stable.
7573	53026	ai-agent	app/src/ai/blocklist/action_model/execute/send_message.rs	target-and-source-present	 for task {task_id}	 for task {task_id}	intentional-preserve-command-code-token	Command, placeholder, code, path, format, endpoint, or protocol token should remain stable.
7574	53033	ai-agent	app/src/ai/blocklist/action_model/execute/send_message.rs	target-and-source-present	Sending orchestration message: conversation_id={conversation_id:?} resolution={task_resolution:?} sender_run_id={log_sender_run_id:?} task_id={log_task_id:?} target_agent_ids={log_addresses:?} subject={log_subject:?} body_len={log_body_len}	Sending orchestration message: conversation_id={conversation_id:?} resolution={task_resolution:?} sender_run_id={log_sender_run_id:?} task_id={log_task_id:?} target_agent_ids={log_addresses:?} subject={log_subject:?} body_len={log_body_len}	intentional-preserve-command-code-token	Command, placeholder, code, path, format, endpoint, or protocol token should remain stable.
7575	53040	ai-agent	app/src/ai/blocklist/action_model/execute/send_message.rs	target-and-source-present	Sent orchestration message: conversation_id={conversation_id:?} resolution={task_resolution:?} sender_run_id={log_sender_run_id:?} task_id={log_task_id:?} target_agent_ids={log_addresses:?} subject={log_subject:?} body_len={log_body_len} message_id={message_id:?}	Sent orchestration message: conversation_id={conversation_id:?} resolution={task_resolution:?} sender_run_id={log_sender_run_id:?} task_id={log_task_id:?} target_agent_ids={log_addresses:?} subject={log_subject:?} body_len={log_body_len} message_id={message_id:?}	intentional-preserve-command-code-token	Command, placeholder, code, path, format, endpoint, or protocol token should remain stable.
7576	53047	ai-agent	app/src/ai/blocklist/action_model/execute/send_message.rs	target-and-source-present	Failed to send child-agent message via server API: conversation_id={conversation_id:?} resolution={task_resolution:?} sender_run_id={log_sender_run_id:?} task_id={log_task_id:?} target_agent_ids={log_addresses:?} subject={log_subject:?} body_len={log_body_len} error={err:#}	Failed to send child-agent message via server API: conversation_id={conversation_id:?} resolution={task_resolution:?} sender_run_id={log_sender_run_id:?} task_id={log_task_id:?} target_agent_ids={log_addresses:?} subject={log_subject:?} body_len={log_body_len} error={err:#}	intentional-preserve-command-code-token	Command, placeholder, code, path, format, endpoint, or protocol token should remain stable.
7577	53054	ai-agent	app/src/ai/blocklist/action_model/execute/shell_command.rs	target-and-source-present	Failed to notify block completion for running requested command: {e:?}	Failed to notify block completion for running requested command: {e:?}	intentional-preserve-command-code-token	Command, placeholder, code, path, format, endpoint, or protocol token should remain stable.
7578	53061	ai-agent	app/src/ai/blocklist/action_model/execute/shell_command.rs	target-and-source-present	Command denied during autonomous execution, reason: {reason:?}	Command denied during autonomous execution, reason: {reason:?}	intentional-preserve-command-code-token	Command, placeholder, code, path, format, endpoint, or protocol token should remain stable.
7579	53068	ai-agent	app/src/ai/blocklist/action_model/execute/shell_command.rs	target-and-source-present	({command}) | command cat	({command}) | command cat	intentional-preserve-command-code-token	Command, placeholder, code, path, format, endpoint, or protocol token should remain stable.
7580	53075	ai-agent	app/src/ai/blocklist/action_model/execute/shell_command.rs	target-and-source-present	begin; {command} ;end | command cat	begin; {command} ;end | command cat	intentional-preserve-command-code-token	Command, placeholder, code, path, format, endpoint, or protocol token should remain stable.
7581	53082	ai-agent	app/src/ai/blocklist/action_model/execute/shell_command.rs	missing-in-current-source	({command}) | \Out-Host	({command}) | \Out-Host	needs-owner-review-source-state	Current-source string did not match audit source exactly; treat as escaped/newline or source drift queue before editing.
7582	53089	ai-agent	app/src/ai/blocklist/action_model/execute.rs	missing-in-current-source	Canceling running async action of type {action_kind:?} action_id={action_id:?}, reason={reason:?}, backtrace=n{}	Canceling running async action of type {action_kind:?} action_id={action_id:?}, reason={reason:?}, backtrace=n{}	needs-owner-review-source-state	Current-source string did not match audit source exactly; treat as escaped/newline or source drift queue before editing.
7583	53096	ai-agent	app/src/ai/blocklist/action_model/execute.rs	target-and-source-present	Can't read files when not on a local filesystem	Can't read files when not on a local filesystem	intentional-preserve-short-token-or-label	Short product label, token, or non-sentence text preserved.
7584	53103	ai-agent	app/src/ai/blocklist/action_model/execute.rs	missing-in-current-source	"if (Test-Path -PathType Leaf ""{path}"") {{ exit 0 }} else {{ exit 1 }}"	"if (Test-Path -PathType Leaf ""{path}"") {{ exit 0 }} else {{ exit 1 }}"	needs-owner-review-source-state	Current-source string did not match audit source exactly; treat as escaped/newline or source drift queue before editing.
7585	53110	ai-agent	app/src/ai/blocklist/action_model/execute.rs	missing-in-current-source	"test -f ""{path}"""	"test -f ""{path}"""	needs-owner-review-source-state	Current-source string did not match audit source exactly; treat as escaped/newline or source drift queue before editing.
7586	53117	ai-agent	app/src/ai/blocklist/action_model/execute.rs	missing-in-current-source	"git -C ""{absolute_path}"" rev-parse"	"git -C ""{absolute_path}"" rev-parse"	needs-owner-review-source-state	Current-source string did not match audit source exactly; treat as escaped/newline or source drift queue before editing.
7587	53124	ai-agent	app/src/ai/blocklist/block/number_shortcut_buttons.rs	target-and-source-present	NumberSelectEnabled	NumberSelectEnabled	intentional-preserve-telemetry-feature-id	CamelCase action, telemetry, feature, or enum identifier should not be localized.
7588	53131	ai-agent	app/src/ai/blocklist/block/number_shortcut_buttons.rs	target-and-source-present	KeyboardNavigationEnabled	KeyboardNavigationEnabled	intentional-preserve-telemetry-feature-id	CamelCase action, telemetry, feature, or enum identifier should not be localized.
7589	53138	ai-agent	app/src/ai/blocklist/block/number_shortcut_buttons.rs	target-and-source-present	EnterActivationEnabled	EnterActivationEnabled	intentional-preserve-telemetry-feature-id	CamelCase action, telemetry, feature, or enum identifier should not be localized.
7590	53145	ai-agent	app/src/ai/blocklist/block/number_shortcut_buttons.rs	target-and-source-present	number_shortcut_buttons_{}_{}	number_shortcut_buttons_{}_{}	intentional-preserve-command-code-token	Command, placeholder, code, path, format, endpoint, or protocol token should remain stable.
7591	53152	ai-agent	app/src/ai/blocklist/block/number_shortcut_buttons.rs	target-and-source-present	NumberShortcutButtons	NumberShortcutButtons	intentional-preserve-telemetry-feature-id	CamelCase action, telemetry, feature, or enum identifier should not be localized.
7595	53182	ai-agent	app/src/ai/blocklist/block/view_impl.rs	target-and-source-present	Autonomy	Autonomy	intentional-preserve-short-token-or-label	Short product label, token, or non-sentence text preserved.
7596	53190	ai-agent	app/src/ai/blocklist/block/view_impl.rs	target-and-source-present	AIBlock	AIBlock	intentional-preserve-telemetry-feature-id	CamelCase action, telemetry, feature, or enum identifier should not be localized.
7604	53247	ai-agent	app/src/ai/blocklist/inline_action/malformed_line_heuristics.rs	target-and-source-present	terminal_update_delta_with_shift: terminal delta not found in sorted update deltas	terminal_update_delta_with_shift: terminal delta not found in sorted update deltas	intentional-preserve-command-code-token	Command, placeholder, code, path, format, endpoint, or protocol token should remain stable.
7605	53254	ai-agent	app/src/ai/blocklist/inline_action/malformed_line_heuristics.rs	target-and-source-present	pub fn 	pub fn 	intentional-preserve-short-token-or-label	Short product label, token, or non-sentence text preserved.
7606	53261	ai-agent	app/src/ai/blocklist/inline_action/malformed_line_heuristics.rs	target-and-source-present	pub(crate) fn 	pub(crate) fn 	intentional-preserve-short-token-or-label	Short product label, token, or non-sentence text preserved.
7607	53268	ai-agent	app/src/ai/blocklist/inline_action/malformed_line_heuristics.rs	target-and-source-present	pub(super) fn 	pub(super) fn 	intentional-preserve-short-token-or-label	Short product label, token, or non-sentence text preserved.
7608	53275	ai-agent	app/src/ai/blocklist/inline_action/malformed_line_heuristics.rs	target-and-source-present	pub async fn 	pub async fn 	intentional-preserve-short-token-or-label	Short product label, token, or non-sentence text preserved.
7609	53282	ai-agent	app/src/ai/blocklist/inline_action/malformed_line_heuristics.rs	target-and-source-present	async fn 	async fn 	intentional-preserve-short-token-or-label	Short product label, token, or non-sentence text preserved.
7610	53289	ai-agent	app/src/ai/blocklist/inline_action/malformed_line_heuristics.rs	target-and-source-present	async def 	async def 	intentional-preserve-short-token-or-label	Short product label, token, or non-sentence text preserved.
7612	53303	ai-agent	app/src/ai/agent_conversations_model.rs	target-and-source-present	Fetching {} missing conversation metadata entries for ambient agent tasks	Fetching {} missing conversation metadata entries for ambient agent tasks	intentional-preserve-command-code-token	Command, placeholder, code, path, format, endpoint, or protocol token should remain stable.
7613	53310	ai-agent	app/src/ai/agent_conversations_model.rs	target-and-source-present	Fetched {} additional conversation metadata entries	Fetched {} additional conversation metadata entries	intentional-preserve-command-code-token	Command, placeholder, code, path, format, endpoint, or protocol token should remain stable.
7614	53317	ai-agent	app/src/ai/agent_conversations_model.rs	target-and-source-present	Fetched {} cloud conversation metadata entries total	Fetched {} cloud conversation metadata entries total	intentional-preserve-command-code-token	Command, placeholder, code, path, format, endpoint, or protocol token should remain stable.
7615	53324	ai-agent	app/src/ai/agent_conversations_model.rs	target-and-source-present	{name} ({id})	{name} ({id})	intentional-preserve-command-code-token	Command, placeholder, code, path, format, endpoint, or protocol token should remain stable.
7616	53331	ai-agent	app/src/ai/agent_events/driver.rs	target-and-source-present	Ignoring agent event cursor persistence failure at sequence {since_sequence}: {err:#}	Ignoring agent event cursor persistence failure at sequence {since_sequence}: {err:#}	intentional-preserve-command-code-token	Command, placeholder, code, path, format, endpoint, or protocol token should remain stable.
7617	53338	ai-agent	app/src/ai/agent_events/driver.rs	target-and-source-present	Agent event stream closed for {:?}, reconnecting in {backoff:?}	Agent event stream closed for {:?}, reconnecting in {backoff:?}	intentional-preserve-command-code-token	Command, placeholder, code, path, format, endpoint, or protocol token should remain stable.
7618	53345	ai-agent	app/src/ai/agent_events/driver.rs	target-and-source-present	Agent event stream failed {failures} consecutive times for {:?}, retrying in {backoff:?}: {err:#}	Agent event stream failed {failures} consecutive times for {:?}, retrying in {backoff:?}: {err:#}	intentional-preserve-command-code-token	Command, placeholder, code, path, format, endpoint, or protocol token should remain stable.
7619	53352	ai-agent	app/src/ai/agent_events/driver.rs	target-and-source-present	Agent event stream failed for {:?}, retrying in {backoff:?}: {err:#}	Agent event stream failed for {:?}, retrying in {backoff:?}: {err:#}	intentional-preserve-command-code-token	Command, placeholder, code, path, format, endpoint, or protocol token should remain stable.
7620	53359	ai-agent	app/src/ai/agent_management/cloud_setup_guide_view.rs	target-and-source-present	oz environment create [OPTIONS] --name <NAME> --docker-image <DOCKER_IMAGE>	oz environment create [OPTIONS] --name <NAME> --docker-image <DOCKER_IMAGE>	intentional-preserve-command-code-token	Command, placeholder, code, path, format, endpoint, or protocol token should remain stable.
7621	53366	ai-agent	app/src/ai/agent_management/cloud_setup_guide_view.rs	target-and-source-present	oz integration create slack --environment {{environment_id}}	oz integration create slack --environment {{environment_id}}	intentional-preserve-command-code-token	Command, placeholder, code, path, format, endpoint, or protocol token should remain stable.
7622	53373	ai-agent	app/src/ai/agent_management/cloud_setup_guide_view.rs	target-and-source-present	oz integration create linear --environment {{environment_id}}	oz integration create linear --environment {{environment_id}}	intentional-preserve-command-code-token	Command, placeholder, code, path, format, endpoint, or protocol token should remain stable.
7623	53380	ai-agent	app/src/ai/agent_management/cloud_setup_guide_view.rs	target-and-source-present	Received unknown code in render_code_block: {}	Received unknown code in render_code_block: {}	intentional-preserve-command-code-token	Command, placeholder, code, path, format, endpoint, or protocol token should remain stable.
7624	53387	ai-agent	app/src/ai/agent_sdk/driver/harness/codex_transcript.rs	target-and-source-present	.codex	.codex	intentional-preserve-short-token-or-label	Short product label, token, or non-sentence text preserved.
7625	53394	ai-agent	app/src/ai/agent_sdk/driver/harness/codex_transcript.rs	target-and-source-present	-{session_id}.jsonl	-{session_id}.jsonl	intentional-preserve-command-code-token	Command, placeholder, code, path, format, endpoint, or protocol token should remain stable.
7626	53401	ai-agent	app/src/ai/agent_sdk/driver/harness/codex_transcript.rs	target-and-source-present	rollout-	rollout-	intentional-preserve-short-token-or-label	Short product label, token, or non-sentence text preserved.
7627	53408	ai-agent	app/src/ai/agent_sdk/driver/harness/codex_transcript.rs	target-and-source-present	%Y-%m-%dT%H-%M-%S	%Y-%m-%dT%H-%M-%S	intentional-preserve-command-code-token	Command, placeholder, code, path, format, endpoint, or protocol token should remain stable.
7628	53415	ai-agent	app/src/ai/agent_sdk/driver/harness/codex_transcript.rs	target-and-source-present	rollout-{date_str}-{session_id}.jsonl	rollout-{date_str}-{session_id}.jsonl	intentional-preserve-command-code-token	Command, placeholder, code, path, format, endpoint, or protocol token should remain stable.
7629	53422	ai-agent	app/src/ai/agent_sdk/mcp_config.rs	target-and-source-present	{{{json}}}	{{{json}}}	intentional-preserve-command-code-token	Command, placeholder, code, path, format, endpoint, or protocol token should remain stable.
7630	53430	ai-agent	app/src/ai/agent_sdk/mcp_config.rs	target-and-source-present	MCP server '{server_name}' must have exactly one of: 'warp_id', 'command', or 'url'	MCP server '{server_name}' must have exactly one of: 'warp_id', 'command', or 'url'	intentional-preserve-command-code-token	Command, placeholder, code, path, format, endpoint, or protocol token should remain stable.
7631	53437	ai-agent	app/src/ai/agent_sdk/mcp_config.rs	target-and-source-present	MCP server '{server_name}' field 'warp_id' must be a UUID	MCP server '{server_name}' field 'warp_id' must be a UUID	intentional-preserve-command-code-token	Command, placeholder, code, path, format, endpoint, or protocol token should remain stable.
7632	53444	ai-agent	app/src/ai/agent_sdk/mcp_config.rs	target-and-source-present	MCP server '{server_name}' field 'args[{idx}]' must be a string	MCP server '{server_name}' field 'args[{idx}]' must be a string	intentional-preserve-command-code-token	Command, placeholder, code, path, format, endpoint, or protocol token should remain stable.
7633	53451	ai-agent	app/src/ai/ai_document_view.rs	target-and-source-present	ai_document_view_{}	ai_document_view_{}	intentional-preserve-command-code-token	Command, placeholder, code, path, format, endpoint, or protocol token should remain stable.
7635	53466	ai-agent	app/src/ai/ai_document_view.rs	target-and-source-present	Untitled.md	Untitled.md	intentional-preserve-short-token-or-label	Short product label, token, or non-sentence text preserved.
7636	53473	ai-agent	app/src/ai/ai_document_view.rs	target-and-source-present	{sanitized_title}.md	{sanitized_title}.md	intentional-preserve-command-code-token	Command, placeholder, code, path, format, endpoint, or protocol token should remain stable.
7637	53480	ai-agent	app/src/ai/ai_document_view.rs	target-and-source-present	Skipping sending updated plan: conversation is not in progress	Skipping sending updated plan: conversation is not in progress	needs-translation-candidate-visible-ui	Likely visible UI copy remains English; translate after GUI/runtime owner confirmation.
7639	53495	ai-agent	app/src/ai/artifacts/mod.rs	target-and-source-present	github.com	github.com	intentional-preserve-short-token-or-label	Short product label, token, or non-sentence text preserved.
7646	53545	ai-agent	app/src/ai/blocklist/code_block.rs	target-and-source-present	{file_path}{line_number}	{file_path}{line_number}	intentional-preserve-command-code-token	Command, placeholder, code, path, format, endpoint, or protocol token should remain stable.
7655	53611	ai-agent	app/src/ai/blocklist/inline_action/host_picker.rs	target-and-source-present	my-worker-host	my-worker-host	intentional-preserve-short-token-or-label	Short product label, token, or non-sentence text preserved.
7656	53618	ai-agent	app/src/ai/blocklist/inline_action/host_picker.rs	target-and-source-present	{slug}  ({badge})	{slug}  ({badge})	intentional-preserve-command-code-token	Command, placeholder, code, path, format, endpoint, or protocol token should remain stable.
7657	53625	ai-agent	app/src/ai/blocklist/inline_action/host_picker.rs	target-and-source-present	HostPicker	HostPicker	intentional-preserve-telemetry-feature-id	CamelCase action, telemetry, feature, or enum identifier should not be localized.
7661	53653	ai-agent	app/src/ai/blocklist/telemetry_banner.rs	target-and-source-present	TelemetryBanner	TelemetryBanner	intentional-preserve-telemetry-feature-id	CamelCase action, telemetry, feature, or enum identifier should not be localized.
7670	53718	ai-agent	app/src/ai/harness_display.rs	target-and-source-present	Warp	Warp	intentional-preserve-product-provider-term	Glossary/product/provider term is intentionally preserved.
7671	53725	ai-agent	app/src/ai/harness_display.rs	target-and-source-present	Claude Code	Claude Code	intentional-preserve-product-provider-term	Glossary/product/provider term is intentionally preserved.
7672	53732	ai-agent	app/src/ai/harness_display.rs	target-and-source-present	OpenCode	OpenCode	intentional-preserve-telemetry-feature-id	CamelCase action, telemetry, feature, or enum identifier should not be localized.
7673	53739	ai-agent	app/src/ai/harness_display.rs	target-and-source-present	Gemini CLI	Gemini CLI	intentional-preserve-command-code-token	Command, placeholder, code, path, format, endpoint, or protocol token should remain stable.
7674	53746	ai-agent	app/src/ai/harness_display.rs	target-and-source-present	Codex	Codex	intentional-preserve-product-provider-term	Glossary/product/provider term is intentionally preserved.
7676	53760	ai-agent	app/src/ai/persisted_workspace.rs	target-and-source-present	non-persisted workspace has Yes/No server state; persist metadata first	non-persisted workspace has Yes/No server state; persist metadata first	intentional-preserve-short-token-or-label	Short product label, token, or non-sentence text preserved.
7677	53767	ai-agent	app/src/ai/persisted_workspace.rs	target-and-source-present	Skipping local codebase incremental sync for non-local agent conversation	Skipping local codebase incremental sync for non-local agent conversation	intentional-preserve-short-token-or-label	Short product label, token, or non-sentence text preserved.
7680	53788	ai-agent	app/src/ai/persisted_workspace.rs	target-and-source-present	Starting {} LSP server for {}	Starting {} LSP server for {}	intentional-preserve-command-code-token	Command, placeholder, code, path, format, endpoint, or protocol token should remain stable.
7681	53795	ai-agent	app/src/ai/persisted_workspace.rs	target-and-source-present	Failed to start LSP server for {workspace_root_display} with error {e}	Failed to start LSP server for {workspace_root_display} with error {e}	intentional-preserve-command-code-token	Command, placeholder, code, path, format, endpoint, or protocol token should remain stable.
7689	53851	terminal-command	app/src/terminal/input/models/view.rs	target-and-source-present	Full Terminal Use	Full Terminal Use	intentional-preserve-command-code-token	Command, placeholder, code, path, format, endpoint, or protocol token should remain stable.
7714	54030	terminal-command	app/src/terminal/view/ambient_agent/harness_selector.rs	target-and-source-present	Agent harness	Agent harness	intentional-preserve-command-code-token	Command, placeholder, code, path, format, endpoint, or protocol token should remain stable.
7718	54062	terminal-command	app/src/terminal/view/ambient_agent/host_selector.rs	target-and-source-present	Warp	Warp	intentional-preserve-command-code-token	Command, placeholder, code, path, format, endpoint, or protocol token should remain stable.
